registered_business_name,facility_name,state,suburb,street_address,postcode,primary_anzsic_class_code,primary_anzsic_class_name,main_activities,abn,acn,facility_website,latest_report_year,latest_report_url
A T BUTLER P/L,Butler Campbellfield,VIC,Campbellfield,61 PAULSON RD,3061,2921,Waste Treatment and Disposal Services,Container reconditioning,46004471523,004471523,,2003/2004,http://www.npi.gov.au/npidata/action/load/individual-facility-detail/criteria/state/VIC/year/2004/jurisdiction-facility/00004236
A.E. ASHCROFT,Ashville,QLD,Buccan,123 Hein Road,4207,0171,Poultry Farming (Meat),Meat Chicken Facility,59662535335,,,2008/2009,http://www.npi.gov.au/npidata/action/load/individual-facility-detail/criteria/state/QLD/year/2009/jurisdiction-facility/Q086ILB019
A.J. BAXTER PROPRIETARY LIMITED,DEALS ROAD LANDFILL,VIC,Clayton South,CNR DEALS RD & HEATHERTON RD,3169,2921,Waste Treatment and Disposal Services,Landfill,62004476519,004476519,http://www.cleanaway.com.au,2023/2024,http://www.npi.gov.au/npidata/action/load/individual-facility-detail/criteria/state/VIC/year/2024/jurisdiction-facility/00022863
A.J. BUSH & SONS (MANUFACTURES) PTY LTD,A J Bush and Sons Riverstone,NSW,Riverstone,1106 Windsor Road,2765,1111,Meat Processing,Rendering of meat/poultry co-products to produce protein meals and fats/tallow,94000058453,000058453,https://bushsproteins.com.au/,2023/2024,http://www.npi.gov.au/npidata/action/load/individual-facility-detail/criteria/state/NSW/year/2024/jurisdiction-facility/836
A.J. BUSH & SONS (YANCO) PTY LTD,A.J. Bush & Sons Yanco,NSW,Yanco,Cudgel Street,2703,1111,Meat Processing,Livestock slaughtering - boning and rendering plant,43000420299,000420299,,2005/2006,http://www.npi.gov.au/npidata/action/load/individual-facility-detail/criteria/state/NSW/year/2006/jurisdiction-facility/853
A2 MILK COMPANY (AUSTRALIA) PTY LTD,The A2 Milk Company (Australia) Pty Ltd,NSW,Smeaton Grange,28-34 Dunn Road,2567,1131,Milk and Cream Processing,Milk and cream processing,52125331213,,http://www.a2milk.com.au,2015/2016,http://www.npi.gov.au/npidata/action/load/individual-facility-detail/criteria/state/NSW/year/2016/jurisdiction-facility/1332
AAM POULTRY RATHDOWNEY PTY LTD,Rathdowney Poultry Farm,QLD,Rathdowney,4408 Boonah Rathdowney Road,4287,0171,Poultry Farming (Meat),Meat Chicken Facility,92671732380,671732380,,2023/2024,http://www.npi.gov.au/npidata/action/load/individual-facility-detail/criteria/state/QLD/year/2024/jurisdiction-facility/Q086ILB026
ABAROO PTY LTD,ABAROO PTY LTD,WA,Hope Valley,65 Ashley Road,6165,0171,Poultry Farming (Meat),Chicken raising for meat production.,70008999255,,,2007/2008,http://www.npi.gov.au/npidata/action/load/individual-facility-detail/criteria/state/WA/year/2008/jurisdiction-facility/WA0655
ABBOTT AUSTRALASIA PTY LTD,Abbott Australasia Pty Ltd,NSW,Kurnell,Captain Cook Drive,2231,1841,Human Pharmaceutical and Medicinal Product Manufacturing,"Pharmaceutical formulation, warehousing and administration",95000180389,000180389,,2001/2002,http://www.npi.gov.au/npidata/action/load/individual-facility-detail/criteria/state/NSW/year/2002/jurisdiction-facility/534
ABM PLASTICS (AUST) P/L,ABM PLASTICS (AUST) P/L,VIC,Braeside,56-67 TARNARD DR,3195,1611,Printing,"Flexible packaging manufacturing, printing and laminating",59005028099,005028099,http://www.abmflexibles.aust.com/,2003/2004,http://www.npi.gov.au/npidata/action/load/individual-facility-detail/criteria/state/VIC/year/2004/jurisdiction-facility/00004205
ACE WASTE PTY LTD,Ace Waste Pty Ltd,QLD,Willawong,491 Gooderham Rd,4110,2921,Waste Treatment and Disposal Services,"Incineration of Medical, Pharmaceutical and Quarantine waste incineration.",79010750839,010750839,http://www.acewaste.com.au,2023/2024,http://www.npi.gov.au/npidata/action/load/individual-facility-detail/criteria/state/QLD/year/2024/jurisdiction-facility/Q015ACE001
ACI OPERATIONS PTY LTD,ACI Glass Packaging Canning Vale,WA,Canning Vale,35 BAILE RD,6155,2010,Glass and Glass Product Manufacturing,"Manufacture of glass by combining and melting raw materials such as sand soda ash and recycled glass, and forming of glass into bottles and jars.",94004230326,004230326,,2003/2004,http://www.npi.gov.au/npidata/action/load/individual-facility-detail/criteria/state/WA/year/2004/jurisdiction-facility/WA0002
ACM PROCESSING PTY LTD,GIRGARRE,VIC,Girgarre,506 CURR RD,3624,1131,Milk and Cream Processing,Dairy processing,34622519322,622519322,,2023/2024,http://www.npi.gov.au/npidata/action/load/individual-facility-detail/criteria/state/VIC/year/2024/jurisdiction-facility/00030736
ACTEW CORPORATION LTD,LOWER MOLONGLO WATER QUALITY CONTROL CENTRE - INCINERATOR,ACT,Holt,STOCKDILL DRIVE,2615,2921,Waste Treatment and Disposal Services,INCINERATION OF SEWAGE SLUDGE,86069881960,,,2002/2003,http://www.npi.gov.au/npidata/action/load/individual-facility-detail/criteria/state/ACT/year/2003/jurisdiction-facility/ACT032
ACTEWAGL,LMWQCC - Incinerator,ACT,Holt,Stockdill Drive,2615,2921,Waste Treatment and Disposal Services,Incineration of sewage sludge,86069381960,,http://www.actewagl.com.au,2000/2001,http://www.npi.gov.au/npidata/action/load/individual-facility-detail/criteria/state/ACT/year/2001/jurisdiction-facility/ACT010
ADANI MINING PTY LTD,Carmichael Coal Mine,QLD,Belyando,Moray Carmichael Road,4721,0600,Coal Mining,Coal mining and processing,27145455205,145455205,https://www.bravus.com.au,2023/2024,http://www.npi.gov.au/npidata/action/load/individual-facility-detail/criteria/state/QLD/year/2024/jurisdiction-facility/Q020BEL001
ADELAIDE BRIGHTON CEMENT LIMITED,Angaston Special Products,SA,Angaston,Stockwell Road,5353,2031,Cement and Lime Manufacturing,Cement and lime manufacturing,96007870199,007870199,http://www.adelaidebrighton.com.au,2023/2024,http://www.npi.gov.au/npidata/action/load/individual-facility-detail/criteria/state/SA/year/2024/jurisdiction-facility/SA0029
ADELAIDE BRIGHTON CEMENT LTD,Geelong Cement,VIC,Fyansford,GEELONG CEMENT HYLAND ST,3221,2031,Cement and Lime Manufacturing,"Cement Manufacturing, including grinding and pyroprocessing of limestone, storage and despatch of portland and blended cements.",96007870199,007870199,http://www.adbri.com.au,2000/2001,http://www.npi.gov.au/npidata/action/load/individual-facility-detail/criteria/state/VIC/year/2001/jurisdiction-facility/00004076
ADELAIDEAQUA PTY LIMITED,Adelaide Desalination Plant,SA,Lonsdale,16 Chrysler Road,5160,2811,Water Supply,Desalination plant.,30135354513,135354513,http://www.adelaideaqua.net.au/,2023/2024,http://www.npi.gov.au/npidata/action/load/individual-facility-detail/criteria/state/SA/year/2024/jurisdiction-facility/SA0632
AGL ENERGY SALES & MARKETING LIMITED,AGL Symex Cogeneration Unit,VIC,Port Melbourne,101 BOUNDARY RD,3207,2611,Fossil Fuel Electricity Generation,Natural Gas Cogeneration Unit,18076092067,076092067,,2012/2013,http://www.npi.gov.au/npidata/action/load/individual-facility-detail/criteria/state/VIC/year/2013/jurisdiction-facility/00022831
AGL GAS PRODUCTION (CAMDEN) PTY LTD,AGL Ray Beddoe Treatment Plant Camden,NSW,Cawdor,Westbrook Road,2570,0700,Oil and Gas Extraction,Dehydration and compression of coal seam methane,,115063744,http://www.agl.com.au,2006/2007,http://www.npi.gov.au/npidata/action/load/individual-facility-detail/criteria/state/NSW/year/2007/jurisdiction-facility/944
AGL GAS STORAGE PTY LTD,Silver Springs Gasfield,QLD,Parknook,5695 Thomby Road,4417,0700,Oil and Gas Extraction,Oil and Gas Production,27009203463,009203463,http://www.agl.com.au,2023/2024,http://www.npi.gov.au/npidata/action/load/individual-facility-detail/criteria/state/QLD/year/2024/jurisdiction-facility/Q012MOI001
AGL LOY YANG PTY LTD,AGL Loy Yang,VIC,Traralgon,BARTONS LA,3844,2611,Fossil Fuel Electricity Generation,Operation of a brown coal open cut mine and 2200 MW power station,62077985758,077985758,http://www.agl.com.au,2023/2024,http://www.npi.gov.au/npidata/action/load/individual-facility-detail/criteria/state/VIC/year/2024/jurisdiction-facility/00004339
AGL MACQUARIE PTY LIMITED,Bayswater Power Station,NSW,Muswellbrook,New England Highway,2333,2611,Fossil Fuel Electricity Generation,Electricity generation,18167859494,167859494,http://www.agl.com.au,2023/2024,http://www.npi.gov.au/npidata/action/load/individual-facility-detail/criteria/state/NSW/year/2024/jurisdiction-facility/37
AGL POWER GENERATION (MID WEST) P/L,Windimurra Power Station,WA,Mount Magnet,VANADIUM MINE VIA,6638,2611,Fossil Fuel Electricity Generation,Power generation,81085449092,085449092,,2002/2003,http://www.npi.gov.au/npidata/action/load/individual-facility-detail/criteria/state/WA/year/2003/jurisdiction-facility/WA0260
AGL POWER GENERATION PTY LIMITED,AGL Somerton Power Station,VIC,Somerton,40 OHERNS RD,3062,2611,Fossil Fuel Electricity Generation,Peaking Power Generation 170MW,45086586192,086586192,http://www.agl.com.au,2023/2024,http://www.npi.gov.au/npidata/action/load/individual-facility-detail/criteria/state/VIC/year/2024/jurisdiction-facility/00021386
AGL SA GENERATION PTY LIMITED,AGL Torrens Island Power Station,SA,Torrens Island,Via The Grand Trunkway,5960,2611,Fossil Fuel Electricity Generation,Electricity Supply - Generation Using Natural Gas & Light Fuel Oil (Diesel),84081074204,081074204,http://www.agl.com.au,2023/2024,http://www.npi.gov.au/npidata/action/load/individual-facility-detail/criteria/state/SA/year/2024/jurisdiction-facility/SA0019
AGRIPOWER AUSTRALIA LTD,AGRIPOWER AUSTRALIA LTD,QLD,Broughton,203 Plum Tree Road,4820,1831,Fertiliser Manufacturing,Diatomaceous Earth Processing,23132823226,132823226,http://www.agripower.com.au,2022/2023,http://www.npi.gov.au/npidata/action/load/individual-facility-detail/criteria/state/QLD/year/2023/jurisdiction-facility/Q027APA001
AIR LIQUIDE AUST LTD,AIR LIQUIDE AUST LTD,VIC,Altona,631 KOROROIT CREEK RD,3018,1811,Industrial Gas Manufacturing,"Manufacture and distribution of industrial gases (Oxygen, Nitrogen, Argon and Carbon Dioxide)",57004385782,004385782,http://www.airliquide.com.au,2006/2007,http://www.npi.gov.au/npidata/action/load/individual-facility-detail/criteria/state/VIC/year/2007/jurisdiction-facility/00007069
AIR LIQUIDE AUSTRALIA PTY LTD,Air Liquide Henderson,WA,Henderson,3 Channel Close,6166,1811,Industrial Gas Manufacturing,Manufacture of acetylene gas. Refilling industrial and medical gas cylinders.,57004385782,,https://industry.airliquide.com.au/,2023/2024,http://www.npi.gov.au/npidata/action/load/individual-facility-detail/criteria/state/WA/year/2024/jurisdiction-facility/WA0522
AIRSTEP AUSTRALIA PTY LTD,AIRSTEP AUSTRALIA PTY LTD,VIC,Dandenong,20 SOUTH GIPPSLAND HWY,3175,1920,Natural Rubber Product Manufacturing,Carpet Underlay Manufacturing & Warehousing,24144967215,144967215,http://www.airstep.com.au,2023/2024,http://www.npi.gov.au/npidata/action/load/individual-facility-detail/criteria/state/VIC/year/2024/jurisdiction-facility/00004082
AIW PRINTING PTY LTD,AIW PRINTING PTY LTD,VIC,Springvale,26-30 PARSONS AV,3171,1611,Printing,"The facility operates printing presses and produces retail catalogues, magazine, newspaper inserts and advertising brochures.",35093344328,093344328,http://www.aiwprinting.com.au,2015/2016,http://www.npi.gov.au/npidata/action/load/individual-facility-detail/criteria/state/VIC/year/2016/jurisdiction-facility/00026446
AKD NSW PTY LIMITED,AKD Gilmore Facility,NSW,Gilmore,Snowy Mountains Highway,2720,1411,Log Sawmilling,Timber preservation,38091574060,091574060,https://www.akd.com.au/,2023/2024,http://www.npi.gov.au/npidata/action/load/individual-facility-detail/criteria/state/NSW/year/2024/jurisdiction-facility/653
AKD QUEENSLAND PTY LTD,Caboolture Sawmill,QLD,Caboolture,13 Henzell Rd,4510,1411,Log Sawmilling,Timber Sawmilling,18620713760,620713760,http://www.akd.com.au,2023/2024,http://www.npi.gov.au/npidata/action/load/individual-facility-detail/criteria/state/QLD/year/2024/jurisdiction-facility/Q039WEY001
ALBEMARLE LITHIUM PTY LTD,Kemerton Lithium Hydroxide Processing Plant,WA,Wellesley,109 Kemerton Road,6233,2139,Other Basic Non-Ferrous Metal Manufacturing,Lithium Hydroxide Processing and Production,14618095471,618095471,https://www.albemarle.au,2023/2024,http://www.npi.gov.au/npidata/action/load/individual-facility-detail/criteria/state/WA/year/2024/jurisdiction-facility/WA1697
ALBURY CITY COUNCIL,Albury Water Filtration Plant,NSW,Albury,Waterworks Road,2640,2811,Water Supply,Drinking Water Treatment,92965474349,,,2023/2024,http://www.npi.gov.au/npidata/action/load/individual-facility-detail/criteria/state/NSW/year/2024/jurisdiction-facility/537
ALCOA OF AUST LTD,Pinjarra Cogeneration Plant,WA,Pinjarra,LOT 252 on Plan 35963 South West Hwy,6208,2611,Fossil Fuel Electricity Generation,Power generation by combustion of gas in a turbine,93004879298,004879298,http://www.alcoa.com.au,2006/2007,http://www.npi.gov.au/npidata/action/load/individual-facility-detail/criteria/state/WA/year/2007/jurisdiction-facility/WA0942
ALCOA OF AUSTRALIA LIMITED,Alcoa Anglesea Power Station,VIC,Anglesea,"POWER STATION, CAMP RD",3230,2922,Waste Remediation and Materials Recovery Services,The mining activities and electricity generation ceased in August 2015. The site has continued decommissioning works of the power station and earthmoving in the Mine.,93004879298,004879298,http://www.alcoa.com/australia/en/home.asp,2015/2016,http://www.npi.gov.au/npidata/action/load/individual-facility-detail/criteria/state/VIC/year/2016/jurisdiction-facility/00004359
ALDUS-TRONICS PTY LTD,Foilmakers,VIC,Thomastown,21 TEMPLE DR,3074,1611,Printing,Manufacture of hot-stamp foil. This involves the application of surface coating using specialised coating equipment.,38085318494,085318494,,2023/2024,http://www.npi.gov.au/npidata/action/load/individual-facility-detail/criteria/state/VIC/year/2024/jurisdiction-facility/00004173
ALICE SPRINGS TOWN COUNCIL,Alice Springs Town Council Landfill,NT,Alice Springs,COMMONAGE RD,0870,2921,Waste Treatment and Disposal Services,Landfill waste disposal,45863481471,,http://www.alicesprings.nt.gov.au/council/services/landfill.asp,2023/2024,http://www.npi.gov.au/npidata/action/load/individual-facility-detail/criteria/state/NT/year/2024/jurisdiction-facility/NT422
ALINDARE PTY. LTD.,Ararat Abattoir,VIC,Ararat,NOTT RD,3377,1111,Meat Processing,Processing sheep and goats,62062233569,062233569,,2023/2024,http://www.npi.gov.au/npidata/action/load/individual-facility-detail/criteria/state/VIC/year/2024/jurisdiction-facility/00006820
ALINTA ACP PTY LTD,Cawse Cogeneration Plant,WA,Ora Banda,ORA BANDA RD,6431,2611,Fossil Fuel Electricity Generation,Cogeneration of power and steam plus desalination of borewater to manufacture desalinated process / boiler feed water.,89083692611,083692611,http://www.bbpower.net,2010/2011,http://www.npi.gov.au/npidata/action/load/individual-facility-detail/criteria/state/WA/year/2011/jurisdiction-facility/WA0201
ALINTA COGENERATION (PINJARRA) PTY LTD,Pinjarra Cogeneration Plant (Alinta),WA,Pinjarra,LOT 252 on Plan 35963 South West Highway,6208,2611,Fossil Fuel Electricity Generation,Power generation by combustion of gas in a turbine,12102893309,,,2005/2006,http://www.npi.gov.au/npidata/action/load/individual-facility-detail/criteria/state/WA/year/2006/jurisdiction-facility/WA0944
ALINTA COGENERATION (WAGERUP) PTY LTD,Wagerup Cogeneration Plant,WA,Waroona,Willowdale Road,6215,2611,Fossil Fuel Electricity Generation,Electricity Generation,62111280614,,,2023/2024,http://www.npi.gov.au/npidata/action/load/individual-facility-detail/criteria/state/WA/year/2024/jurisdiction-facility/WA1051
ALINTA DEBO PTY LTD,Bairnsdale Power Station,VIC,Bairnsdale,45 POWERSTATION RD,3875,2611,Fossil Fuel Electricity Generation,Generation of electricity,66079246423,079246423,https://www.alintaenergy.com.au,2023/2024,http://www.npi.gov.au/npidata/action/load/individual-facility-detail/criteria/state/VIC/year/2024/jurisdiction-facility/00019270
ALLANS CREEK POULTRY FARM PTY LTD,Allans Creek Poultry Farm,QLD,Bromelton,75  Tilley Road,4285,0171,Poultry Farming (Meat),meat chicken farm,56648171322,648171322,,2022/2023,http://www.npi.gov.au/npidata/action/load/individual-facility-detail/criteria/state/QLD/year/2023/jurisdiction-facility/Q086ILB107
ALLEGION (AUSTRALIA) PTY LTD,Allegion Door and Access Systems - Brooklyn,VIC,Brooklyn,42 EXPORT DR ,3012,2299,Other Fabricated Metal Product Manufacturing n.e.c.,Manufacturer of Locks (Doors and Access Systems),49077898161,077898161,http://www.ausloc.com,2023/2024,http://www.npi.gov.au/npidata/action/load/individual-facility-detail/criteria/state/VIC/year/2024/jurisdiction-facility/00029295
ALLEN FOUNDRY COMPANY PTY LTD,Sunshine,VIC,Sunshine,3 HULETT ST,3020,2110,Iron Smelting and Steel Manufacturing,Manufacture of iron and steel castings,61004231814,004231814,http://www.allenfoundry.com.au,2021/2022,http://www.npi.gov.au/npidata/action/load/individual-facility-detail/criteria/state/VIC/year/2022/jurisdiction-facility/00006629
ALLEN TAYLOR & CO LTD,Gloucester Timber Processing Plant,NSW,Gloucester,4130 Bucketts Way,2422,1413,Timber Resawing and Dressing,Hardwood timber value adding plant,39000003056,000003056,http://www.boral.com.au,2005/2006,http://www.npi.gov.au/npidata/action/load/individual-facility-detail/criteria/state/NSW/year/2006/jurisdiction-facility/998
ALLEN TAYLOR & COMPANY LTD,Boral Plywood,QLD,North Ipswich,Lamington Pde,4305,1493,Veneer and Plywood Manufacturing,Plywood Fabrication,39000003056,000003056,http://www.boral.com.au,2010/2011,http://www.npi.gov.au/npidata/action/load/individual-facility-detail/criteria/state/QLD/year/2011/jurisdiction-facility/Q039ATD001
ALLEN TAYLOR AND CO LTD,Boral Engineered Flooring Murwillumbah,NSW,Murwillumbah,148 Tweed Valley Way,2484,1413,Timber Resawing and Dressing,Hardwood Timber Value adding plant,39000003056,000003056,http://www.boral.com.au,2006/2007,http://www.npi.gov.au/npidata/action/load/individual-facility-detail/criteria/state/NSW/year/2007/jurisdiction-facility/1000
ALLEN TAYLOR AND COMPANY LIMITED,Boral Timber Bostobrick,NSW,Bostobrick,Muldiva Road,2453,1411,Log Sawmilling,Conversion of saw logs into green hardwood sawn timber production of woodchip from waste materials,39000030056,000030056,http://www.boral.com.au,2005/2006,http://www.npi.gov.au/npidata/action/load/individual-facility-detail/criteria/state/NSW/year/2006/jurisdiction-facility/827
ALLENTAYLOR AND CO LTD,Walcha Timber Processing Plant,NSW,Walcha,9 Emu Creek Road,2354,1411,Log Sawmilling,Hardwood timber saw mill,39000003056,000003056,http://www.boral.com.au,2007/2008,http://www.npi.gov.au/npidata/action/load/individual-facility-detail/criteria/state/NSW/year/2008/jurisdiction-facility/1001
ALLOP PTY LTD,Hegford Farm,QLD,Chambersflat,Lot 16 Daly Street,4133,0171,Poultry Farming (Meat),Meat Chicken Facility,96010511949,,,2023/2024,http://www.npi.gov.au/npidata/action/load/individual-facility-detail/criteria/state/QLD/year/2024/jurisdiction-facility/Q086ILB020
ALPAIR PTY LTD,Alpair Egg Production Facility Legume,NSW,Legume,Tenterfield Road,2476,0171,Poultry Farming (Meat),Egg production,61181456731,010607664,,2005/2006,http://www.npi.gov.au/npidata/action/load/individual-facility-detail/criteria/state/NSW/year/2006/jurisdiction-facility/1041
ALPHAPHARM PTY LTD,Viatris - Carole Park,QLD,Carole Park,15 Garnet Street,4300,1841,Human Pharmaceutical and Medicinal Product Manufacturing,"Manufacture, testing and distribution of pharmaceutical products.",93002359739,002359739,http://www.viatris.com.au,2023/2024,http://www.npi.gov.au/npidata/action/load/individual-facility-detail/criteria/state/QLD/year/2024/jurisdiction-facility/Q004APL001
ALPINE SHIRE COUNCIL,Myrtleford Landfill,VIC,Myrtleford,PT C/A 6 MORRISONS LA,3737,2921,Waste Treatment and Disposal Services,Municipal solid waste landfill,14821390281,,,2008/2009,http://www.npi.gov.au/npidata/action/load/individual-facility-detail/criteria/state/VIC/year/2009/jurisdiction-facility/00006987
ALRECO PTY LTD,Geelong Operations,VIC,Moolap,80 BUCKLEY GV,3221,2139,Other Basic Non-Ferrous Metal Manufacturing,Recycling aluminium salt slag and dross,56132731018,132731018,http://www.mhml.com.au/aluminium.asp,2013/2014,http://www.npi.gov.au/npidata/action/load/individual-facility-detail/criteria/state/VIC/year/2014/jurisdiction-facility/00004185
ALTONA PROPERTIES P/L,ALTONA PROPERTIES P/L,VIC,Altona,599 KOROROIT CREEK RD,3018,1821,Synthetic Resin and Synthetic Rubber Manufacturing,Covers four months of PVC manufacturing operations and eight months of plant decommissioning.,59078616654,078616654,http://www.av.com.au,2002/2003,http://www.npi.gov.au/npidata/action/load/individual-facility-detail/criteria/state/VIC/year/2003/jurisdiction-facility/00004158
AMANIKA PTY LTD,Burke Rd Poultry Farm,QLD,Donnybrook,66 Burke Road,4510,0171,Poultry Farming (Meat),Broiler Chicken Farm,30421283799,,,2013/2014,http://www.npi.gov.au/npidata/action/load/individual-facility-detail/criteria/state/QLD/year/2014/jurisdiction-facility/Q086ILB088
AMAZING INVESTMENTS PTY LTD,Carawah,QLD,Blenheim,9 Moon Road,4341,0171,Poultry Farming (Meat),Meat Chicken Facility,24167894724,167894724,,2023/2024,http://www.npi.gov.au/npidata/action/load/individual-facility-detail/criteria/state/QLD/year/2024/jurisdiction-facility/Q086ILB036
AMAZING INVESTORS NOMINEES PTY. LTD.,Silky Oaks,QLD,Peak Crossing,1007 Middle Road,4306,0171,Poultry Farming (Meat),Meat Chicken Facility,80169847054,169847054,,2023/2024,http://www.npi.gov.au/npidata/action/load/individual-facility-detail/criteria/state/QLD/year/2024/jurisdiction-facility/Q086ILB034
AMCOR FLEXIBLES (AUSTRALIA) PTY LTD,Amcor Flexibles Asia Pacific - Moorabbin,VIC,Moorabbin,15 KEYS RD,3189,1611,Printing,"Manufacture of flexible packaging to food, pharmaceutical and general industry",46113833748,113833748,http://www.amcor.com,2023/2024,http://www.npi.gov.au/npidata/action/load/individual-facility-detail/criteria/state/VIC/year/2024/jurisdiction-facility/00004077
AMCOR PACKAGING (AUST) P/L,Amcor Fibre Packaging,QLD,Bohle,806-824 INGHAM RD,4818,1521,Corrugated Paperboard and Paperboard Container Manufacturing,Production of printed corrugated boxes,55004275165,004275165,,2000/2001,http://www.npi.gov.au/npidata/action/load/individual-facility-detail/criteria/state/QLD/year/2001/jurisdiction-facility/Q007AMC002
AMCOR PACKAGING (AUSTRALIA) PTY LTD,Amcor Cartonboard (Petrie Mill),QLD,Petrie,965 Gympie Road,4502,1510,"Pulp, Paper and Paperboard Manufacturing",Recycling of waste paper and cardboard. Cartonboard manufacturing.,55004275165,004275165,http://www.amcor.com/,2012/2013,http://www.npi.gov.au/npidata/action/load/individual-facility-detail/criteria/state/QLD/year/2013/jurisdiction-facility/Q007AMC001
AMCOR PACKAGING AUSTRALIA PTY LTD,Amcor Flexibles Enfield,NSW,Enfield,94-98 Cosgrove Road,2136,1611,Printing,"Flexographic and rotogravore printing on film, paper and aluminium foil to convert reels of raw materials into packaging for the snack food, confectionary and pet food industries.",55004275165,004275165,,2004/2005,http://www.npi.gov.au/npidata/action/load/individual-facility-detail/criteria/state/NSW/year/2005/jurisdiction-facility/411
AMEROPA AUSTRALIA PTY LTD,Geelong Distribution Centre,VIC,Corio,55 HEALES RD,3214,1831,Fertiliser Manufacturing,"Fertiliser import, blending and distribution.",21009504394,009504394,http://www.impactfertilisers.com.au/,2023/2024,http://www.npi.gov.au/npidata/action/load/individual-facility-detail/criteria/state/VIC/year/2024/jurisdiction-facility/00023844
AMM POULTRY NSW PTY LTD,AMM Karinyah Poultry,NSW,Somerton,3402 Oxley Highway,2340,0171,Poultry Farming (Meat),Poultry farming (Broiler),,675061177,,2023/2024,http://www.npi.gov.au/npidata/action/load/individual-facility-detail/criteria/state/NSW/year/2024/jurisdiction-facility/1682
ANDREW KOHN PTY LTD,Andrew Kohn Pty Ltd,VIC,Dingley,9-15 REDWOOD DR,3172,1611,Printing,"Extruding, Printing and Converting of Flexible Packaging Materials",54004889605,004889605,http://www.andrewkohn.com.au,2023/2024,http://www.npi.gov.au/npidata/action/load/individual-facility-detail/criteria/state/VIC/year/2024/jurisdiction-facility/00004219
ANGLO COAL (CAPCOAL MANAGEMENT) PTY LTD,Capcoal,QLD,Middlemount,TIERI RD,4746,0600,Coal Mining,Coal mining,73010037564,010037564,http://www.angloamerican.com.au/,2023/2024,http://www.npi.gov.au/npidata/action/load/individual-facility-detail/criteria/state/QLD/year/2024/jurisdiction-facility/Q020CCM001
ANGLO COAL (DARTBROOK MANAGEMENT) PTY LTD,Dartbrook Coal Pty Ltd,NSW,Kayuga,Stair Street,2333,0600,Coal Mining,Underground coal mining. In Care and Maintenance.,62007377577,007377577,http://www.aqcltd.com,2013/2014,http://www.npi.gov.au/npidata/action/load/individual-facility-detail/criteria/state/NSW/year/2014/jurisdiction-facility/228
ANGLO COAL (DAWSON MANAGEMENT) PTY LTD,Dawson,QLD,Moura,DAWSON HWY,4718,0600,Coal Mining,Coal mining,15006746701,006746701,http://www.angloamerican.com.au/,2023/2024,http://www.npi.gov.au/npidata/action/load/individual-facility-detail/criteria/state/QLD/year/2024/jurisdiction-facility/Q020PMM001
ANGLO COAL (MORANBAH NORTH MNGT) P/L,Grosvenor,QLD,Moranbah,464  Goonyella Road,4744,0600,Coal Mining,Coal mining,14069603587,069603587,http://www.angloamerican.com.au/,2023/2024,http://www.npi.gov.au/npidata/action/load/individual-facility-detail/criteria/state/QLD/year/2024/jurisdiction-facility/Q020GRO001
ANGLOGOLD ASHANTI AUSTRALIA LIMITED,Tropicana Gold Mine – Process Water Supply Borefield,WA,Plumridge Lakes,375 km East NE of Kalgoorlie via the Kurnalpi-Pinjin Rd,6431,2811,Water Supply,Groundwater abstraction,42008737424,008737424,http://www.anglogoldashanti.com,2023/2024,http://www.npi.gov.au/npidata/action/load/individual-facility-detail/criteria/state/WA/year/2024/jurisdiction-facility/WA1494
ANI CORPORATE LIMITED,Bradken Ipswich,QLD,Karrabin,250-264 Karrabin - Rosewood Road,4306,2110,Iron Smelting and Steel Manufacturing,Engineering and Iron & Steel Foundry,13000421358,000421358,,2000/2001,http://www.npi.gov.au/npidata/action/load/individual-facility-detail/criteria/state/QLD/year/2001/jurisdiction-facility/Q003BRA001
ANZPAC SERVICES (AUSTRALIA) PTY LTD,ANZPAC Services Smithfield,NSW,Smithfield,32 Britton Street,2164,1611,Printing,Printing and converting of packaging,25000032164,,http://www.anzpac.com.au/,2015/2016,http://www.npi.gov.au/npidata/action/load/individual-facility-detail/criteria/state/NSW/year/2016/jurisdiction-facility/778
APA OPERATIONS PTY LTD,Boodarie Iron Plant Site,WA,Boodarie,Great Northern Highway,6722,2611,Fossil Fuel Electricity Generation,Electricity Generation,79123090933,123090933,,2023/2024,http://www.npi.gov.au/npidata/action/load/individual-facility-detail/criteria/state/WA/year/2024/jurisdiction-facility/WA0961
APACHE ENERGY LIMITED,Legendre,WA,Via Karratha,Offshore,6714,0700,Oil and Gas Extraction,OPERATION OF AN OFFSHORE OIL RIG (OCEAN LEGEND) AND A FLOATING STORAGE AND OFFTAKE VESSEL (KARRATHA SPIRIT) FOR THE PRODUCTION OF CRUDE OIL TO EXPORT SALES CONDITION,39009301964,009301964,http://www.apachecorp.com/Operations/Stewardship/Environment.aspx,2010/2011,http://www.npi.gov.au/npidata/action/load/individual-facility-detail/criteria/state/WA/year/2011/jurisdiction-facility/WA0436
APACHE ENERGY LTD,Airlie Island Operations,WA,Onslow,APACHE OPERATIONS AIRLIE ISLAND VIA,6710,0700,Oil and Gas Extraction,"Collection, treatment, storage & exporting of crude oil",39009301964,009301964,http://www.apachecorp.com/Operations/Stewardship/Environment.aspx,2008/2009,http://www.npi.gov.au/npidata/action/load/individual-facility-detail/criteria/state/WA/year/2009/jurisdiction-facility/WA0209
APT PARMELIA,APT Parmelia - Dongara,WA,Dongara,Lot 1 Brand Hwy,6525,0700,Oil and Gas Extraction,Gas Processing.,,078902397,,2004/2005,http://www.npi.gov.au/npidata/action/load/individual-facility-detail/criteria/state/WA/year/2005/jurisdiction-facility/WA0056
AQUA HOLDINGS ( QLD ) PTY LTD,Mt Abbott Poultry Farm,QLD,Mareeba,59 Martin Road,4880,0171,Poultry Farming (Meat),Broiler Farm,94253886857,,,2013/2014,http://www.npi.gov.au/npidata/action/load/individual-facility-detail/criteria/state/QLD/year/2014/jurisdiction-facility/Q086ILB081
AR & DM CLATWORTHY P/L,Koorabar,QLD,Thornlands,37 Kinross Road,4164,0171,Poultry Farming (Meat),Meat Chicken Facility,12009856795,,,2013/2014,http://www.npi.gov.au/npidata/action/load/individual-facility-detail/criteria/state/QLD/year/2014/jurisdiction-facility/Q086ILB030
ARGYLE DIAMOND MINES PTY LIMITED,Argyle Diamond Mine,WA,Lake Argyle,Limestone Creek,6743,0990,Other Non-Metallic Mineral Mining and Quarrying,Diamond Mining and Processing,52008912418,008912418,http://www.argylediamonds.com.au,2023/2024,http://www.npi.gov.au/npidata/action/load/individual-facility-detail/criteria/state/WA/year/2024/jurisdiction-facility/WA0214
ARMOUR ENERGY (SURAT BASIN) PTY LTD,Kincora Terminal,QLD,Ballaroo,Kincora Road,4455,0700,Oil and Gas Extraction,Gas / Hydrocarbon / Petroleum Processing,61607504905,607504905,,2023/2024,http://www.npi.gov.au/npidata/action/load/individual-facility-detail/criteria/state/QLD/year/2024/jurisdiction-facility/Q013ARM001
ARRANMORE OPERATIONS PTY LTD,ARRANMORE OPERATIONS PTY LTD,QLD,Forest Hill,3 Steffens Road,4342,0171,Poultry Farming (Meat),Meat Chicken Facility,44011044269,,,2013/2014,http://www.npi.gov.au/npidata/action/load/individual-facility-detail/criteria/state/QLD/year/2014/jurisdiction-facility/Q086ILB069
ARROW (DAANDINE) PTY LTD,Daandine Operations,QLD,(Via) Dalby,Daandine Gas Field,4405,0700,Oil and Gas Extraction,Coal Seam Gas Production and Compression,99114927481,114927481,,2023/2024,http://www.npi.gov.au/npidata/action/load/individual-facility-detail/criteria/state/QLD/year/2024/jurisdiction-facility/Q012ARR003
ARROW (TIPTON) PTY LTD,Tipton Operations,QLD,(Via) Dalby,Tipton Gas Field,4405,0700,Oil and Gas Extraction,Coal Seam Gas Production and Compression,17114927507,114927507,,2023/2024,http://www.npi.gov.au/npidata/action/load/individual-facility-detail/criteria/state/QLD/year/2024/jurisdiction-facility/Q012ARR002
ARROW ENERGY PTY LTD,Kogan Gas Field,QLD,Via Dalby,Kogan Coal Seam Gas Field,4405,0700,Oil and Gas Extraction,Coal Seam Gas Production,73078521936,078521936,,2023/2024,http://www.npi.gov.au/npidata/action/load/individual-facility-detail/criteria/state/QLD/year/2024/jurisdiction-facility/Q012ARR001
ASHLAND PACIFIC PTY LTD,Ashland Pacific Pty Ltd,NSW,Chester Hill,7 Sir Thomas Mitchell Road,2162,1821,Synthetic Resin and Synthetic Rubber Manufacturing,Manufacture of Synthetic Resins: Condensation Reactions; Addition Reactions; Blending Operations.,,000075641,,2000/2001,http://www.npi.gov.au/npidata/action/load/individual-facility-detail/criteria/state/NSW/year/2001/jurisdiction-facility/11
ASHTON COAL OPERATIONS PTY LIMITED,Yancoal - Ashton,NSW,Camberwell Via Singleton,73 Glennies Creek Road,2330,0600,Coal Mining,Coal mining,22078556500,078556500,www.ashtoncoal.com.au,2023/2024,http://www.npi.gov.au/npidata/action/load/individual-facility-detail/criteria/state/NSW/year/2024/jurisdiction-facility/939
ASHTON MINE PTY LTD,Merlin Diamond Project,NT,Borroloola,CARPENTARIA HIGHWAY,0854,0990,Other Non-Metallic Mineral Mining and Quarrying,Diamond extraction by crushing and washing rock,32067599302,,,2002/2003,http://www.npi.gov.au/npidata/action/load/individual-facility-detail/criteria/state/NT/year/2003/jurisdiction-facility/NT360
ASPEN PHARMA PTY LTD,Aspen Australia Dandenong,VIC,Dandenong,300 FRANKSTON-DANDENONG RD,3175,1841,Human Pharmaceutical and Medicinal Product Manufacturing,Manufacture of pharmaceutical products,88004118594,004118594,http://intranet-aspen.scl.signet.com.au/,2023/2024,http://www.npi.gov.au/npidata/action/load/individual-facility-detail/criteria/state/VIC/year/2024/jurisdiction-facility/00006830
ASSA ABLOY AUSTRALIA PTY LIMITED,ASSA ABLOY AUSTRALIA PTY LIMITED,VIC,Oakleigh,235 HUNTINGDALE RD,3166,2299,Other Fabricated Metal Product Manufacturing n.e.c.,"Manufacturing of security products, including zinc diecasting, electroplating and assembly processes.",90086451907,086451907,http://www.assaabloy.com.au,2023/2024,http://www.npi.gov.au/npidata/action/load/individual-facility-detail/criteria/state/VIC/year/2024/jurisdiction-facility/00026936
ASSOCIATED KILN DRIERS PTY LIMITED,COLAC,VIC,Colac,7-15 FOREST ST,3250,1411,Log Sawmilling,Timber mill,34004341048,004341048,http://www.akd.com.au/,2023/2024,http://www.npi.gov.au/npidata/action/load/individual-facility-detail/criteria/state/VIC/year/2024/jurisdiction-facility/00030663
ATCO POWER AUSTRALIA (KARRATHA) PTY LTD,Karratha Power Station,WA,Karratha,Stovehill Road,6714,2611,Fossil Fuel Electricity Generation,Electric power generation,15132830043,132830043,,2023/2024,http://www.npi.gov.au/npidata/action/load/individual-facility-detail/criteria/state/WA/year/2024/jurisdiction-facility/WA1202
AUNGOOSKA FARM PTY LTD,Aungooska Farm,QLD,Mareeba,1638 Dimbulah Road,4880,0171,Poultry Farming (Meat),Meat Chicken Facility,17146112496,146112496,,2013/2014,http://www.npi.gov.au/npidata/action/load/individual-facility-detail/criteria/state/QLD/year/2014/jurisdiction-facility/Q086ILB047
AURORA ENERGY (TAMAR VALLEY) PTY LTD,Tamar Valley Power Station,TAS,Bell Bay,4055 East Tamar Highway,7253,2611,Fossil Fuel Electricity Generation,Power Generation,29123391613,123391613,http://www.hydro.com.au,2022/2023,http://www.npi.gov.au/npidata/action/load/individual-facility-detail/criteria/state/TAS/year/2023/jurisdiction-facility/TAS+448
AUS-10 RHYOLITE PTY LTD,Austen Quarry,NSW,Hartley,391 Jenolan Caves Road,2790,0990,Other Non-Metallic Mineral Mining and Quarrying,Extractive activities,79002325144,,http://www.hy-tec.com.au,2023/2024,http://www.npi.gov.au/npidata/action/load/individual-facility-detail/criteria/state/NSW/year/2024/jurisdiction-facility/1518
"AUST GOLD ALLIANCE P/L,GOLD CORP&JOHNSON","AUST GOLD ALLIANCE P/L,GOLD CORP&JOHNSON",VIC,Thomastown,339 SETTLEMENT RD,3074,2139,Other Basic Non-Ferrous Metal Manufacturing,Manufacture of precious metal products,33824096614,,http://www.agrmatthey.com.au,2008/2009,http://www.npi.gov.au/npidata/action/load/individual-facility-detail/criteria/state/VIC/year/2009/jurisdiction-facility/00004155
AUSTAR COAL MINE PTY LTD,Yancoal - Austar,NSW,Paxton,Middle Road,2325,0600,Coal Mining,Coal mining,67111910822,,,2020/2021,http://www.npi.gov.au/npidata/action/load/individual-facility-detail/criteria/state/NSW/year/2021/jurisdiction-facility/840
AUSTICKS PTY LTD,Austicks Pty Ltd,QLD,Gladstone,14 Bassett St,4680,1499,Other Wood Product Manufacturing n.e.c.,Manufacture of ice-cream sticks,12064136429,064136429,http://www.austicks.com.au,2012/2013,http://www.npi.gov.au/npidata/action/load/individual-facility-detail/criteria/state/QLD/year/2013/jurisdiction-facility/Q039AUS001
AUSTRAL BRICK COMPANY PTY LTD,Austral Bricks Eastwood,NSW,Eastwood,Midson Road,2122,2021,Clay Brick Manufacturing,"Mining, crushing, pressing, firing, despatch (dry press brick manufacture). CLOSED 24 Oct 2003.",52000005550,000005550,,2003/2004,http://www.npi.gov.au/npidata/action/load/individual-facility-detail/criteria/state/NSW/year/2004/jurisdiction-facility/130
AUSTRAL BRICKS (VIC) PTY LTD,Wollert Plant,VIC,Wollert,BRICK MAKERS DR,3750,2021,Clay Brick Manufacturing,Clay brick manufacturing,64125934867,125934867,https://www.australbricks.com.au/,2023/2024,http://www.npi.gov.au/npidata/action/load/individual-facility-detail/criteria/state/VIC/year/2024/jurisdiction-facility/00029061
AUSTRAL BRICKS (WA) PTY LTD,AUSTRAL BRICKS - DONNINGTON SPRINGS CLAY PIT,WA,Chittering,LOT 4798 GREAT NORTHERN HIGHWAY,6084,0919,Other Construction Material Mining,MINING OF NON-METALLIC MINERALS,34079711603,079711603,http://www.australbrick.com.au,2010/2011,http://www.npi.gov.au/npidata/action/load/individual-facility-detail/criteria/state/WA/year/2011/jurisdiction-facility/WA0707
AUSTRAL BRICKS QLD PTY LTD,Riverview,QLD,Riverview,103 Riverview Road,4303,2021,Clay Brick Manufacturing,Empty Site,62125934858,125934858,http://www.australbricks.com.au,2011/2012,http://www.npi.gov.au/npidata/action/load/individual-facility-detail/criteria/state/QLD/year/2012/jurisdiction-facility/Q001AUS002
AUSTRAL PLYWOODS PTY LTD,Austral Plywoods Pty Ltd,QLD,Tennyson,1 CURZON ST,4105,1493,Veneer and Plywood Manufacturing,Manufacturing plywood,19726524324,,http://www.australply.com.au,2023/2024,http://www.npi.gov.au/npidata/action/load/individual-facility-detail/criteria/state/QLD/year/2024/jurisdiction-facility/Q039APP001
AUSTRALIA PACIFIC LNG PTY LTD,APLNG Facility - Curtis Island,QLD,Curtis Island,Lot 3 SP228454 and Lot 3 SP235971,4680,0700,Oil and Gas Extraction,Liquefied Natural Gas (LNG) Production,68001646331,001646331,http://www.APLNG.com.au,2023/2024,http://www.npi.gov.au/npidata/action/load/individual-facility-detail/criteria/state/QLD/year/2024/jurisdiction-facility/Q012APL002
AUSTRALIAN BUILDING CERAMICS P/L,AUSTRALIAN BUILDING CERAMICS P/L,VIC,Dandenong,398-424 HAMMOND RD,3175,2029,Other Ceramic Product Manufacturing,Manufacture of ceramic tiles,50006334541,006334541,http://www.granito.com.au,2008/2009,http://www.npi.gov.au/npidata/action/load/individual-facility-detail/criteria/state/VIC/year/2009/jurisdiction-facility/00004172
AUSTRALIAN CO-OP FOODS LTD,Dairy Farmers - Simpson,VIC,Simpson,LAVERS HILL RD,3266,1131,Milk and Cream Processing,Cheese Manufacturing,65010308068,010308068,http://www.dairyfarmers.com.au,2008/2009,http://www.npi.gov.au/npidata/action/load/individual-facility-detail/criteria/state/VIC/year/2009/jurisdiction-facility/00004533
AUSTRALIAN CO-OPERATIVE FOODS LIMITED,Dairy Farmers Bomaderry,NSW,Bomaderry,220 Bolong Road,2541,1131,Milk and Cream Processing,Milk processing and packaging.,,010308068,http://www.dairyfarmers.com.au,2004/2005,http://www.npi.gov.au/npidata/action/load/individual-facility-detail/criteria/state/NSW/year/2005/jurisdiction-facility/416
AUSTRALIAN FOOD GROUP PTY LT,Blue Ribbon Snmallgoods,TAS,Launceston,29 Killafaddy Road,7250,1111,Meat Processing,,48367956877,,,2003/2004,http://www.npi.gov.au/npidata/action/load/individual-facility-detail/criteria/state/TAS/year/2004/jurisdiction-facility/TAS+18
AUSTRALIAN LAMB (COLAC) PTY LTD,Australian Lamb (Colac) Pty Ltd,VIC,Colac,1 TRISTANIA DR,3250,1111,Meat Processing,Meat Processing,56087919944,087919944,https://minervafoods.com,2023/2024,http://www.npi.gov.au/npidata/action/load/individual-facility-detail/criteria/state/VIC/year/2024/jurisdiction-facility/00022776
AUSTRALIAN MEAT GROUP PTY LTD,AUSTRALIAN MEAT GROUP DANDENONG,VIC,Dandenong,342 HAMMOND RD,3175,1111,Meat Processing,Meat processing,75168396316,168396316,http://www.amg.com.au,2023/2024,http://www.npi.gov.au/npidata/action/load/individual-facility-detail/criteria/state/VIC/year/2024/jurisdiction-facility/00004104
AUSTRALIAN PIPELINE LIMITED,Daandine Power Station,QLD,Via Dalby,Dalby-Kogan Road,4405,2611,Fossil Fuel Electricity Generation,Generation of electricity by burning of Coal Seam Gas,99091344704,091344704,http://www.apa.com.au/,2021/2022,http://www.npi.gov.au/npidata/action/load/individual-facility-detail/criteria/state/QLD/year/2022/jurisdiction-facility/Q019ARR001
AUSTRALIAN PLASTICS EXTRUSIONS PTY LTD,AUSTRALIAN PLASTICS EXTRUSIONS PTY LTD,VIC,Heidelberg West,26-36 SHEEHAN RD,3081,1611,Printing,Film extrusion and flexographic printing,83062931015,062931015,http://www.apexfilms.com.au,2023/2024,http://www.npi.gov.au/npidata/action/load/individual-facility-detail/criteria/state/VIC/year/2024/jurisdiction-facility/00024790
AUSTRALIAN SOFTWOOD QLD PTY LTD,Permalog Timbers,QLD,Narangba,11-49 Potassium St,4504,1413,Timber Resawing and Dressing,Timber preservation operations.,18652795090,652795090,http://www.permalogtimbers.com.au,2023/2024,http://www.npi.gov.au/npidata/action/load/individual-facility-detail/criteria/state/QLD/year/2024/jurisdiction-facility/Q039PML001
AUSTRALIAN TALLOW PRODUCERS PTY LTD,AUSTRALIAN TALLOW PRODUCERS PTY LTD,VIC,Brooklyn,680 GEELONG RD,3012,1111,Meat Processing,Rendering of animal by-products to produce tallow/oil and meat meals,28007046059,007046059,,2023/2024,http://www.npi.gov.au/npidata/action/load/individual-facility-detail/criteria/state/VIC/year/2024/jurisdiction-facility/00006827
AUSTRALIAN TOPMAKING SERVICES LIMITED,AUSTOP Parkes Woolscour Plant,NSW,Parkes,1 King Merino Road,2870,1311,Wool Scouring,Wool top making and wool scouring plant,76004284164,004281164,,2004/2005,http://www.npi.gov.au/npidata/action/load/individual-facility-detail/criteria/state/NSW/year/2005/jurisdiction-facility/890
AUSTRALIAS BOUTIQUE BRICKMAKER PTY LTD,Littlehampton Brick Company,SA,Littlehampton,MAIN RD,5250,2021,Clay Brick Manufacturing,Clay Brick and Paver Production,51667901733,,,2023/2024,http://www.npi.gov.au/npidata/action/load/individual-facility-detail/criteria/state/SA/year/2024/jurisdiction-facility/SA0154
AWE PERTH PTY LTD,Dongara Production Facility,WA,Dongara,Brand Highway,6525,0700,Oil and Gas Extraction,Gas and oil production,74009204031,009204031,http://www.awexplore.com,2016/2017,http://www.npi.gov.au/npidata/action/load/individual-facility-detail/criteria/state/WA/year/2017/jurisdiction-facility/WA0213
BAIADA POULTRY P/L,Lethbridge farm,VIC,Lethbridge,540 ENGLISH RD,3332,0171,Poultry Farming (Meat),Broiler meat production facility,96002925948,002925948,http://www.baiada.com.au,2009/2010,http://www.npi.gov.au/npidata/action/load/individual-facility-detail/criteria/state/VIC/year/2010/jurisdiction-facility/00029127
BAIADA POULTRY PTY LIMITED,Angaston Breeder Farm,SA,Angaston,Hill Climb Road,5353,0171,Poultry Farming (Meat),Meat Breeder egg production facility,96002925948,002925948,http://www.baiada.com.au,2023/2024,http://www.npi.gov.au/npidata/action/load/individual-facility-detail/criteria/state/SA/year/2024/jurisdiction-facility/SA0411
BALCHIN K C & R D,FOXWOOD FARM POULTRY,WA,Wattle Grove,Lot 64 Brook Road,6107,0171,Poultry Farming (Meat),Chicken raising for meat production.,85240799852,,,2008/2009,http://www.npi.gov.au/npidata/action/load/individual-facility-detail/criteria/state/WA/year/2009/jurisdiction-facility/WA0653
BALHAN INDUSTRIAL CO. PROPRIETARY LIMITED,BALHAN INDUSTRIAL CO. PROPRIETARY LIMITED,VIC,Moolap,81-89  BUCKLEY GVE,3221,1831,Fertiliser Manufacturing,"Manufacturing of liquid fertilizers, dairy detergents and veterinary pharmaceuticals",93004705435,004705435,,2023/2024,http://www.npi.gov.au/npidata/action/load/individual-facility-detail/criteria/state/VIC/year/2024/jurisdiction-facility/00004334
BALLARAT CITY COUNCIL,BALLARAT CITY COUNCIL,VIC,Smythesdale,"BMG BORAL GRAVEL PITS, GLENELG HWY",3351,2921,Waste Treatment and Disposal Services,Site established for the disposal of general domestic and commercial waste within the Highlands Regional Group.,37601599422,,,2005/2006,http://www.npi.gov.au/npidata/action/load/individual-facility-detail/criteria/state/VIC/year/2006/jurisdiction-facility/00006932
BARLOU P/L,Barlou Pty Ltd,TAS,Koonya,299 NEWMANS CREEK RD,7187,0171,Poultry Farming (Meat),Poultry Meat,51009549900,009549900,,2011/2012,http://www.npi.gov.au/npidata/action/load/individual-facility-detail/criteria/state/TAS/year/2012/jurisdiction-facility/TAS+431
BAROSSA CERAMICS,Barossa Ceramics,SA,Nurioopta,109 Murray St,5355,2029,Other Ceramic Product Manufacturing,Manufacture of ceramic (fried clay) floor tiles.,84070453548,070453548,,1999/2000,http://www.npi.gov.au/npidata/action/load/individual-facility-detail/criteria/state/SA/year/2000/jurisdiction-facility/SA0436
BARRO GROUP PTY LIMITED,Bacchus Marsh,VIC,Darley,2668 GISBORNE ROAD,3340,0911,Gravel and Sand Quarrying,"Sand quarrying, washing or screening",42005105724,005105724,,2023/2024,http://www.npi.gov.au/npidata/action/load/individual-facility-detail/criteria/state/VIC/year/2024/jurisdiction-facility/00030850
BARTTER ENTERPRISES PTY LIMITED,Bartter Avenue 31,NSW,Darlington Point,Ringwood Road,2706,0171,Poultry Farming (Meat),Meat breeder rearing facility,22000451374,000451374,http://www.baiada.com.au,2023/2024,http://www.npi.gov.au/npidata/action/load/individual-facility-detail/criteria/state/NSW/year/2024/jurisdiction-facility/1221
BARTTER ENTERPRISES PTY LTD,Bartter Enterprises Marsden Park,NSW,Marsden Park,1 South Street,2765,0171,Poultry Farming (Meat),Distribution and poultry deboning,95002759462,002759462,,2002/2003,http://www.npi.gov.au/npidata/action/load/individual-facility-detail/criteria/state/NSW/year/2003/jurisdiction-facility/504
BARWON REGION WATER AUTHORITY,Colac Water Treatment Plant,VIC,Elliminyt,240 FOREST ST SOUTH,3249,2811,Water Supply,potable water supply,86348316514,,,2023/2024,http://www.npi.gov.au/npidata/action/load/individual-facility-detail/criteria/state/VIC/year/2024/jurisdiction-facility/00029287
BASF AUSTRALIA LTD,BASF Cheltenham,VIC,Cheltenham ,71-75 TAUNTON DR,3192,1841,Human Pharmaceutical and Medicinal Product Manufacturing,Extraction and Purification of Beta-carotene,62008437867,008437867,https://www.basf.com/au/en.html,2023/2024,http://www.npi.gov.au/npidata/action/load/individual-facility-detail/criteria/state/VIC/year/2024/jurisdiction-facility/00030826
BASS COAST SHIRE COUNCIL,Grantville Landfill,VIC,Grantville,"GRANTVILLE GRAVEL RESERVE, CNR BASS HWY & STANLEY RD",3984,2921,Waste Treatment and Disposal Services,Waste disposal,81071510240,,http://www.basscoast.vic.gov.au,2023/2024,http://www.npi.gov.au/npidata/action/load/individual-facility-detail/criteria/state/VIC/year/2024/jurisdiction-facility/00006943
BATCHFIRE RESOURCES PTY LTD,Callide,QLD,Biloela,OLD COAL RD,4715,0600,Coal Mining,Coal mining,84607340189,607340189,https://www.batchfire.com.au/,2023/2024,http://www.npi.gov.au/npidata/action/load/individual-facility-detail/criteria/state/QLD/year/2024/jurisdiction-facility/Q020CCF001
BAW BAW SHIRE COUNCIL,BAW BAW SHIRE COUNCIL,VIC,Lardner,SIMPSONS RD,3821,2921,Waste Treatment and Disposal Services,Landfill closed 1999,47274526683,,,2002/2003,http://www.npi.gov.au/npidata/action/load/individual-facility-detail/criteria/state/VIC/year/2003/jurisdiction-facility/00006924
BAXTER BUSINESS PTY LTD,FRASER ROAD LANDFILL,VIC,Clayton South,FRASER RD,3169,2921,Waste Treatment and Disposal Services,Landfill,38099593594,099593594,http://www.cleanaway.com.au,2023/2024,http://www.npi.gov.au/npidata/action/load/individual-facility-detail/criteria/state/VIC/year/2024/jurisdiction-facility/00022864
BAYRANGE PTY LTD,Bayrange TG Jung Quarry,NSW,Coffs Harbour,530 Coramba Road,2450,0919,Other Construction Material Mining,"Material extraction, crush and screen, load and haul",83003991866,003991866,https://bayrange.com.au/jungquarries/,2023/2024,http://www.npi.gov.au/npidata/action/load/individual-facility-detail/criteria/state/NSW/year/2024/jurisdiction-facility/1578
BAYVAL PTY LTD,Valla Quarry,NSW,Valla,491 Valla Road,2448,0990,Other Non-Metallic Mineral Mining and Quarrying,"Extractive industry, quarrying",52629135931,,https://bayrange.com.au,2023/2024,http://www.npi.gov.au/npidata/action/load/individual-facility-detail/criteria/state/NSW/year/2024/jurisdiction-facility/1455
BCD TECHNOLOGIES,Narangba,QLD,Narangba,8-12 Krypton Street,4504,2921,Waste Treatment and Disposal Services,"waste collection, treatment and disposal",51010873855,010873855,http://www.bcdtechnologies.com.au,2009/2010,http://www.npi.gov.au/npidata/action/load/individual-facility-detail/criteria/state/QLD/year/2010/jurisdiction-facility/Q015BCD001
BD&D MILK PTY LTD,BD&D - Lenah Valley,TAS,Lenah Valley,215 Lenah Valley Road,7008,1131,Milk and Cream Processing,Manufacture of dairy products,65004486631,004486631,http://www.begacheese.com.au,2023/2024,http://www.npi.gov.au/npidata/action/load/individual-facility-detail/criteria/state/TAS/year/2024/jurisdiction-facility/TAS+517
BEACH ENERGY LIMITED,Aldinga Oilfield,SA,Merty Merty,Strzelecki Track via Leigh Creek,5731,0700,Oil and Gas Extraction,Oil Production,20007617969,007617969,http://www.beachenergy.com.au,2013/2014,http://www.npi.gov.au/npidata/action/load/individual-facility-detail/criteria/state/SA/year/2014/jurisdiction-facility/SA0676
BEAVER PACKAGING P/L,Multiflex Packaging P/L (Richmond Plant),VIC,Richmond,CNR CREMORNE ST & HARCOURT PDE,3121,1611,Printing,Flexographic Printing,66096426587,096426587,,2003/2004,http://www.npi.gov.au/npidata/action/load/individual-facility-detail/criteria/state/VIC/year/2004/jurisdiction-facility/00020307
BEGA CHEESE LIMITED,KOROIT SITE,VIC,Koroit,MIDGLEY ST,3282,1131,Milk and Cream Processing,Dairy food processing plant,81008358503,008358503,,2023/2024,http://www.npi.gov.au/npidata/action/load/individual-facility-detail/criteria/state/VIC/year/2024/jurisdiction-facility/00004336
BEGA DAIRY AND DRINKS PTY LTD,BD&D Milk PTY LTD (Crestmead),QLD,Crestmead,64-72 MAGNESIUM DR,4132,1131,Milk and Cream Processing,Milk and Cream Processing,65004486631,004486631,http://www.begacheese.com.au,2023/2024,http://www.npi.gov.au/npidata/action/load/individual-facility-detail/criteria/state/QLD/year/2024/jurisdiction-facility/Q026NAF001
BEGA VALLEY SHIRE COUNCIL,Bega Valley Shire Council Central Waste Facility,NSW,Frogs Hollow,Wanatta Lane,2550,2921,Waste Treatment and Disposal Services,Landfilling,26987935332,,https://begavalley.nsw.gov.au,2023/2024,http://www.npi.gov.au/npidata/action/load/individual-facility-detail/criteria/state/NSW/year/2024/jurisdiction-facility/1580
BEGA-DAIRY & DRINKS PTY LTD,Bega Dairy & Drinks Malanda,QLD,Malanda,19 JAMES ST,4885,1131,Milk and Cream Processing,Milk Processing,65004486631,004486631,https://begagroup.com.au,2023/2024,http://www.npi.gov.au/npidata/action/load/individual-facility-detail/criteria/state/QLD/year/2024/jurisdiction-facility/Q026MDL001
BELYANDO SHIRE COUNCIL,Clermont Closed Landfill,QLD,Clermont,Cheesebrough Road,4721,2921,Waste Treatment and Disposal Services,Closed Sanitary Landfill,96814177269,,,1999/2000,http://www.npi.gov.au/npidata/action/load/individual-facility-detail/criteria/state/QLD/year/2000/jurisdiction-facility/Q058BEL004
BEMCOVE PTY LTD,Watson Road,QLD,Acacia Ridge,146 Watson Road,4110,2922,Waste Remediation and Materials Recovery Services,"Waste, solid, collection service",91010843606,010843606,https//www.bmigroup.com.au/portfolio/concrete-crushing-brisbane/,2023/2024,http://www.npi.gov.au/npidata/action/load/individual-facility-detail/criteria/state/QLD/year/2024/jurisdiction-facility/Q058BMI002
BENDIGO BRICK P/L,BENDIGO BRICK P/L,VIC,Bendigo,JEWELL CT,3550,2021,Clay Brick Manufacturing,Manufacture of clay bricks and pavers,58006177064,006177064,http://www.bendigobrick.com.au,2006/2007,http://www.npi.gov.au/npidata/action/load/individual-facility-detail/criteria/state/VIC/year/2007/jurisdiction-facility/00004124
BENGALLA MINING COMPANY PTY LIMITED,Bengalla Operations,NSW,Muswellbrook,Bengalla Road,2333,0600,Coal Mining,Black Coal Mining Handling and Preparation,32053909470,,http://www.bengalla.com.au/,2023/2024,http://www.npi.gov.au/npidata/action/load/individual-facility-detail/criteria/state/NSW/year/2024/jurisdiction-facility/393
BGC (AUSTRALIA) PTY LTD,Hazelmere Plant and Depot,WA,Hazelmere,Cnr Bushmead Road and Stirling Crescent,6055,2034,Concrete Product Manufacturing,"Manufacturing of Asphalt, Concrete, Concrete Products and Plasterboard. Transport fleet depot and depot for various building supplies.",62005736005,005736005,https://www.bgc.com.au,2023/2024,http://www.npi.gov.au/npidata/action/load/individual-facility-detail/criteria/state/WA/year/2024/jurisdiction-facility/WA0992
BGC CONTRACTING PTY LTD,Elazac Quarry,WA,Boodarie,37km SWS of Port Hedland off Great Northern Hwy,6722,0919,Other Construction Material Mining,Quarrying & Crushing,88008766407,008766407,,2014/2015,http://www.npi.gov.au/npidata/action/load/individual-facility-detail/criteria/state/WA/year/2015/jurisdiction-facility/WA1134
BHP BILLITON DIRECT REDUCED IRON PTY LTD,Boodarie Iron,WA,Port Hedland,GREAT NORTHERN HWY BOODARIE,6721,2110,Iron Smelting and Steel Manufacturing,Processing of iron ore fines into high iron content briquettes - no processing YEJ05 as facility has been placed in care & maintenance,50058025960,058025960,,2004/2005,http://www.npi.gov.au/npidata/action/load/individual-facility-detail/criteria/state/WA/year/2005/jurisdiction-facility/WA0373
BHP BILLITON IRON ORE PTY LTD,Yarnima Power Station,WA,Newman,Great Northern Highway,6753,2611,Fossil Fuel Electricity Generation,Combined Cycle Gas Fired Power Station 140MWe per annum ,46008700981,008700981,https://www.bhp.com/,2023/2024,http://www.npi.gov.au/npidata/action/load/individual-facility-detail/criteria/state/WA/year/2024/jurisdiction-facility/WA1444
BHP BILLITON LIMITED,ATWOOD FALCON,WA,Exmouth,OFFSHORE MOBILE FACILITY,6707,0700,Oil and Gas Extraction,OFFSHORE PETROLEUM DRILLING,49004028077,004028077,,2002/2003,http://www.npi.gov.au/npidata/action/load/individual-facility-detail/criteria/state/WA/year/2003/jurisdiction-facility/WA0614
BHP BILLITON PETROLEUM P/L,Minerva Gas Projects No. 3 and 4,VIC,Port Campbell,OFFSHORE MINERVA GAS FIELD; 10KM SOUTH OF,3269,0700,Oil and Gas Extraction,Drilling and production testing of the Minerva 3 and 4 offshore wells using a semi-submersible SEDCO 702 Mobile Offshore Drilling Unit,97006918832,006918832,,2002/2003,http://www.npi.gov.au/npidata/action/load/individual-facility-detail/criteria/state/VIC/year/2003/jurisdiction-facility/00022770
BHP BILLITON PETROLEUM PTY LTD,Atwood Eagle,WA,Onslow,152-158 St Georges Terrace,6710,0700,Oil and Gas Extraction,Drilling offshore for oil and gas (exploration),97006918832,006918832,,2006/2007,http://www.npi.gov.au/npidata/action/load/individual-facility-detail/criteria/state/WA/year/2007/jurisdiction-facility/WA0899
BHP BILLITON PTY LTD,SEDCO 702,WA,Off Shore,360km off North West Shelf,9999,0700,Oil and Gas Extraction,Offshore petroleum drilling,49004028077,,,2001/2002,http://www.npi.gov.au/npidata/action/load/individual-facility-detail/criteria/state/WA/year/2002/jurisdiction-facility/WA0550
BHP COAL PTY LTD,Blackwater Mine,QLD,Blackwater,BLACKWATER MINE,4717,0600,Coal Mining,Coal Mining,83010595721,010595721,http://whitehavencoal.com.au,2023/2024,http://www.npi.gov.au/npidata/action/load/individual-facility-detail/criteria/state/QLD/year/2024/jurisdiction-facility/Q020BHP009
BHP NICKEL WEST PTY LTD,Kwinana Nickel Refinery,WA,East Rockingham,PATTERSON RD,6168,2139,Other Basic Non-Ferrous Metal Manufacturing,"Processing nickel sulphide matte and concentrate, producing nickel
briquettes and nickel powder. Intermediate products include nickel-cobalt
sulphide, copper-sulphide, ammonium sulphate",76004184598,004184598,,2023/2024,http://www.npi.gov.au/npidata/action/load/individual-facility-detail/criteria/state/WA/year/2024/jurisdiction-facility/WA0354
BHUPINDER S & JASWINDER S TAKHAR,BHUPINDER S & JASWINDER S TAKHAR,QLD,Redlands,1 Heinemann Road,4165,0171,Poultry Farming (Meat),Meat Chicken Facility,85264751876,,,2013/2014,http://www.npi.gov.au/npidata/action/load/individual-facility-detail/criteria/state/QLD/year/2014/jurisdiction-facility/Q086ILB014
BIG COUNTRY (AUSTRALIA) PTY LTD,Booker Farm,WA,Oakford,101 King Road,6121,0171,Poultry Farming (Meat),Chicken raising for meat production.,26066611863,066611863,,2023/2024,http://www.npi.gov.au/npidata/action/load/individual-facility-detail/criteria/state/WA/year/2024/jurisdiction-facility/WA0654
BILLMAN'S FOUNDRY PTY LTD,BILLMAN'S FOUNDRY PTY LTD,VIC,Castlemaine,7 LANGSLOW ST,3450,2121,Iron and Steel Casting,Ferrous and non-ferrous foundry,67006847865,006847865,http://www.billmansfoundry.com.au,2023/2024,http://www.npi.gov.au/npidata/action/load/individual-facility-detail/criteria/state/VIC/year/2024/jurisdiction-facility/00006759
BIRD BROS PTY LIMITED,Bird Bros Pty Ltd Alexandria,NSW,Alexandria,69-73 O'Riordan Street,2015,1111,Meat Processing,"Rendering butchers bones, fat and meatscraps into tallow and meat and bone meal",81000062439,000062439,,2004/2005,http://www.npi.gov.au/npidata/action/load/individual-facility-detail/criteria/state/NSW/year/2005/jurisdiction-facility/897
BIS INDUSTRIES,East Ridgley Quarry,TAS,East Ridgley,207 Circular Road,7321,0919,Other Construction Material Mining,"Earth, soil or filling quarrying",13125202253,,http://www.bisindustries.com,2017/2018,http://www.npi.gov.au/npidata/action/load/individual-facility-detail/criteria/state/TAS/year/2018/jurisdiction-facility/TAS+509
BISALLOY STEELS PTY LTD,Bisalloy Steels Unanderra,NSW,Unanderra,18 Resolution Drive,2526,2110,Iron Smelting and Steel Manufacturing,Manufacture of quenched and tempered steel plate,27001641292,001641292,http://www.bisalloy.com.au,2023/2024,http://www.npi.gov.au/npidata/action/load/individual-facility-detail/criteria/state/NSW/year/2024/jurisdiction-facility/1543
BLACKMORES LIMITED,Blackmores Braeside,VIC,Braeside,217-221 GOVERNOR RD,3195,1841,Human Pharmaceutical and Medicinal Product Manufacturing,Manufacture of pharmaceutical products,35009713437,009713437,http://www.blackmores.com.au,2023/2024,http://www.npi.gov.au/npidata/action/load/individual-facility-detail/criteria/state/VIC/year/2024/jurisdiction-facility/00030010
BLINCO ROSS ISOBEL GARRY & MARY,RW Blinco & Sons,QLD,Jandowae,Jerogael,4410,1411,Log Sawmilling,Sawmilling,55563719491,,,2004/2005,http://www.npi.gov.au/npidata/action/load/individual-facility-detail/criteria/state/QLD/year/2005/jurisdiction-facility/Q039SAW003
BLOOMFIELD COLLIERIES PTY LTD,Bloomfield Colliery,NSW,Ashtonfield,Four Mile Creek Road,2323,0600,Coal Mining,Open cut coal mining including processing for the export market.,76000106972,000106972,http://www.bloomcoll.com.au/,2023/2024,http://www.npi.gov.au/npidata/action/load/individual-facility-detail/criteria/state/NSW/year/2024/jurisdiction-facility/390
BLUE EAGLE RURAL PTY LTD,BLUE EAGLE RURAL PTY LTD,QLD,Gleneagle,6605 Mt Lindesay Hwy,4285,0171,Poultry Farming (Meat),Meat Chicken Facility,99096261415,096261415,,2013/2014,http://www.npi.gov.au/npidata/action/load/individual-facility-detail/criteria/state/QLD/year/2014/jurisdiction-facility/Q086ILB082
BLUE STAR GROUP (VICTORIA) PTY LIMITED,Blue Star Print,VIC,Clayton,"3 NURSERY AV, CLAYTON BUSINESS PARK",3168,1611,Printing,Commercial sheet feed printer,53004125231,004125231,,2020/2021,http://www.npi.gov.au/npidata/action/load/individual-facility-detail/criteria/state/VIC/year/2021/jurisdiction-facility/00029081
BLUESCOPE STEEL (AIS) PTY LTD,BlueScope Steel Port Kembla Steelworks,NSW,Port Kembla,Five Islands Road,2505,2110,Iron Smelting and Steel Manufacturing,"Primary iron and steel manufacture, coke production",19000019625,,http://www.bluescope.com,2023/2024,http://www.npi.gov.au/npidata/action/load/individual-facility-detail/criteria/state/NSW/year/2024/jurisdiction-facility/360
BLUESCOPE STEEL LIMITED,"BANZ, Manufacturing - Springhill",NSW,Port Kembla,Springhill Road,2500,2110,Iron Smelting and Steel Manufacturing,Further process hot rolled coil by pickling to remove scale and reduce thickness by cold rolling. Metal coat (galvanise and zincalume); Strip mild steel. Paint zinculume (colour bond) strip. Pack and dispatch.,16000011058,000011058,http://www.bluescopesteel.com,2023/2024,http://www.npi.gov.au/npidata/action/load/individual-facility-detail/criteria/state/NSW/year/2024/jurisdiction-facility/134
BLUEWATERS POWER 1 PTY LTD,Bluewaters Power Station No 1&2,WA,Palmer,Boys Home Road,6225,2611,Fossil Fuel Electricity Generation,Power Production,93106034879,106034879,http://www.bluewatersps.com.au,2023/2024,http://www.npi.gov.au/npidata/action/load/individual-facility-detail/criteria/state/WA/year/2024/jurisdiction-facility/WA1141
BM ALLIANCE COAL OPERATIONS PTY LTD,Caval Ridge Mine,QLD,Moranbah,Peak Downs Hwy,4744,0600,Coal Mining,Coal Mining,67096412752,,https://www.bhp.com/,2023/2024,http://www.npi.gov.au/npidata/action/load/individual-facility-detail/criteria/state/QLD/year/2024/jurisdiction-facility/Q020BMA002
BMP POULTRY P/L,BMP POULTRY P/L,VIC,Tyabb,25 DANDENONG-HASTINGS RD,3913,0171,Poultry Farming (Meat),Poultry farming,26100065629,100065629,,2004/2005,http://www.npi.gov.au/npidata/action/load/individual-facility-detail/criteria/state/VIC/year/2005/jurisdiction-facility/00026916
BOC GASES AUST LTD,BOC GASES AUST LTD,VIC,Nirranda,CALLAGHANS RD,3268,1811,Industrial Gas Manufacturing,"Manufacture, storage & distribution of carbon dioxide",95000029729,000029729,http://www.boc.com.au,2002/2003,http://www.npi.gov.au/npidata/action/load/individual-facility-detail/criteria/state/VIC/year/2003/jurisdiction-facility/00016646
BOC LIMITED,Altona,VIC,Altona North,KOROROIT CREEK RD,3018,1811,Industrial Gas Manufacturing,Industrial gas manufacturing,95000029729,000029729,http://www.boc.com.au,2023/2024,http://www.npi.gov.au/npidata/action/load/individual-facility-detail/criteria/state/VIC/year/2024/jurisdiction-facility/00016638
BOGGABRI COAL PTY LIMITED,Boggabri Coal Mine,NSW,Boggabri,386 Leard Forest Road,2382,0600,Coal Mining,"Coal mining, open cut.",77122087398,122087398,https://www.idemitsu.com.au/,2023/2024,http://www.npi.gov.au/npidata/action/load/individual-facility-detail/criteria/state/NSW/year/2024/jurisdiction-facility/1096
BOGSIDE MINING INDUSTRIES PTY LTD,Austin St,QLD,New Chum,191 Whitford Road,4303,0919,Other Construction Material Mining,Other Construction Material Mining,41114041879,114041879,https://www.bmigroup.com.au/,2023/2024,http://www.npi.gov.au/npidata/action/load/individual-facility-detail/criteria/state/QLD/year/2024/jurisdiction-facility/Q056BOG001
BONLAC FOODS LTD,Bonlac Foods Camperdown,VIC,Camperdown,MANIFOLD ST,3260,1131,Milk and Cream Processing,Dairy plant.,,006483665,http://www.bonlac.com.au,1999/2000,http://www.npi.gov.au/npidata/action/load/individual-facility-detail/criteria/state/VIC/year/2000/jurisdiction-facility/00004373
BORAL BESSER MASONRY LTD,Boral Besser Masonry Ltd,WA,Jandakot,Armadale Road,6164,2034,Concrete Product Manufacturing,"Raw materials (sand, aggregates, lime) mixed and cured to produce masonry products.",42008674244,008674244,,2000/2001,http://www.npi.gov.au/npidata/action/load/individual-facility-detail/criteria/state/WA/year/2001/jurisdiction-facility/WA0222
BORAL BESSER MASONRY LTD WA,Boral Besser Masonry,WA,Cannington,68 Bickley Road,6107,2034,Concrete Product Manufacturing,"Production of masonry products using sand, aggregates, cement and lime. Mixing followed by curing in steam and oven autoclaves..",,,,1999/2000,http://www.npi.gov.au/npidata/action/load/individual-facility-detail/criteria/state/WA/year/2000/jurisdiction-facility/WA0223
BORAL BRICKS (VIC) LTD,BORAL BRICKS (VIC) LTD,NSW,Jindera,HUESKE RD,2642,2021,Clay Brick Manufacturing,Clay brick manufacturing,,004812702,,1999/2000,http://www.npi.gov.au/npidata/action/load/individual-facility-detail/criteria/state/VIC/year/2000/jurisdiction-facility/00006630
BORAL BRICKS PTY LTD,Boral Bricks - Moorebank,NSW,Moorebank,Nuwarra Road,2170,2021,Clay Brick Manufacturing,Brick manufacturing: crushing; extruding; drying; firing; packaging & despatching.,66082448342,082448342,http://www.boral.com.au/index.htm,1999/2000,http://www.npi.gov.au/npidata/action/load/individual-facility-detail/criteria/state/NSW/year/2000/jurisdiction-facility/146
BORAL CEMENT LIMITED,BORAL CEMENT LIMITED,VIC,Waurn Ponds,170 RESERVOIR RD,3216,2031,Cement and Lime Manufacturing,Cement Manufacturing,62008528523,008528523,http://www.boral.com.au/Cement/cement.asp,2021/2022,http://www.npi.gov.au/npidata/action/load/individual-facility-detail/criteria/state/VIC/year/2022/jurisdiction-facility/00004145
BORAL CONSTRUCTION MATERIALS GROUP LTD,Bridgewater Quarry,TAS,Bridgewater,Midland Highway,7030,0911,Gravel and Sand Quarrying,Quarrying,15000028080,000028080,,2023/2024,http://www.npi.gov.au/npidata/action/load/individual-facility-detail/criteria/state/TAS/year/2024/jurisdiction-facility/TAS+466
BORAL MONTORO P/L,Boral Roofing,QLD,Carole Park,110 - 118 COBALT ST,4300,2034,Concrete Product Manufacturing,Production of Concrete Roofing Tiles,34002944694,002944694,http://www.boral.com.au,2003/2004,http://www.npi.gov.au/npidata/action/load/individual-facility-detail/criteria/state/QLD/year/2004/jurisdiction-facility/Q011BOR001
BORAL RECYCLING PTY LIMITED,Boral Recycling Widemere,NSW,Wetherill Park,38 Widemere Road,2164,0919,Other Construction Material Mining,Construction and demolition recycling facility,42000061843,000061843,http://www.boral.com.au,2023/2024,http://www.npi.gov.au/npidata/action/load/individual-facility-detail/criteria/state/NSW/year/2024/jurisdiction-facility/1046
BORAL RESOURCES (COUNTRY) PTY LTD,Boral Beryl Quarry,NSW,Beryl,Springridge Road,2852,0919,Other Construction Material Mining,Land-based extractive activity,51000187002,000187002,http://www.boral.com.au,2023/2024,http://www.npi.gov.au/npidata/action/load/individual-facility-detail/criteria/state/NSW/year/2024/jurisdiction-facility/1286
BORAL RESOURCES (NSW) PTY LTD,Boral Dunmore Quarry,NSW,Dunmore,Princes Highway (Tabbita Road),2529,0919,Other Construction Material Mining,Land based extractive industry.,51000756507,000756507,http://www.boral.com.au,2023/2024,http://www.npi.gov.au/npidata/action/load/individual-facility-detail/criteria/state/NSW/year/2024/jurisdiction-facility/448
BORAL RESOURCES (QLD) PTY LIMITED,Boral Quarries Amby,QLD,Amby,Warrego Highway,4462,0990,Other Non-Metallic Mineral Mining and Quarrying,"Extraction of rock, crushing, screening",46009671809,009671809,http://www.boral.com.au,2014/2015,http://www.npi.gov.au/npidata/action/load/individual-facility-detail/criteria/state/QLD/year/2015/jurisdiction-facility/Q056BOL012
BORAL RESOURCES (SA) LIMITED,Kapunda Quarry,SA,Fords,455 The Gap Road,5373,0990,Other Non-Metallic Mineral Mining and Quarrying,Quarry,72007516494,007516494,,2023/2024,http://www.npi.gov.au/npidata/action/load/individual-facility-detail/criteria/state/SA/year/2024/jurisdiction-facility/SA0765
BORAL RESOURCES (VIC) PTY LIMITED,Boral Quarry Bacchus Marsh,VIC,Bacchus Marsh,BONNIE VALE RD,3340,0911,Gravel and Sand Quarrying,Sand and Gravel Extraction with Processing (washing) Plant,87004620731,004620731,http://www.boral.com.au,2023/2024,http://www.npi.gov.au/npidata/action/load/individual-facility-detail/criteria/state/VIC/year/2024/jurisdiction-facility/00010132
BORAL RESOURCES (WA) LTD,Mt Regal Quarry,WA,Karratha,Tenement M47/492 North West Coastal Highway,6714,0919,Other Construction Material Mining,Mining and crushing of basalt.,57008686904,008686904,,2023/2024,http://www.npi.gov.au/npidata/action/load/individual-facility-detail/criteria/state/WA/year/2024/jurisdiction-facility/WA1479
BORAL RESOURCES PTY LTD,Innes Park Quarry,QLD,Innes Park,383 Back Windermere Road,4670,0911,Gravel and Sand Quarrying,Quarrying,46009671809,009671809,,2007/2008,http://www.npi.gov.au/npidata/action/load/individual-facility-detail/criteria/state/QLD/year/2008/jurisdiction-facility/Q056BOL011
BOUNTY MINING LTD,Cook Colliery,QLD,Blackwater,Ardurad Road,4717,0600,Coal Mining,Coal mining,19107411067,107411067,www.qcoal.com.au,2023/2024,http://www.npi.gov.au/npidata/action/load/individual-facility-detail/criteria/state/QLD/year/2024/jurisdiction-facility/Q020CRM001
BOUNTY OIL & GAS NL,Fairymount Field,QLD,St George,Moonie Hwy,4484,0700,Oil and Gas Extraction,Crude Oil Production,82090625353,090625353,,2014/2015,http://www.npi.gov.au/npidata/action/load/individual-facility-detail/criteria/state/QLD/year/2015/jurisdiction-facility/Q012MOI002
BOWEN PCI PTY LTD,Bluff Coal Mine,QLD,Bluff,Lot 11 on Plan H4023 Capricorn Highway,4702,0600,Coal Mining,Black coal mining,16653260809,653260809,https://www.bowencokingcoal.com.au/,2023/2024,http://www.npi.gov.au/npidata/action/load/individual-facility-detail/criteria/state/QLD/year/2024/jurisdiction-facility/Q020CRP001
BPL ADELAIDE PTY LIMITED,Wasleys Farm,SA,Templers,Barrow Road,5371,0171,Poultry Farming (Meat),Chicken broiler facility,40108037798,108037798,http://www.baiada.com.au,2023/2024,http://www.npi.gov.au/npidata/action/load/individual-facility-detail/criteria/state/SA/year/2024/jurisdiction-facility/SA0462
BRADBURY INDUSTRIAL SERVICES PTY LTD,BRADBURY INDUSTRIAL SERVICES PTY LTD,VIC,Campbellfield,16-18 THORNYCROFT ST,3061,2922,Waste Remediation and Materials Recovery Services,Waste solvent recycler,80121279847,121279847,http://www.bradburyis.com,2017/2018,http://www.npi.gov.au/npidata/action/load/individual-facility-detail/criteria/state/VIC/year/2018/jurisdiction-facility/00029159
BRADKEN RESOURCES PTY LIMITED,Acacia Ridge,QLD,Acacia Ridge,21  Activity St,4110,2121,Iron and Steel Casting,Ferrous and non-ferrous foundry,82098300988,098300988,http://www.bradken.com,2013/2014,http://www.npi.gov.au/npidata/action/load/individual-facility-detail/criteria/state/QLD/year/2014/jurisdiction-facility/Q003ANI004
BRAEMER POWER PROJECT PTY LTD,Braemar Power Project,QLD,Dalby,Lot 128 Grahams Road,4405,2611,Fossil Fuel Electricity Generation,Power Generation,54113386600,113386600,http://www.alintaenergy.com,2023/2024,http://www.npi.gov.au/npidata/action/load/individual-facility-detail/criteria/state/QLD/year/2024/jurisdiction-facility/Q019BPP001
BRAJKOVICH & SONS NO 6,Brajkovich & Sons No 6,WA,Middle Swan,Lot 8 Swan Road,6056,0171,Poultry Farming (Meat),Chicken raising for meat production,16147466385,,,2023/2024,http://www.npi.gov.au/npidata/action/load/individual-facility-detail/criteria/state/WA/year/2024/jurisdiction-facility/WA0579
BREMER PASTORAL COMPANY,Bremer,QLD,Lower Mt Walker,1250 Rosewood-Warrill View Road,4340,0171,Poultry Farming (Meat),Meat Chicken Facility,44011044269,011044269,,2023/2024,http://www.npi.gov.au/npidata/action/load/individual-facility-detail/criteria/state/QLD/year/2024/jurisdiction-facility/Q086ILB105
BREMER PASTORAL COMPANY PTY LTD,BREMER PASTORAL COMPANY PTY LTD,QLD,Rosewood,120 Murrays Crossing Road Lower Mount Walker,4340,0171,Poultry Farming (Meat),Meat Chicken Facility,44011044269,,,2013/2014,http://www.npi.gov.au/npidata/action/load/individual-facility-detail/criteria/state/QLD/year/2014/jurisdiction-facility/Q086ILB025
BRIDGEPORT (COOPER BASIN) PTY LTD,Byrock Oilfield,QLD,Quilpie,Corowa Downs Station via ,4480,0700,Oil and Gas Extraction,,32163123304,163123304,http://www.bridgeport.net.au,2016/2017,http://www.npi.gov.au/npidata/action/load/individual-facility-detail/criteria/state/QLD/year/2017/jurisdiction-facility/Q012BEA004
BRIDGEPORT (EROMANGA) PTY LTD,Inland Oil Field PL 98,QLD,Windorah,Inland Oilfield,4481,0700,Oil and Gas Extraction,Crude Oil Production and Exploration,82148013469,148013469,http://www.bridgeport.net.au,2023/2024,http://www.npi.gov.au/npidata/action/load/individual-facility-detail/criteria/state/QLD/year/2024/jurisdiction-facility/Q012IOR001
BRIDGEPORT (SURAT BASIN) PTY LTD,Moonie Oil Field PL 1,QLD,Moonie,CNR GREEN RD & WHITES RD,4406,0700,Oil and Gas Extraction,Oil exploration and production,81608515939,608515939,http://www.bridgeport.net.au,2023/2024,http://www.npi.gov.au/npidata/action/load/individual-facility-detail/criteria/state/QLD/year/2024/jurisdiction-facility/Q012SAN007
BRIDGEWEST PERTH PHARMA PTY LTD,BridgeWest Perth Pharma (NovaCina),WA,Bentley,15 Brodie Hall Dr,6102,1841,Human Pharmaceutical and Medicinal Product Manufacturing,Pharmaceutical manufacturing,21663385411,663385411,,2023/2024,http://www.npi.gov.au/npidata/action/load/individual-facility-detail/criteria/state/WA/year/2024/jurisdiction-facility/WA0441
BRISBANE CITY COUNCIL,Acacia Road (Karawatha) Former Landfill,QLD,Karawatha,ACACIA RD,4117,2921,Waste Treatment and Disposal Services,Acacia Road Former Landfill closed in 1991,72002765795,,,2009/2010,http://www.npi.gov.au/npidata/action/load/individual-facility-detail/criteria/state/QLD/year/2010/jurisdiction-facility/Q058BCC001
BRISTILE LTD,Austral Bricks - Chapmans Clay Pit,WA,Keysbrook,LOT 737 FIRNS ROAD,6206,0911,Gravel and Sand Quarrying,Mining of non-metallic minerals,19056541096,056541096,,2002/2003,http://www.npi.gov.au/npidata/action/load/individual-facility-detail/criteria/state/WA/year/2003/jurisdiction-facility/WA0228
BRISTILE OPERATIONS P/L,Austral Bricks - Judge & Farrell Red & White Clay Pit,WA,Bakers Hill,LOT 2039 CHITTY RD,6562,0919,Other Construction Material Mining,Mining of non Metallic Minerals,34079711603,079711603,http://www.australbricks.com.au,2005/2006,http://www.npi.gov.au/npidata/action/load/individual-facility-detail/criteria/state/WA/year/2006/jurisdiction-facility/WA0229
BRITTON BROS P/L,BRITTON BROS P/L,TAS,Smithton,3 BRITTONS RD,7330,1413,Timber Resawing and Dressing,"Sawmilling, timber drying and processing",28009478586,009478586,http://www.brittontimbers.com.au,2023/2024,http://www.npi.gov.au/npidata/action/load/individual-facility-detail/criteria/state/TAS/year/2024/jurisdiction-facility/TAS+28
BROADLEA COAL MANAGEMENT P/L FOR VALE AUSTRALIA (CQ) P/L & NEBO CENTRAL COAL P/L,Broadlea North Coal Project,QLD,Via Coppabella,Peak Downs Highway,4741,0600,Coal Mining,Open Cut Coal Mine. Coal washing and dispatch from Carborough Downs Mine CHPP and train loader.,13104885994,104885994,,2023/2024,http://www.npi.gov.au/npidata/action/load/individual-facility-detail/criteria/state/QLD/year/2024/jurisdiction-facility/Q020BCM001
BROMELTON QUARRY PTY LTD,Bromelton,QLD,Bromelton,325 Sandy Creek Road,4285,0911,Gravel and Sand Quarrying,"Sand quarrying, washing or screening",97144558903,144558903,,2023/2024,http://www.npi.gov.au/npidata/action/load/individual-facility-detail/criteria/state/QLD/year/2024/jurisdiction-facility/Q056BQP001
BROMPTON LODGE P/L,BROMPTON LODGE P/L,VIC,Cranbourne South,1050 WESTERNPORT HWY,3977,0171,Poultry Farming (Meat),Poultry raising,93004458833,004458833,,2009/2010,http://www.npi.gov.au/npidata/action/load/individual-facility-detail/criteria/state/VIC/year/2010/jurisdiction-facility/00026912
BROOKLYN HUB PTY LTD,Old Geelong Road landfill,VIC,Brooklyn,174 OLD GEELONG RD,3012,2921,Waste Treatment and Disposal Services,Former landfill - historical waste landfill operations have ceased,,609296808,,2023/2024,http://www.npi.gov.au/npidata/action/load/individual-facility-detail/criteria/state/VIC/year/2024/jurisdiction-facility/00006985
BROWN WOOD PANELS PTY. LTD.,BROWN WOOD PANELS P/L,SA,Camden Park,107-115 MOORINGE AV,5038,1493,Veneer and Plywood Manufacturing,Processors of Natural Timber Veneer and Radiata Pine Plywood Production,29007888566,007888566,http://www.bwp.com.au,2011/2012,http://www.npi.gov.au/npidata/action/load/individual-facility-detail/criteria/state/SA/year/2012/jurisdiction-facility/SA0310
BROWNES FOODS OPERATIONS PTY LIMITED,Brownes Foods Operations – Balcatta,WA,Balcatta,22 GEDDES ST,6021,1131,Milk and Cream Processing,Manufacture and distribution of dairy products,60146849881,146849881,http://www.brownesdairy.com.au,2023/2024,http://www.npi.gov.au/npidata/action/load/individual-facility-detail/criteria/state/WA/year/2024/jurisdiction-facility/WA0296
BULGA COAL MANAGEMENT PTY LTD,Bulga Coal Surface and Underground Operations,NSW,Singleton,567 Broke Road,2330,0600,Coal Mining,Open cut and underground coal mining and coal washing and train loading,48055534391,055534391,,2023/2024,http://www.npi.gov.au/npidata/action/load/individual-facility-detail/criteria/state/NSW/year/2024/jurisdiction-facility/337
BULLI TILE & BRICK PTY LTD,Bulli Tile & Brick,NSW,Bulli,Quilkey Place,2516,2029,Other Ceramic Product Manufacturing,Manufacture and supply of clay building bricks and pavers and refractory products.,41000067578,000067578,,2003/2004,http://www.npi.gov.au/npidata/action/load/individual-facility-detail/criteria/state/NSW/year/2004/jurisdiction-facility/32
BULONG OPERATIONS PTY LTD,AVALON,WA,Kalgoorlie,Bulong Road,6430,2139,Other Basic Non-Ferrous Metal Manufacturing,Open pit mining and mineral processing of nickel and cobalt ores to produce refined nickel and cobalt.,99008930881,008930881,,2002/2003,http://www.npi.gov.au/npidata/action/load/individual-facility-detail/criteria/state/WA/year/2003/jurisdiction-facility/WA0385
BUMA AUSTRALIA PTY LTD,Commodore Coal Mine,QLD,Millmerran,Kooroongarra Rd,4357,0600,Coal Mining,"BUMA Australia is responsible for the design and operation of the open cut coal mine including safety, environment, exploration, mine planning and statutory responsibilites.",28649634579,649634579,https://buma.com.au/,2023/2024,http://www.npi.gov.au/npidata/action/load/individual-facility-detail/criteria/state/QLD/year/2024/jurisdiction-facility/Q020ROM001
BUNBURY HARVEY REGIONAL COUNCIL,Stanley Road Waste Management Facility,WA,Wellesley,51 Stanley Road,6233,2921,Waste Treatment and Disposal Services,Waste Transfer Station,79907325881,,http://www.bhrc.wa.gov.au,2023/2024,http://www.npi.gov.au/npidata/action/load/individual-facility-detail/criteria/state/WA/year/2024/jurisdiction-facility/WA1305
BURGESS FURNITURE P/L,BURGESS FURNITURE P/L,VIC,Preston,45 RAGLAN ST,3072,2511,Wooden Furniture and Upholstered Seat Manufacturing,Furniture manufacturing,41004925991,004925991,http://www.burgessfurniture.com.au,2003/2004,http://www.npi.gov.au/npidata/action/load/individual-facility-detail/criteria/state/VIC/year/2004/jurisdiction-facility/00016648
BURKELLY HOLDINGS PTY LTD,Raintree County Poultry,WA,Serpentine,322 Hopeland Rd,6125,0171,Poultry Farming (Meat),Chicken raising for meat production,,084148032,,2023/2024,http://www.npi.gov.au/npidata/action/load/individual-facility-detail/criteria/state/WA/year/2024/jurisdiction-facility/WA0690
BURNIE CITY COUNCIL,Burnie Waste Management Centre,TAS,Burnie,MOOREVILLE RD,7321,2921,Waste Treatment and Disposal Services,Municipal landfill,29846979690,,http://www.burnie.net/,2016/2017,http://www.npi.gov.au/npidata/action/load/individual-facility-detail/criteria/state/TAS/year/2017/jurisdiction-facility/TAS+285
BURRA FOODS PTY LTD,Burra Foods Factory,VIC,Korumburra,47 STATION ST,3950,1131,Milk and Cream Processing,Dairy product manufacturing,58007119904,007119904,http://www.burrafoods.com.au,2023/2024,http://www.npi.gov.au/npidata/action/load/individual-facility-detail/criteria/state/VIC/year/2024/jurisdiction-facility/00029446
BURTON COAL PTY LTD,Peabody Burton Mine,QLD,Nebo,OFF SUTTOR DEVELOPMENT RD,4742,0600,Coal Mining,"Care, Maintenance and Rehabilitation of closed open cut coal mine.",96064159977,064159977,,2023/2024,http://www.npi.gov.au/npidata/action/load/individual-facility-detail/criteria/state/QLD/year/2024/jurisdiction-facility/Q020BCP001
BURU ENERGY LTD,Blina Oil Field,WA,Mount Hardman,"Blina Station, 100km East of Derby",6765,0700,Oil and Gas Extraction,Production of Crude Oil,71130651437,130651437,http://www.buruenergy.com,2011/2012,http://www.npi.gov.au/npidata/action/load/individual-facility-detail/criteria/state/WA/year/2012/jurisdiction-facility/WA0953
BUTTAI GRAVEL PTY LTD,Buttai Quarry,NSW,Buttai,George Both Drive,2323,0990,Other Non-Metallic Mineral Mining and Quarrying,"Crushing, grinding and separating of conglomerate material for construction purposes.",47003386570,003386570,http://www.daracom.com.au,2023/2024,http://www.npi.gov.au/npidata/action/load/individual-facility-detail/criteria/state/NSW/year/2024/jurisdiction-facility/1382
BYERWEN COAL PTY LTD,Byerwen Mine,QLD,Suttor,Wollombi Road,4742,0600,Coal Mining,Coal mining,64133357632,133357632,www.qcoal.com.au,2023/2024,http://www.npi.gov.au/npidata/action/load/individual-facility-detail/criteria/state/QLD/year/2024/jurisdiction-facility/Q020BYE001
C3 AUSTRALIA PTY LTD,C3 Albany,WA,Milpura,15 Anthony St,6330,1412,Wood Chipping,Wood chipping,49145302629,145302629,https://linxcc.com.au/linx-cargo-care-group/c3/,2023/2024,http://www.npi.gov.au/npidata/action/load/individual-facility-detail/criteria/state/WA/year/2024/jurisdiction-facility/WA1536
CA GROUP AUSTRALASIA PTY LTD,Consolidated Alloys,QLD,Salisbury,9 Chrome Street,4107,2110,Iron Smelting and Steel Manufacturing,Manufacture of sheet lead and lead weights,83005084097,005084097,http://www.cagroup.com.au,2007/2008,http://www.npi.gov.au/npidata/action/load/individual-facility-detail/criteria/state/QLD/year/2008/jurisdiction-facility/Q005CAG001
CABLE SANDS PTY LTD,Tutunup Operations,WA,Tutunup,Oates Road,6280,0990,Other Non-Metallic Mineral Mining and Quarrying,Mineral sands mining,49009137142,009137142,http://www.bemax.com.au,2008/2009,http://www.npi.gov.au/npidata/action/load/individual-facility-detail/criteria/state/WA/year/2009/jurisdiction-facility/WA0695
CAIRNS REGIONAL COUNCIL,Killaloe Landfill,QLD,Killaloe,170 Killaloe Dump Road,4877,2921,Waste Treatment and Disposal Services,"Operational landfill - still receiving construction and demolition, asbestos and commercial and industrial waste.",24310025910,,https://www.cairns.qld.gov.au,2013/2014,http://www.npi.gov.au/npidata/action/load/individual-facility-detail/criteria/state/QLD/year/2014/jurisdiction-facility/Q058CAI002
CALLIDE POWER MANAGEMENT PTY LTD,Callide Power Plant,QLD,Biloela,Coal Rd,4715,2611,Fossil Fuel Electricity Generation,Combustion of fossil fuels to produce electricity,90082468700,082468700,http://www.csenergy.com.au,2023/2024,http://www.npi.gov.au/npidata/action/load/individual-facility-detail/criteria/state/QLD/year/2024/jurisdiction-facility/Q019CPM001
CALWRIGHT PACKAGING P/L,CALWRIGHT PACKAGING P/L,VIC,Rowville,25 LASER DR,3178,1611,Printing,Flexographic and gravure printing.,77006396292,006396292,,2001/2002,http://www.npi.gov.au/npidata/action/load/individual-facility-detail/criteria/state/VIC/year/2002/jurisdiction-facility/00004198
CAMPBELL BROTHERS LIMITED,Campbell Consumer Products Smithfield,NSW,Smithfield,277-303 Woodpark Road,2164,1821,Synthetic Resin and Synthetic Rubber Manufacturing,Manufacture of household cleaning products,92009657489,009657489,http://www.campbell.com.au,2006/2007,http://www.npi.gov.au/npidata/action/load/individual-facility-detail/criteria/state/NSW/year/2007/jurisdiction-facility/706
CANNON HILL INVESTMENTS P/L,Australian Country Choice,QLD,Cannon Hill,117 Colmslie Road,4170,1111,Meat Processing,"Meat processing, Rendering, Wastewater treatment ( minor) and fuel burning (black coal)",15079436187,079436187,http://www.accbeef.net.au,2023/2024,http://www.npi.gov.au/npidata/action/load/individual-facility-detail/criteria/state/QLD/year/2024/jurisdiction-facility/Q033CHI001
CANOBOLAS WOOL TOPMAKING PTY LTD,Canobolas Wool Topmaking Pty Ltd,NSW,Orange,390 Clergate Road,2800,1311,Wool Scouring,Woolscouring & topmaking. The greasy wool is washed in a conventional bowl system with hot water and detergent. The clean wool is processed into tops.,81001066477,001066477,,2000/2001,http://www.npi.gov.au/npidata/action/load/individual-facility-detail/criteria/state/NSW/year/2001/jurisdiction-facility/408
CAPE FLATTERY SILICA MINES PTY LTD,Cape Flattery Silica Mines,QLD,Cooktown,60 KM NE OF,4871,0990,Other Non-Metallic Mineral Mining and Quarrying,Silica sand mining and processing,66000586096,000586096,cfsm.com.au,2023/2024,http://www.npi.gov.au/npidata/action/load/individual-facility-detail/criteria/state/QLD/year/2024/jurisdiction-facility/Q020CFS001
CARL ZEISS VISION AUST HOLDINGS LTD,Carl Zeiss Vision,SA,Lonsdale,SHERRIFS RD,5160,2411,"Photographic, Optical and Ophthalmic Equipment Manufacturing",OPHTHALMIC LENS DESIGN & MANUFACTURING,47007719708,007719708,http://www.vision.zeiss.com,2008/2009,http://www.npi.gov.au/npidata/action/load/individual-facility-detail/criteria/state/SA/year/2009/jurisdiction-facility/SA0241
CAROMA INDUSTRIES LTD,Caroma Industries Ltd,VIC,Coburg,148 SUSSEX ST,3058,2029,Other Ceramic Product Manufacturing,Manufacture of vitreous china sanitary ware,35000189499,000189499,http://www.caroma.com.au,2005/2006,http://www.npi.gov.au/npidata/action/load/individual-facility-detail/criteria/state/VIC/year/2006/jurisdiction-facility/00004222
CARTER HOLT HARVEY PLYWOOD PTY LTD,CHH Morwell Sawmill,VIC,Hazelwood North,340 TRAMWAY RD,3840,1411,Log Sawmilling,Processing of timber for the building industry.,,002993106,http://www.chh.com,2017/2018,http://www.npi.gov.au/npidata/action/load/individual-facility-detail/criteria/state/VIC/year/2018/jurisdiction-facility/00004617
CARTER HOLT HARVEY WOODPRODUCTS (SOUTHERN REGION) PTY LIMITED,Lakeside Sawmill,SA,Mount Gambier,MILLICENT RD,5290,1411,Log Sawmilling,Timber Processing,29130911269,,,2012/2013,http://www.npi.gov.au/npidata/action/load/individual-facility-detail/criteria/state/SA/year/2013/jurisdiction-facility/SA0037
CASELLA,CASELLA,QLD,Jimboomba,68 Maryland Street,4280,0171,Poultry Farming (Meat),Chicken Farming,,,,2003/2004,http://www.npi.gov.au/npidata/action/load/individual-facility-detail/criteria/state/QLD/year/2004/jurisdiction-facility/Q086ILB017
CASEY CITY COUNCIL,Casey Joint Venture User Group,VIC,Cranbourne,"LOT 7,8,9,10,11 & 12 STEVENSONS RD",3977,2921,Waste Treatment and Disposal Services,Landfilling,43320295742,,http://www.casey.vic.gov.au,2006/2007,http://www.npi.gov.au/npidata/action/load/individual-facility-detail/criteria/state/VIC/year/2007/jurisdiction-facility/00022771
CASSOWARY COAST REGIONAL COUNCIL,Bells Creek Landfill and Transfer Station,QLD,El Arish,BETRIDGE RD,4855,2921,Waste Treatment and Disposal Services,waste storage landfill,20889787211,,,2011/2012,http://www.npi.gov.au/npidata/action/load/individual-facility-detail/criteria/state/QLD/year/2012/jurisdiction-facility/Q058JSC004
CCL SECURE PTY LTD,CCL Secure,VIC,Craigieburn,1 POTTER ST,3064,1611,Printing,Security printing - gravure on polymer,13072353452,072353452,http://www.cclsecure.com,2023/2024,http://www.npi.gov.au/npidata/action/load/individual-facility-detail/criteria/state/VIC/year/2024/jurisdiction-facility/00019576
CEMENT AUST HOLDINGS P/L,Railton Works,TAS,Railton,CEMENT WORKS RD,7305,2031,Cement and Lime Manufacturing,Cement manufacturing (except adhesive or refractory),99001085561,001085561,http://www.cemaust.com.au,2023/2024,http://www.npi.gov.au/npidata/action/load/individual-facility-detail/criteria/state/TAS/year/2024/jurisdiction-facility/TAS+68
CEMENT AUSTRALIA (KANDOS) PTY LIMITED,Kandos Cement Plant and Mine,NSW,Kandos,Jamieson Street,2848,2031,Cement and Lime Manufacturing,Limestone mining and cement production,56004158972,004158972,http://www.cemaust.com.au,2011/2012,http://www.npi.gov.au/npidata/action/load/individual-facility-detail/criteria/state/NSW/year/2012/jurisdiction-facility/415
CEMENT AUSTRALIA (QUEENSLAND) PTY LTD,Bulwer Island,QLD,Pinkenba,77 PAMELA ST,4008,2031,Cement and Lime Manufacturing,Cement manufacturing (except adhesive or refractory),70009658520,009658520,http://www.cemaust.com.au,2023/2024,http://www.npi.gov.au/npidata/action/load/individual-facility-detail/criteria/state/QLD/year/2024/jurisdiction-facility/Q050QCL001
CEMEX AUSTRALIA PTY LIMITED,SWAN POSTANS QUARRY,WA,Postans,569 POSTANS RD,6167,0919,Other Construction Material Mining,Extractive industries - quarrying,87099732297,099732297,,2007/2008,http://www.npi.gov.au/npidata/action/load/individual-facility-detail/criteria/state/WA/year/2008/jurisdiction-facility/WA0388
CEMEX AUSTRALIA PTY LTD,Lyndhurst Quarry,VIC,Hampton Park,274 HALLAM RD,3976,0911,Gravel and Sand Quarrying,Gravel and sand quarrying,87099732297,099732297,,2007/2008,http://www.npi.gov.au/npidata/action/load/individual-facility-detail/criteria/state/VIC/year/2008/jurisdiction-facility/00004520
CENTENNIAL AIRLY PTY. LIMITED,AIRLY MINE,NSW,Capertee,Glen Davis Road,2846,0600,Coal Mining,Mining for Coal,84078693722,,http://www.centennialcoal.com.au,2023/2024,http://www.npi.gov.au/npidata/action/load/individual-facility-detail/criteria/state/NSW/year/2024/jurisdiction-facility/1244
CENTENNIAL ANGUS PLACE PTY LTD,Angus Place Colliery,NSW,Lidsdale,Wolgan Road,2847,0600,Coal Mining,Underground coal mining and coal handling,87101508945,,http://www.centennialcoal.com.au,2014/2015,http://www.npi.gov.au/npidata/action/load/individual-facility-detail/criteria/state/NSW/year/2015/jurisdiction-facility/536
CENTENNIAL MANDALONG PTY LTD,Mandalong Mine,NSW,Mandalong,12 Kerri Anderson Drive,2264,0600,Coal Mining,Underground coal mining and coal handling,74101508892,101508892,http://www.centennialcoal.com.au,2023/2024,http://www.npi.gov.au/npidata/action/load/individual-facility-detail/criteria/state/NSW/year/2024/jurisdiction-facility/490
CENTENNIAL MUNMORAH PTY LIMITED,Munmorah Colliery,NSW,Doyalson,Doyalson Road,2262,0600,Coal Mining,Decommissioned Underground coal mining and coal handling.,91101508963,101508963,http://www.centennialcoal.com.au,2007/2008,http://www.npi.gov.au/npidata/action/load/individual-facility-detail/criteria/state/NSW/year/2008/jurisdiction-facility/570
CENTENNIAL MYUNA PTY LTD,Myuna Colliery,NSW,Wangi Wangi,Wangi Point Road,2267,0600,Coal Mining,Underground coal mining and coal handling. Limited preparation/stockpiling and no washing of coal,95101508981,101508981,http://www.centennialcoal.com.au,2023/2024,http://www.npi.gov.au/npidata/action/load/individual-facility-detail/criteria/state/NSW/year/2024/jurisdiction-facility/489
CENTENNIAL NEWSTAN PTY LTD,Awaba Colliery,NSW,Awaba,Wilton Road,2283,0600,Coal Mining,Underground coal mining,68101508865,101508865,http://www.centennialcoal.com.au,2011/2012,http://www.npi.gov.au/npidata/action/load/individual-facility-detail/criteria/state/NSW/year/2012/jurisdiction-facility/709
CENTRAL COAST COUNCIL,Green Point Landfill Flare,NSW,Green Point,KOOLANG ROAD,2251,2921,Waste Treatment and Disposal Services,Landfill flare,73149644003,,http://www.centralcoast.nsw.gov.au,2023/2024,http://www.npi.gov.au/npidata/action/load/individual-facility-detail/criteria/state/NSW/year/2024/jurisdiction-facility/1359
CENTRAL ENERGY POWER P/L,Brewer Power Station,NT,Alice Springs,BREWER RD,0872,2611,Fossil Fuel Electricity Generation,Production of electricity for supply to Alice Springs grid,99072604981,072604981,,2013/2014,http://www.npi.gov.au/npidata/action/load/individual-facility-detail/criteria/state/NT/year/2014/jurisdiction-facility/NT322
CENTRAL GOLDFIELDS SHIRE COUNCIL,Carisbrook Landfill,VIC,Carisbrook,POTTS LA,3464,2921,Waste Treatment and Disposal Services,Waste Disposal,82120379784,,,2023/2024,http://www.npi.gov.au/npidata/action/load/individual-facility-detail/criteria/state/VIC/year/2024/jurisdiction-facility/00022780
CENTRAL PETROLEUM (NT) PTY LTD,BECGS-Dingo Gas Field,NT,Hugh,Brewer Road,0870,0700,Oil and Gas Extraction,Gas production,95009718183,009718183,,2023/2024,http://www.npi.gov.au/npidata/action/load/individual-facility-detail/criteria/state/NT/year/2024/jurisdiction-facility/NT542
CENTRAL PRE-MIX CONCRETE PTY LTD,Rockbank Quarry,VIC,Rockbank,393 LEAKES RD,3335,0919,Other Construction Material Mining,Quarrying of road base and concrete aggregates,62008070862,008070862,http://www.adbri.com.au,2023/2024,http://www.npi.gov.au/npidata/action/load/individual-facility-detail/criteria/state/VIC/year/2024/jurisdiction-facility/00022767
CENTREX LIMITED,AGRIFLEX ARDMORE,QLD,Boulia,Mt Isa highway,4829,0990,Other Non-Metallic Mineral Mining and Quarrying,Rock Phosphate Mining,97096298752,,https://www.centrexlimited.com.au,2022/2023,http://www.npi.gov.au/npidata/action/load/individual-facility-detail/criteria/state/QLD/year/2023/jurisdiction-facility/Q056CAA001
CERES POULTRY GROUP PTY LTD,Farm 1 Free Range,SA,Port Wakefield ,18 Pareora Road,5550,0171,Poultry Farming (Meat),Poultry Farm,32657938728,657938728,,2023/2024,http://www.npi.gov.au/npidata/action/load/individual-facility-detail/criteria/state/SA/year/2024/jurisdiction-facility/SA0586
CHALLENGE AUSTRALIAN DAIRY P/L,Challenge Australian Dairy Limited - Boyanup Site,WA,Boyanup,THOMAS ST,6237,1131,Milk and Cream Processing,Dairy product manufacture - butter and dried powders,59103242155,103242155,http://www.challengedairy.com.au,2009/2010,http://www.npi.gov.au/npidata/action/load/individual-facility-detail/criteria/state/WA/year/2010/jurisdiction-facility/WA0578
CHARBON COAL PTY LIMITED,Charbon Colliery,NSW,Kandos,Via Charbon Road,2848,0600,Coal Mining,Open cut coal mining with surface coal handling and preparation plant.,71064237118,064237118,http://www.centennialcoal.com.au,2023/2024,http://www.npi.gov.au/npidata/action/load/individual-facility-detail/criteria/state/NSW/year/2024/jurisdiction-facility/851
CHEETHAM SALT LIMITED,CHEETHAM SALT PTY LTD,SA,Price,FOWLER TCE,5570,0990,Other Non-Metallic Mineral Mining and Quarrying,Salt production and refining,81006926487,006926487,http://www.cheethamsalt.com.au,2023/2024,http://www.npi.gov.au/npidata/action/load/individual-facility-detail/criteria/state/SA/year/2024/jurisdiction-facility/SA0153
CHEVRON AUSTRALIA PTY LTD,Barrow Island Operations,WA,Barrow Island,CHEVRONTEXACO AUST P/L,6712,0700,Oil and Gas Extraction,Crude oil production and export,29086197757,086197757,http://www.chevron.com,2023/2024,http://www.npi.gov.au/npidata/action/load/individual-facility-detail/criteria/state/WA/year/2024/jurisdiction-facility/WA0014
CHRIAN ENTERPRISES PTY LTD,Chrian Enterprise,WA,Wungong,"Lot 63 & 4, 568 South Western Hwy",6122,0171,Poultry Farming (Meat),Broiler growing,48562383651,,,2021/2022,http://www.npi.gov.au/npidata/action/load/individual-facility-detail/criteria/state/WA/year/2022/jurisdiction-facility/WA0592
CHURCHILL ABATTOIR MANAGEMENT P/L,Churchill Abattoir,QLD,Churchill,81 BERRY ST,4305,1111,Meat Processing,Slaughter of Cattle for Meat Processing,34086892328,086892328,,2017/2018,http://www.npi.gov.au/npidata/action/load/individual-facility-detail/criteria/state/QLD/year/2018/jurisdiction-facility/Q033CHU001
CIRCULAR HEAD COUNCIL,Port Latta Landfill,TAS,Port Latta,BASS HWY,7321,2921,Waste Treatment and Disposal Services,Solid waste disposal.,43826151424,,http://www.circularhead.tas.gov.au,2023/2024,http://www.npi.gov.au/npidata/action/load/individual-facility-detail/criteria/state/TAS/year/2024/jurisdiction-facility/TAS+286
CITY OF ALBANY,Albany Refuse Site,WA,Mt Melville,Lot 1135 Cuming Road,6330,2921,Waste Treatment and Disposal Services,Class 2 Putrescible,94717875167,,http://www.albany.wa.gov.au,2023/2024,http://www.npi.gov.au/npidata/action/load/individual-facility-detail/criteria/state/WA/year/2024/jurisdiction-facility/WA1293
CITY OF ARMADALE,Armadale Landfill and Recycling Facility,WA,Hilbert,145 Hopkinson Rd,6112,2921,Waste Treatment and Disposal Services,Class II Landfill Site accepting putrescible waste,79863269538,,http://www.armadale.wa.gov.au,2023/2024,http://www.npi.gov.au/npidata/action/load/individual-facility-detail/criteria/state/WA/year/2024/jurisdiction-facility/WA0561
CITY OF BUSSELTON,Dunsborough Waste Facility,WA,Naturaliste,48 Western Cape Drive,6281,2921,Waste Treatment and Disposal Services,Waste disposal site,87285608991,,http://www.busselton.wa.gov.au/,2023/2024,http://www.npi.gov.au/npidata/action/load/individual-facility-detail/criteria/state/WA/year/2024/jurisdiction-facility/WA1315
CITY OF CANNING,Ranford Road Landfill,WA,Canning Vale,LOT 501 RANFORD RD,6155,2921,Waste Treatment and Disposal Services,Waste landfill,80227965466,,,2005/2006,http://www.npi.gov.au/npidata/action/load/individual-facility-detail/criteria/state/WA/year/2006/jurisdiction-facility/WA0242
CITY OF COCKBURN,Henderson Waste Recovery Park,WA,Henderson,920 Rockingham Rd,6166,2921,Waste Treatment and Disposal Services,Municipal landfill,27471341209,,http://www.cockburn.wa.gov.au,2023/2024,http://www.npi.gov.au/npidata/action/load/individual-facility-detail/criteria/state/WA/year/2024/jurisdiction-facility/WA0386
CITY OF GREATER GERALDTON,Meru Waste Disposal Facility,WA,Narngulu,Landfill Lane,6532,2921,Waste Treatment and Disposal Services,Landfill Facility,55907677173,,http://www.cgg.wa.gov.au,2023/2024,http://www.npi.gov.au/npidata/action/load/individual-facility-detail/criteria/state/WA/year/2024/jurisdiction-facility/WA1290
CITY OF KALGOORLIE-BOULDER,Yarri Road Refuse Facility,WA,Parkeston,33 Yarri Road,6434,2921,Waste Treatment and Disposal Services,Class II Landfill,63711737609,,,2023/2024,http://www.npi.gov.au/npidata/action/load/individual-facility-detail/criteria/state/WA/year/2024/jurisdiction-facility/WA0401
CITY OF KARRATHA,7 Mile Waste Facility,WA,Karratha,Exploration Drive,6714,2921,Waste Treatment and Disposal Services,Landfill,83812049708,,http://www.karratha.wa.gov.au,2023/2024,http://www.npi.gov.au/npidata/action/load/individual-facility-detail/criteria/state/WA/year/2024/jurisdiction-facility/WA1303
CITY OF MORETON BAY,Bunya Waste Management Facility,QLD,Bunya,384 Bunya Road,4055,2921,Waste Treatment and Disposal Services,"Waste disposal, processing and recycling",92967232136,,http://www.moretonbay.qld.gov.au,2023/2024,http://www.npi.gov.au/npidata/action/load/individual-facility-detail/criteria/state/QLD/year/2024/jurisdiction-facility/Q058MBC001
CITY OF ROCKINGHAM,City of Rockingham Millar Road Landfill Facility,WA,Baldivis,LOT 2170 Millar Road West,6171,2921,Waste Treatment and Disposal Services,Waste Treatment and Disposal Services,63101842180,,http://www.rockingham.wa.gov.au,2023/2024,http://www.npi.gov.au/npidata/action/load/individual-facility-detail/criteria/state/WA/year/2024/jurisdiction-facility/WA0243
CJ & NA TULLY,Tully Farm 3 & 4,QLD,Esk,205 Langtons Lane,4312,0171,Poultry Farming (Meat),Meat Chicken Facility,98685634318,,,2023/2024,http://www.npi.gov.au/npidata/action/load/individual-facility-detail/criteria/state/QLD/year/2024/jurisdiction-facility/Q086ILB079
CKI UTILITIES DEVELOPMENT LTD & HEI UTILITIES DEVELOPMENT LTD & 3 OTHS,SA Power Networks Kingscote Power Station,SA,Brownlow,Tinsmith Road,5223,2611,Fossil Fuel Electricity Generation,Back up generation for loss of power from mainland,13332330749,,,2023/2024,http://www.npi.gov.au/npidata/action/load/individual-facility-detail/criteria/state/SA/year/2024/jurisdiction-facility/SA0550
CL ANDERSON & CG WATERS,Exeter Farm,WA,Mt Helena,2840 Lot 56 Bunning Rd,6082,0171,Poultry Farming (Meat),Chicken raising for meat production,16197343766,,,2023/2024,http://www.npi.gov.au/npidata/action/load/individual-facility-detail/criteria/state/WA/year/2024/jurisdiction-facility/WA0641
CLARENCE COLLIERY PTY LTD,Clarence Colliery,NSW,Clarence,Clarence Colliery Road,2790,0600,Coal Mining,"Underground coal mining and handling, with surface preparation facility",19001680584,001680584,http://www.centennialcoal.com.au,2023/2024,http://www.npi.gov.au/npidata/action/load/individual-facility-detail/criteria/state/NSW/year/2024/jurisdiction-facility/849
CLAYPAVE PTY LTD,Claypave Pty Ltd,QLD,Dinmore,Chum Street,4303,2021,Clay Brick Manufacturing,"Manufacture of clay pavers, bricks and refractory products.",23490508923,,http://www.claypave.com,2018/2019,http://www.npi.gov.au/npidata/action/load/individual-facility-detail/criteria/state/QLD/year/2019/jurisdiction-facility/Q001CPL001
CLEANAWAY DANIELS PTY LTD,CLEANAWAY DANIELS PTY LTD,VIC,Laverton North,110 DOHERTYS RD,3026,2921,Waste Treatment and Disposal Services,"Thermal treatment of prescribed industrial waste, including clinical and related wastes.",83060871249,060871249,http://www.cleanaway.com.au,2023/2024,http://www.npi.gov.au/npidata/action/load/individual-facility-detail/criteria/state/VIC/year/2024/jurisdiction-facility/00004294
CLEANAWAY EQUIPMENT SERVICES PTY LTD,Cleanaway Equipment Services Pty Ltd,VIC,Dandenong,19-21 BERENDS DR,3175,2921,Waste Treatment and Disposal Services,Recovery and recycling of industrial solutions,88001576889,001576889,,2019/2020,http://www.npi.gov.au/npidata/action/load/individual-facility-detail/criteria/state/VIC/year/2020/jurisdiction-facility/00029272
CLEANAWAY OPERATIONS PTY LTD,Cleanaway Liquid Treatment Plant,SA,Wingfield,20 GEORGE ST,5013,2921,Waste Treatment and Disposal Services,"Liquid waste treatment, Packaged chemicals treatment",40010745383,010745383,http://www.cleanaway.com.au,2023/2024,http://www.npi.gov.au/npidata/action/load/individual-facility-detail/criteria/state/SA/year/2024/jurisdiction-facility/SA0275
CLEANAWAY PTY LTD,Artarmon Waste and Recycling Centre,NSW,Artarmon,Lanceley Place,2064,2921,Waste Treatment and Disposal Services,"Waste storage, transfer, separating or processing. Composting and related processing or treatment. Hazardous, Industrial or Group A waste generation or storage.",79000164938,,http://www.suez.com.au,2023/2024,http://www.npi.gov.au/npidata/action/load/individual-facility-detail/criteria/state/NSW/year/2024/jurisdiction-facility/718
CLEANAWAY SOLID WASTE PTY LTD,New Chum Landfill,QLD,New Chum,100 Chum,4303,2921,Waste Treatment and Disposal Services,Landfilling Non-Putrescible Waste and Resource Recovery Operation,55120175635,120175635,http://www.cleanaway.com.au,2023/2024,http://www.npi.gov.au/npidata/action/load/individual-facility-detail/criteria/state/QLD/year/2024/jurisdiction-facility/Q058TWM001
CLEANCO QUEENSLAND,Swanbank E,QLD,Raceview,Swanbank Coal Rd,4305,2611,Fossil Fuel Electricity Generation,Electricity generation using mineral gas including coal gas,85628008159,628008159,https://www.cleancoqueensland.com.au,2023/2024,http://www.npi.gov.au/npidata/action/load/individual-facility-detail/criteria/state/QLD/year/2024/jurisdiction-facility/Q019CSE004
CLERMONT COAL OPERATIONS PTY LTD,Glencore Coal - Clermont (Open Cut) Mine,QLD,Clermont,Gregory Developmental Road,4721,0600,Coal Mining,Black Coal Mining Handling and Preparation,54166342418,166342418,http://www.glencore.com.au,2023/2024,http://www.npi.gov.au/npidata/action/load/individual-facility-detail/criteria/state/QLD/year/2024/jurisdiction-facility/Q020RIO001
CMI INDUSTRIAL PTY LTD,Toowoomba Metal Technologies,QLD,Toowoomba,259 Ruthven Street,4350,2121,Iron and Steel Casting,Metal foundry manufacturing grey iron and SG iron castings with machining facilities.  Surface coating (powder coating and spray painting).,32129401832,129401832,http://www.tmettec.com,2010/2011,http://www.npi.gov.au/npidata/action/load/individual-facility-detail/criteria/state/QLD/year/2011/jurisdiction-facility/Q003TMT001
COAL & ALLIED (NSW) PTY LIMITED,Mount Thorley Warkworth Operations,NSW,Mount Thorley Via Singleton,Putty Road,2330,0600,Coal Mining,Black Coal Mining Handling and Preparation Plant (CHPP),44075612216,075612216,http://www.yancoal.com.au/,2023/2024,http://www.npi.gov.au/npidata/action/load/individual-facility-detail/criteria/state/NSW/year/2024/jurisdiction-facility/427
COCHRANE FARMS PTY LTD,Balvenie Park,QLD,Jimboomba,575 Stockleigh Road,4280,0171,Poultry Farming (Meat),Meat Chicken Facility,56164811527,164811527,,2023/2024,http://www.npi.gov.au/npidata/action/load/individual-facility-detail/criteria/state/QLD/year/2024/jurisdiction-facility/Q086ILB003
COCKBURN CEMENT LIMITED,Dongara Operations,WA,Dongara,Kailis Drive,6525,2031,Cement and Lime Manufacturing,Production of quicklime,50008673470,008673470,,2023/2024,http://www.npi.gov.au/npidata/action/load/individual-facility-detail/criteria/state/WA/year/2024/jurisdiction-facility/WA0245
COFFS HARBOUR CITY COUNCIL,Coffs Harbour Landfill Flare,NSW,Coffs Harbour,LOT 32 ENGLANDS ROAD,2450,2921,Waste Treatment and Disposal Services,Landfill flare,79126214487,,http://www.coffsharbour.nsw.gov.au,2023/2024,http://www.npi.gov.au/npidata/action/load/individual-facility-detail/criteria/state/NSW/year/2024/jurisdiction-facility/1360
COLOURS AND CHEMICALS PROPRIETARY LIMITED,COLOURS AND CHEMICALS PROPRIETARY LIMITED,VIC,Footscray West,1-19 GRAINGERS RD,3012,1821,Synthetic Resin and Synthetic Rubber Manufacturing,Design and manufacture of synthetic resins and organometallics,81004274024,004274024,,2012/2013,http://www.npi.gov.au/npidata/action/load/individual-facility-detail/criteria/state/VIC/year/2013/jurisdiction-facility/00004317
COMGROUP SUPPLIES PTY LTD,COMGROUP SUPPLIES PTY LTD,QLD,Carole Park,57-61 MICA STREET,4300,1111,Meat Processing,Meat Processing,20008732465,,http://www.comgroupsupplies.com.au,2022/2023,http://www.npi.gov.au/npidata/action/load/individual-facility-detail/criteria/state/QLD/year/2023/jurisdiction-facility/Q033COM001
COMMONWEALTH STEEL COMPANY LTD,MolyCop Waratah,NSW,Waratah,2 Maud Street,2304,2110,Iron Smelting and Steel Manufacturing,Secondary steel manufacture,58000007698,000007698,http://www.molycop.com,2023/2024,http://www.npi.gov.au/npidata/action/load/individual-facility-detail/criteria/state/NSW/year/2024/jurisdiction-facility/445
COMO GLASSHOUSE NO2 PTY LTD,Two Wells,SA,Korunye ,687 Germantown Rd,5502,2611,Fossil Fuel Electricity Generation,Electricity generation using mineral gas including coal gas,47604272942,604272942,,2023/2024,http://www.npi.gov.au/npidata/action/load/individual-facility-detail/criteria/state/SA/year/2024/jurisdiction-facility/SA0615
COMWELD GROUP P/L,CIGWELD,VIC,Preston,73 GOWER ST,3072,2299,Other Fabricated Metal Product Manufacturing n.e.c.,Manufacture of welding equipment and consumables,56007226815,007226815,http://www.cigweld.com.au,2007/2008,http://www.npi.gov.au/npidata/action/load/individual-facility-detail/criteria/state/VIC/year/2008/jurisdiction-facility/00004838
CONSOLIDATED MEAT GROUP,Consolidated Meat Group,NT,Katherine,Victoria Highway,0850,1111,Meat Processing,"Meat works with boning and meat packing, freezing facilities",,065093709,,1999/2000,http://www.npi.gov.au/npidata/action/load/individual-facility-detail/criteria/state/NT/year/2000/jurisdiction-facility/NT8
CONSOLIDATED MEAT GROUP PTY LTD,T/A Teys Bros (Innisfail),QLD,Innisfail,12 Dodds Road,4860,1111,Meat Processing,"Meat processing, rendering plant",65065093709,065093709,,2005/2006,http://www.npi.gov.au/npidata/action/load/individual-facility-detail/criteria/state/QLD/year/2006/jurisdiction-facility/Q033CMG001
CONSOLIDATED MINERALS PTY LIMITED,Port Hedland Operations,WA,Port Hedland,NO 1 WHARF AREA,6721,0990,Other Non-Metallic Mineral Mining and Quarrying,Chromite and Manganese stockpiling and movement,85000727926,000727926,http://www.consminerals.com.au,2010/2011,http://www.npi.gov.au/npidata/action/load/individual-facility-detail/criteria/state/WA/year/2011/jurisdiction-facility/WA0533
CONTITECH AUSTRALIA PTY LTD,ContiTech Australia,VIC,Bayswater,8 DUNLOP CT,3153,1920,Natural Rubber Product Manufacturing,Conveyor belt manufacture,97000468780,000468780,,2023/2024,http://www.npi.gov.au/npidata/action/load/individual-facility-detail/criteria/state/VIC/year/2024/jurisdiction-facility/00003987
CONTRACT POWER AUSTRALIA PTY LTD,Mt Magnet Town Diesel Powerstation,WA,Mt Magnet,Criddle St,6638,2611,Fossil Fuel Electricity Generation,Power generation,48081538258,,http://www.contractpower.com.au,2015/2016,http://www.npi.gov.au/npidata/action/load/individual-facility-detail/criteria/state/WA/year/2016/jurisdiction-facility/WA1505
COOL-OFF PTY LTD,Cool Off Meat Processing,NSW,Howlong,271 Jude Road,2643,1111,Meat Processing,General animal products production,79068308225,068308225,https://www.cooloff.com.au,2023/2024,http://www.npi.gov.au/npidata/action/load/individual-facility-detail/criteria/state/NSW/year/2024/jurisdiction-facility/1681
COOMINYA PROPERTY TRUST,COOMINYA PROPERTY TRUST,QLD,Coominya,218 Bischoffs Road,4311,0171,Poultry Farming (Meat),Meat Chicken Growing,76251285505,,,2013/2014,http://www.npi.gov.au/npidata/action/load/individual-facility-detail/criteria/state/QLD/year/2014/jurisdiction-facility/Q086PHI001
COOPER ENERGY (CH) PTY LTD,Athena Gas Plant,VIC,Port Campbell,192 BRUMBYS RD,3269,0700,Oil and Gas Extraction,Processing of raw natural gas from offshore fields to pipeline quality for domestic and industrial uses.,70615355023,615355023,,2023/2024,http://www.npi.gov.au/npidata/action/load/individual-facility-detail/criteria/state/VIC/year/2024/jurisdiction-facility/00023854
COPPING REFUSE DISPOSAL SITE JOINT AUTHORITY,Southern Waste Solutions,TAS,Copping,Blue Hills Road,7174,2921,Waste Treatment and Disposal Services,Waste Disposal,87928486460,,http://www.swstas.com.au/,2022/2023,http://www.npi.gov.au/npidata/action/load/individual-facility-detail/criteria/state/TAS/year/2023/jurisdiction-facility/TAS+474
CORANGAMITE SHIRE COUNCIL,Corangamite Regional Landfill,VIC,Naroghid,LOT 2 PS82958 SECTION 4 COUNTY BOUNDARY & FOREST PARK RDS,3266,2921,Waste Treatment and Disposal Services,Waste disposal,87042518438,,http://www.corangamite.vic.gov.au,2023/2024,http://www.npi.gov.au/npidata/action/load/individual-facility-detail/criteria/state/VIC/year/2024/jurisdiction-facility/00006949
CORPWEST INVESTMENTS PTY LTD,CorpWest Investments Pty Ltd,WA,Gingin,Lot 2595 Airfield Road,6503,0171,Poultry Farming (Meat),Chicken raising for meat production.,,070156277,,2023/2024,http://www.npi.gov.au/npidata/action/load/individual-facility-detail/criteria/state/WA/year/2024/jurisdiction-facility/WA0581
COSMO POWER PTY LTD,Cosmo Howley Power Station,NT,Adelaide River,"Old Stuart Hwy, Fountain Head (SE of Adelaide River)",0846,2611,Fossil Fuel Electricity Generation,Power Generation,39078327394,078327394,http://www.energydevelopments.com.au,2004/2005,http://www.npi.gov.au/npidata/action/load/individual-facility-detail/criteria/state/NT/year/2005/jurisdiction-facility/NT424
COWRA ABATTOIR PTY LTD,Cowra Abattoir,NSW,Cowra,Young Road,2794,1111,Meat Processing,Abattoir,99000662304,000662304,,2005/2006,http://www.npi.gov.au/npidata/action/load/individual-facility-detail/criteria/state/NSW/year/2006/jurisdiction-facility/810
CQMS CASTINGS PTY LTD,CQMS Castings,QLD,Maryborough,Gate 1 Zante Street,4650,2121,Iron and Steel Casting,Foundry operations,15104510876,104510876,http://www.crmining.com,2023/2024,http://www.npi.gov.au/npidata/action/load/individual-facility-detail/criteria/state/QLD/year/2024/jurisdiction-facility/Q005WAL001
CRANPORT,Cranport,QLD,Woodhill,Lot 1 Mahoney Road,4285,0171,Poultry Farming (Meat),Meat Chicken Facility,14438327025,,,2010/2011,http://www.npi.gov.au/npidata/action/load/individual-facility-detail/criteria/state/QLD/year/2011/jurisdiction-facility/Q086ILB012
CRISTAL PIGMENT AUSTRALIA LTD,Minninup Dunes site (Dalyellup residue disposal facility),WA,Bunbury,VIA MINNINUP RD,6230,2921,Waste Treatment and Disposal Services,TiO2 Production - Treated Solid Residue Disposal Facility,50008683627,008683627,http://www.cristal.com,2013/2014,http://www.npi.gov.au/npidata/action/load/individual-facility-detail/criteria/state/WA/year/2014/jurisdiction-facility/WA0678
CROESUS MINING NL,Hannan South,WA,Boulder,Celebration Road,6432,2139,Other Basic Non-Ferrous Metal Manufacturing,PROCESSING OR BENEFICIATION OF METALLIC ORE.&#xd; LIQUID WASTE FACILITY,46009150083,009150083,,2004/2005,http://www.npi.gov.au/npidata/action/load/individual-facility-detail/criteria/state/WA/year/2005/jurisdiction-facility/WA0097
CRUSHING INDUSTRIES AUSTRALIA,Rankins Quarry,QLD,"Parish Of Dunsmore, Dysart",Saraji Station Road Lot 59/CNS 435,4745,0919,Other Construction Material Mining,Hardrock Quarrying & Screening,71127449156,127449156,http://www.crushingindustries.com.au,2013/2014,http://www.npi.gov.au/npidata/action/load/individual-facility-detail/criteria/state/QLD/year/2014/jurisdiction-facility/Q056CRU004
CS ENERGY LTD,Kogan Creek Power Station,QLD,Brigalow,1039 Banana Bridge Road,4412,2611,Fossil Fuel Electricity Generation,Combustion of fossil fuels to produce electricity,54078848745,078848745,http://www.csenergy.com.au,2023/2024,http://www.npi.gov.au/npidata/action/load/individual-facility-detail/criteria/state/QLD/year/2024/jurisdiction-facility/Q019SIE001
CSBP LIMITED,CSBP Kwinana Operations,WA,Kwinana Beach,Kwinana Beach Road,6167,1831,Fertiliser Manufacturing,"Fertiliser Manufacturing, Fertiliser storage and distribution, chemical manufacturing",81008668371,008668371,www.csbp.com.au,2023/2024,http://www.npi.gov.au/npidata/action/load/individual-facility-detail/criteria/state/WA/year/2024/jurisdiction-facility/WA0345
CSF PROTEINS PROPRIETARY LIMITED,Maroota Stockfeeds,NSW,Maroota,4777 Old Northern Road,2756,1111,Meat Processing,"Rendering of waste, chicken, fish and meat products for the production of meals and tallow for the local and export markets. 7MW and 6MW boiler burn natural gas to produce steam for heating rendering cookers.",77000499918,000499918,,2023/2024,http://www.npi.gov.au/npidata/action/load/individual-facility-detail/criteria/state/NSW/year/2024/jurisdiction-facility/312
CSIRO,Australian Centre for Disease Preparedness,VIC,Geelong East,5 PORTALRINGTON RD,3219,6910,Scientific Research Services,"Scientific and industrial research facility specialising in livestock industry research, facility maintenance and office administration.",41687119230,,http://www.csiro.au,2023/2024,http://www.npi.gov.au/npidata/action/load/individual-facility-detail/criteria/state/VIC/year/2024/jurisdiction-facility/00022788
CSL LIMITED,CSL Behring (Australia) Pty Ltd,VIC,Broadmeadows,189-209 CAMP RD,3047,1841,Human Pharmaceutical and Medicinal Product Manufacturing,"Manufacture of pharmaceutical products of biological origin
Code - 1841 ",99051588348,051588348,http://www.cslbehring.com.au,2023/2024,http://www.npi.gov.au/npidata/action/load/individual-facility-detail/criteria/state/VIC/year/2024/jurisdiction-facility/00004717
CSR BUILDING PRODUCTS LIMITED,CSR Bradford Insulation,NSW,Ingleburn,55 Stennett Road,2565,2010,Glass and Glass Product Manufacturing,Manufacture of glass fibre insulation.,55008631356,008631356,http://www.csr.com.au/environment,2023/2024,http://www.npi.gov.au/npidata/action/load/individual-facility-detail/criteria/state/NSW/year/2024/jurisdiction-facility/141
CSR BUILDING PRODUCTS LTD,PGH Bricks & Pavers,QLD,Brendale,KREMZOW RD,4500,2021,Clay Brick Manufacturing,Manufacture of Clay Brick and Pavers,55008631356,008631356,http://www.csr.com.au/environment,2006/2007,http://www.npi.gov.au/npidata/action/load/individual-facility-detail/criteria/state/QLD/year/2007/jurisdiction-facility/Q001PGH001
CSR LTD,CSR LTD,VIC,Springvale,40-44 SMITH RD,3171,2034,Concrete Product Manufacturing,Manufacturing of concrete roof tiles.,90000001276,000001276,,2005/2006,http://www.npi.gov.au/npidata/action/load/individual-facility-detail/criteria/state/VIC/year/2006/jurisdiction-facility/00004213
CSR VIRIDIAN LIMITED,Viridian Alexandria,NSW,Alexandria,8-40 Euston Road,2015,2010,Glass and Glass Product Manufacturing,Patterned glass production for building and solar applications cullet processing.,68006904052,006904052,http://www.viridianglass.com.,2008/2009,http://www.npi.gov.au/npidata/action/load/individual-facility-detail/criteria/state/NSW/year/2009/jurisdiction-facility/688
CSR VIRIDIAN LTD,Geelong Automotive,VIC,Geelong North,24 MACKEY ST,3215,2010,Glass and Glass Product Manufacturing,Manufacture and distribution of automotive safety glass including laminated windscreens and toughened side and rear lights,68006904052,006904052,http://www.viridianglass.com,2008/2009,http://www.npi.gov.au/npidata/action/load/individual-facility-detail/criteria/state/VIC/year/2009/jurisdiction-facility/00019272
CURRAGH QUEENSLAND MINING PTY LTD,Curragh Mine,QLD,Blackwater,BLACKWATER-COOROORAH ROAD,4717,0600,Coal Mining,Black Coal Mining,55095450418,095450418,https://coronadoglobal.com.au/,2023/2024,http://www.npi.gov.au/npidata/action/load/individual-facility-detail/criteria/state/QLD/year/2024/jurisdiction-facility/Q020CUR001
CYPRESS SUPPLIES CABOOLTURE PTY LTD,Cypress Supplies - Roma,QLD,Roma,7 Two Mile Road,4455,1411,Log Sawmilling,Sawmilling,68067684940,067684940,http://www.cypresssupplies.com.au,2014/2015,http://www.npi.gov.au/npidata/action/load/individual-facility-detail/criteria/state/QLD/year/2015/jurisdiction-facility/Q039FCP001
D TRANDOS & SONS,Trandos Chicken Farm,WA,Neerabup,Lot 506 Old Yanchep Rd,6031,0171,Poultry Farming (Meat),Chicken raising for meat production,83933456175,,http://www.baiada.com.au/,2023/2024,http://www.npi.gov.au/npidata/action/load/individual-facility-detail/criteria/state/WA/year/2024/jurisdiction-facility/WA0605
DAHRA HOLDINGS,Charlton Farm,QLD,Thornlands,100 Kinross Road,4164,0171,Poultry Farming (Meat),Meat Chicken Facility,,010163401,,2005/2006,http://www.npi.gov.au/npidata/action/load/individual-facility-detail/criteria/state/QLD/year/2006/jurisdiction-facility/Q086ILB013
DALE & MEYERS OPERATIONS PTY LTD,DTM Timber Tiaro Sawmill,QLD,Tiaro,242 WILSONS ROAD,4650,1411,Log Sawmilling,Hardwood sawmilling and chemical treatment of timber,12072594584,,,2023/2024,http://www.npi.gov.au/npidata/action/load/individual-facility-detail/criteria/state/QLD/year/2024/jurisdiction-facility/Q039DAL002
DAMPIER SALT LIMITED,Dampier Salt Operations,WA,Maitland,Dampier Highway,6714,0990,Other Non-Metallic Mineral Mining and Quarrying,Salt Mining,30008706590,008706590,http://www.riotinto.com/australia/dampier-salt-4644.aspx,2023/2024,http://www.npi.gov.au/npidata/action/load/individual-facility-detail/criteria/state/WA/year/2024/jurisdiction-facility/WA0254
DANIEL ROBERTSON AUST P/L,DANIEL ROBERTSON AUST P/L,VIC,Nunawading,58-74 STATION ST,3131,2021,Clay Brick Manufacturing,Manufacture of clay bricks and pavers,65005008622,005008622,http://www.danielrobertson.com.au,2008/2009,http://www.npi.gov.au/npidata/action/load/individual-facility-detail/criteria/state/VIC/year/2009/jurisdiction-facility/00004201
DANIELS HEALTH NSW PTY LTD,Daniels Health,NSW,Silverwater,2 Wiblin Street,2128,2921,Waste Treatment and Disposal Services,Biomedical waste treatment by incineration or chemical treatment,53003716256,003716256,http://www.cleanaway.com.au,2023/2024,http://www.npi.gov.au/npidata/action/load/individual-facility-detail/criteria/state/NSW/year/2024/jurisdiction-facility/763
DARWALLA MILLING CO. PTY LTD,Laidley Farm,QLD,Mt Cotton,1321 Mt Cotton Road,4165,0171,Poultry Farming (Meat),Meat Chicken Facility,64009698631,009698631,,2022/2023,http://www.npi.gov.au/npidata/action/load/individual-facility-detail/criteria/state/QLD/year/2023/jurisdiction-facility/Q086ILB018
DARWIN CITY COUNCIL,Leanyer Waste Disposal Site,NT,Leanyer,LOT 7003 OFF VANDERLIN DRIVE,0812,2921,Waste Treatment and Disposal Services,General waste disposal 1971-1987. Closed landfill which is kept fenced and has a maintained grass cover cap.,11503313301,,http://www.darwin.nt.gov.au,2008/2009,http://www.npi.gov.au/npidata/action/load/individual-facility-detail/criteria/state/NT/year/2009/jurisdiction-facility/NT432
DAVEGALE PTY LTD,Boral Quarry Sandy Creek,VIC,Little River,390 SANDY CREEK RD,3211,0911,Gravel and Sand Quarrying,Sand and Gravel Extraction and Processing (washing) Plant,16096359527,096359527,http://www.boral.com.au,2023/2024,http://www.npi.gov.au/npidata/action/load/individual-facility-detail/criteria/state/VIC/year/2024/jurisdiction-facility/00030895
DAVID MITCHELL (NTH QLD) LIMITED,Ootann Limeworks,QLD,Almadeen,Ootann Rail Siding Ootann via ,4871,2031,Cement and Lime Manufacturing,Calcining limestone to produce quicklime,83009801996,009801996,,2000/2001,http://www.npi.gov.au/npidata/action/load/individual-facility-detail/criteria/state/QLD/year/2001/jurisdiction-facility/Q056DML003
DELATITE SHIRE COUNCIL,Benalla Landfill,VIC,Benalla,OLD FARNLEY RD,3672,2921,Waste Treatment and Disposal Services,Waste disposal,,,http://www.delatite.vic.gov.au,2000/2001,http://www.npi.gov.au/npidata/action/load/individual-facility-detail/criteria/state/VIC/year/2001/jurisdiction-facility/00006986
DELTA ELECTRICITY,Munmorah Power Station,NSW,Doyalson,Off Scenic Drive,2262,2611,Fossil Fuel Electricity Generation,Electricity generator,67139819642,,,2010/2011,http://www.npi.gov.au/npidata/action/load/individual-facility-detail/criteria/state/NSW/year/2011/jurisdiction-facility/107
DELTA EMD AUSTRALIA PTY LIMITED,Delta EMD Australia Pty Limited,NSW,Mayfield West,1 McIntosh Drive Steel River Industrial Estate,2304,2139,Other Basic Non-Ferrous Metal Manufacturing,Manufacture of Electrolytic Manganese Dioxide,49079546937,079546937,,2007/2008,http://www.npi.gov.au/npidata/action/load/individual-facility-detail/criteria/state/NSW/year/2008/jurisdiction-facility/461
DELTA MINING PTY LTD,Berrima Colliery,NSW,Medway,Medway Road,2577,0600,Coal Mining,Underground coal mining,74056692883,056692883,http://www.deltasbd.com.au,2012/2013,http://www.npi.gov.au/npidata/action/load/individual-facility-detail/criteria/state/NSW/year/2013/jurisdiction-facility/780
DEMATIC PTY LTD,Dematic Pty Ltd,NSW,Belrose,24 Narabang Way,2085,2221,Structural Steel Fabricating,Manufacture of storage racking,43118204425,,http://www.dematic.com.au,2023/2024,http://www.npi.gov.au/npidata/action/load/individual-facility-detail/criteria/state/NSW/year/2024/jurisdiction-facility/1334
DENDROBIUM COAL PTY LTD,Dendrobium Mine,NSW,Mount Kembla,Cordeaux Road,2526,0600,Coal Mining,"Coal extraction from underground mine, coal stockpile loading and handling",85098744088,098744088,https://gm-3.com.au/,2023/2024,http://www.npi.gov.au/npidata/action/load/individual-facility-detail/criteria/state/NSW/year/2024/jurisdiction-facility/941
DENISON GAS (QUEENSLAND) PTY LTD,North Denison,QLD,Rolleston ,Dawson Highway,4702,0700,Oil and Gas Extraction,Natural gas production and processing,12616105643,616105643,,2023/2024,http://www.npi.gov.au/npidata/action/load/individual-facility-detail/criteria/state/QLD/year/2024/jurisdiction-facility/Q012OCA007
DEPARTMENT FOR ENERGY AND MINING,Brukunga Mine Site,SA,Brukunga,Watts Road,5252,2922,Waste Remediation and Materials Recovery Services,Rehabilitation of 136ha former mine site. Acid & Metalliferous Drainage management including an active lime neutralisation plant,83768683934,,http://energymining.sa.gov.au/minerals/mining/former_mines/brukunga_mine_site/brukunga_mine_site,2023/2024,http://www.npi.gov.au/npidata/action/load/individual-facility-detail/criteria/state/SA/year/2024/jurisdiction-facility/SA0377
DEPARTMENT OF INFRASTRUCTURE TRANSPORT REGIONAL DEVELOPMENT AND COMMUNICATIONS,Christmas Island Power Station,WA,Christmas Island,Lot 500 MURRAY ROAD,6798,2611,Fossil Fuel Electricity Generation,Burn diesel to generate electricity,37862725624,,,2023/2024,http://www.npi.gov.au/npidata/action/load/individual-facility-detail/criteria/state/WA/year/2024/jurisdiction-facility/WA0631
DERBY INDUSTRIES PTY LTD,Linley Valley Pork,WA,Wundowie,Linley Valley Road,6560,1111,Meat Processing,slaughtering of pigs and boning,86009033612,009033612,http://www.craigmostyn.com.au,2023/2024,http://www.npi.gov.au/npidata/action/load/individual-facility-detail/criteria/state/WA/year/2024/jurisdiction-facility/WA0788
DERWENT VALLEY COUNCIL,New Norfolk Refuse Site,TAS,New Norfolk,DEAN ST,7140,2921,Waste Treatment and Disposal Services,Landfill-Solid waste disposal,75384057266,,,2013/2014,http://www.npi.gov.au/npidata/action/load/individual-facility-detail/criteria/state/TAS/year/2014/jurisdiction-facility/TAS+369
DETMARK PTY LTD,DETMARK PTY LTD,VIC,Dandenong,11 MONTEREY RD,3175,1611,Printing,Manufacture of plastic bags,66009053847,009053847,,2010/2011,http://www.npi.gov.au/npidata/action/load/individual-facility-detail/criteria/state/VIC/year/2011/jurisdiction-facility/00004179
DIAL-A-DUMP (EC) PTY LTD,Eastern Creek Recycling Ecology Park,NSW,Eastern Creek,1 Kangaroo Avenue,2766,2911,Solid Waste Collection Services,Solid waste collection services,,115345769,,2023/2024,http://www.npi.gov.au/npidata/action/load/individual-facility-detail/criteria/state/NSW/year/2024/jurisdiction-facility/1639
DIAMANTINA POWER STATION PTY LTD,Diamantina Power Station,QLD,Mt Isa,Diamantina Development Road,4825,2611,Fossil Fuel Electricity Generation,"Electricity supply using gas / steam turbines - gas as a fuel, with diesel back.  Diesel stored on site.",55149762176,149762176,,2023/2024,http://www.npi.gov.au/npidata/action/load/individual-facility-detail/criteria/state/QLD/year/2024/jurisdiction-facility/Q019DIA001
DIAMOND VALLEY PORK PTY LTD,Diamond Valley Pork - Laverton North,VIC,Laverton North,13-15 THOMAS RD,3026,1111,Meat Processing,Meat processing,17095045695,095045695,,2023/2024,http://www.npi.gov.au/npidata/action/load/individual-facility-detail/criteria/state/VIC/year/2024/jurisdiction-facility/00024841
DINDAS AUSTRALIA PTY LTD,Dindas Australia Queensland,QLD,Tingalpa,433 WONDALL RD,4173,1413,Timber Resawing and Dressing,Timber wholesale and timber preservation.,87005828900,005828900,http://www.dindas.com.au,2013/2014,http://www.npi.gov.au/npidata/action/load/individual-facility-detail/criteria/state/QLD/year/2014/jurisdiction-facility/Q039DLA001
DIRECT-SCREENS HOLDINGS PTY. LTD.,Price Sandpit,SA,Dowlingville,267 Crowell Road,5571,0911,Gravel and Sand Quarrying,Quarrying activities,29007765371,007765371,https://www.hy-tec.com.au/,2023/2024,http://www.npi.gov.au/npidata/action/load/individual-facility-detail/criteria/state/SA/year/2024/jurisdiction-facility/SA0733
DOAC PTY LTD,Rocktimber,QLD,The Caves,180 Auton Rd & Johnson Rd,4702,1411,Log Sawmilling,Sawmilling Truss and wall frames manufacturing,45098700040,098700040,,2006/2007,http://www.npi.gov.au/npidata/action/load/individual-facility-detail/criteria/state/QLD/year/2007/jurisdiction-facility/Q039SAW001
DONALDSON COAL PTY LTD,Abel,NSW,Blackhill,1132 John Renshaw Drive,2322,0600,Coal Mining,Coal mining,87073088945,,https://www.yancoal.com.au/page/en/assets/mine-sites/donaldson/,2015/2016,http://www.npi.gov.au/npidata/action/load/individual-facility-detail/criteria/state/NSW/year/2016/jurisdiction-facility/1210
DONGWHA AUSTRALIA PTY LTD,Dongwha Australia Pty Ltd,NSW,Bombala,1 Sandy Lane,2632,1411,Log Sawmilling,Wood or timber milling or processing.  Wood preservation,83104629058,,http://www.dongwha.com.au,2023/2024,http://www.npi.gov.au/npidata/action/load/individual-facility-detail/criteria/state/NSW/year/2024/jurisdiction-facility/1541
DRAKE MINE MANAGEMENT PTY LTD,Drake Coal Mine,QLD,Collinsville,Mount Coolon Road,4804,0600,Coal Mining,Coal mining,30612261453,612261453,www.qcoal.com.au,2023/2024,http://www.npi.gov.au/npidata/action/load/individual-facility-detail/criteria/state/QLD/year/2024/jurisdiction-facility/Q020DRA001
DULACCA SAWMILLS PTY LTD,Yuleba Cypress Sawmills,QLD,Miles,LEICHHARDT HWAY,4415,1411,Log Sawmilling,Cypress Sawmilling,15010052267,010052267,http://www.cypresspine.com.au,2022/2023,http://www.npi.gov.au/npidata/action/load/individual-facility-detail/criteria/state/QLD/year/2023/jurisdiction-facility/Q039DUS001
DULUXGROUP (AUSTRALIA) PTY LTD,Yates Australia Mt Druitt,NSW,Mt Druitt,9 Coventry Place,2770,1831,Fertiliser Manufacturing,Manufacture of garden care products,67000049427,000049427,,2023/2024,http://www.npi.gov.au/npidata/action/load/individual-facility-detail/criteria/state/NSW/year/2024/jurisdiction-facility/1546
DULVERTON REGIONAL WASTE MANAGEMENT AUTH,Dulverton Regional Waste Management landfill,TAS,Dulverton,DAWSONS SIDING RD,7307,2921,Waste Treatment and Disposal Services,Regional Landfill,11784477180,,http://www.dulverton.com.au,2022/2023,http://www.npi.gov.au/npidata/action/load/individual-facility-detail/criteria/state/TAS/year/2023/jurisdiction-facility/TAS+53
DUNDOWRAN BLUE METAL QUARRIES PTY. LTD.,Hervey Bay,QLD,Dundowran,Hornes Road,4655,0911,Gravel and Sand Quarrying,"Sand quarrying, washing or screening",58010308479,010308479,,2023/2024,http://www.npi.gov.au/npidata/action/load/individual-facility-detail/criteria/state/QLD/year/2024/jurisdiction-facility/Q056BAR003
DURALIE COAL PTY LTD,Duralie,NSW,Stroud Road,Mine Site Bucketts Way,2415,0600,Coal Mining,Brown coal mining,81070318259,070318259,,2023/2024,http://www.npi.gov.au/npidata/action/load/individual-facility-detail/criteria/state/NSW/year/2024/jurisdiction-facility/848
E. B. MAWSON & SONS PROPRIETARY LIMITED,Buronga Sand Wash,NSW,Buronga,Alcheringa Drive,2739,0911,Gravel and Sand Quarrying,"Sand quarrying, washing or screening",14004519617,004519617,,2023/2024,http://www.npi.gov.au/npidata/action/load/individual-facility-detail/criteria/state/NSW/year/2024/jurisdiction-facility/1644
E. ROMAIOR,Romaior Farm,QLD,Walkamin,728 Channel Road,4872,0171,Poultry Farming (Meat),Meat Chicken Facility,56206789609,,,2023/2024,http://www.npi.gov.au/npidata/action/load/individual-facility-detail/criteria/state/QLD/year/2024/jurisdiction-facility/Q086ILB052
E.G. & J.B. HERBERT,Cooinda Farm,QLD,Munruben,4293 Mt. Lindesay Highway,4125,0171,Poultry Farming (Meat),Meat Chicken Growing Facility,26291195908,,,2014/2015,http://www.npi.gov.au/npidata/action/load/individual-facility-detail/criteria/state/QLD/year/2015/jurisdiction-facility/Q086ILB037
E.P. ROBINSON PTY. LIMITED,Riversdale Mill,VIC,Newtown,13 BRIDGE ST,3220,1311,Wool Scouring,Wool Scouring and Carbonising,44004942572,004942572,,2023/2024,http://www.npi.gov.au/npidata/action/load/individual-facility-detail/criteria/state/VIC/year/2024/jurisdiction-facility/00017682
EAGLE DOWNS COAL MANAGEMENT PTY LTD,EDC1 Warehouse Site,QLD,Via Moranbah,Winchester Road,4744,0600,Coal Mining,underground coal mine currently under construction no extraction for 3 years from 2014.,78107199619,107199619,,2014/2015,http://www.npi.gov.au/npidata/action/load/individual-facility-detail/criteria/state/QLD/year/2015/jurisdiction-facility/Q020EDC001
EARTH COMMODITIES GLADSTONE PTY LTD,Gladstone Quarry,QLD,Yarwun,94 Quarry Road,4694,0990,Other Non-Metallic Mineral Mining and Quarrying,"Drill & Blast, Load & Haul, Crushing & Screening, Stockpiling and Loading Trucks.",60110230898,110230898,http://www.earthcommodities.com.au,2020/2021,http://www.npi.gov.au/npidata/action/load/individual-facility-detail/criteria/state/QLD/year/2021/jurisdiction-facility/Q056EAR001
EARTH COMMODITIES MACKAY PTY LTD,Mandurana Quarry,QLD,Mackay,296 Mandurana Road,4740,0919,Other Construction Material Mining,"Drill & Blast, Load & Haul, Crushing & Screening, Stockpiling and Loading Trucks.",72121603736,121603736,http://www.earthcommodities.com.au,2017/2018,http://www.npi.gov.au/npidata/action/load/individual-facility-detail/criteria/state/QLD/year/2018/jurisdiction-facility/Q056EAR003
EARTH COMMODITIES ROCKHAMPTON PTY LTD,Peak Hill Quarry,QLD,"Yeppoon Road, North Rockhampton",Lot 184,4701,0919,Other Construction Material Mining,"Drill & Blast, Load & Haul, Crushing & Screening, Stockpiling and Loading Trucks.",68121825232,121825232,http://www.earthcommodities.com.au,2012/2013,http://www.npi.gov.au/npidata/action/load/individual-facility-detail/criteria/state/QLD/year/2013/jurisdiction-facility/Q056EAR002
EARTHPOWER TECHNOLOGIES SYDNEY PTY LTD,EarthPower Technologies Sydney,NSW,Camellia,35 Grand Avenue,2142,2921,Waste Treatment and Disposal Services,Food waste disposal activities,71085528427,085528427,http://www.veolia.com.au,2023/2024,http://www.npi.gov.au/npidata/action/load/individual-facility-detail/criteria/state/NSW/year/2024/jurisdiction-facility/1415
EAST COAST ELECTRICAL QLD PTY LTD,Carinya Poultry Farm,QLD,Aratula,68 SAWMILL ROAD,4309,0171,Poultry Farming (Meat),Meat Chicken Facility,58077356284,077356284,,2013/2014,http://www.npi.gov.au/npidata/action/load/individual-facility-detail/criteria/state/QLD/year/2014/jurisdiction-facility/Q086ILB055
EAST GIPPSLAND SHIRE COUNCIL,Bairnsdale Regional Landfill,VIC,Bairnsdale,"BAIRNSDALE LANDFILL, JOHNSTONS RD",3875,2921,Waste Treatment and Disposal Services,Landfill,81957967765,,,2023/2024,http://www.npi.gov.au/npidata/action/load/individual-facility-detail/criteria/state/VIC/year/2024/jurisdiction-facility/00026919
EASTERN CREEK OPERATIONS PTY LTD,UR-3R facility,NSW,Eastern Creek,Wallgrove Road,2766,2922,Waste Remediation and Materials Recovery Services,Waste treatment - recycling of household waste,87105104087,105104087,http://www.globalrenewables.com.au,2009/2010,http://www.npi.gov.au/npidata/action/load/individual-facility-detail/criteria/state/NSW/year/2010/jurisdiction-facility/1242
EASTERN METROPOLITAN REGIONAL COUNCIL,Red Hill Waste Management Facility,WA,Red Hill,"Lots 1, 2, 11 and 12 Toodyay Rd",6056,2921,Waste Treatment and Disposal Services,"Putrescible landfill site (Class III), Transfer Station, Soild Waste landfill cell (Class IV) and FOGO processing facility.",89631866056,,http://www.emrc.org.au,2023/2024,http://www.npi.gov.au/npidata/action/load/individual-facility-detail/criteria/state/WA/year/2024/jurisdiction-facility/WA0258
ECO-CHEM P/L,ECO-CHEM P/L,VIC,Moorabbin,10 EBDEN ST,3189,2921,Waste Treatment and Disposal Services,Products and services related to the dry cleaning industry.,28072094378,072094378,http://www.ecochem.com.au,2004/2005,http://www.npi.gov.au/npidata/action/load/individual-facility-detail/criteria/state/VIC/year/2005/jurisdiction-facility/00023788
EDISON MISSION ENERGY AUST LTD,Loy Yang B Power Station,VIC,Traralgon,LOY YANG B POWER STATION BARTONS LA,3844,2611,Fossil Fuel Electricity Generation,Brown Coal Fired Electricity Generation Facility.,87055563785,055563785,,2002/2003,http://www.npi.gov.au/npidata/action/load/individual-facility-detail/criteria/state/VIC/year/2003/jurisdiction-facility/00008622
EDL (OCI) PTY LIMITED,EDL Glennies Creek,NSW,Singleton,Cnr Nobles Land & Middle Falbrook Rd,2330,2611,Fossil Fuel Electricity Generation,Electricity Generation,85113489295,113489295,http://www.edlenergy.com,2023/2024,http://www.npi.gov.au/npidata/action/load/individual-facility-detail/criteria/state/NSW/year/2024/jurisdiction-facility/1394
EDL (TT) PTY LIMITED,EDL Tahmoor,NSW,Tahmoor,Gate 3 Rememberance Driveway,2573,2611,Fossil Fuel Electricity Generation,Electricity Generation,95088169135,088169135,http://www.edlenergy.com,2023/2024,http://www.npi.gov.au/npidata/action/load/individual-facility-detail/criteria/state/NSW/year/2024/jurisdiction-facility/1392
EDL CSM (NSW) PTY LTD,EDL Appin,NSW,Appin,Northhampton Dale Road,2560,2611,Fossil Fuel Electricity Generation,Electricity Generation,66064847490,064847490,http://www.edlenergy.com,2023/2024,http://www.npi.gov.au/npidata/action/load/individual-facility-detail/criteria/state/NSW/year/2024/jurisdiction-facility/23
EDL CSM (QLD) PTY LTD,German Creek,QLD,Via Middlemount & Cappella Rd,Grasstree Road,4746,2611,Fossil Fuel Electricity Generation,Electricity Generation,48098224269,098224269,http://www.edlenergy.com,2023/2024,http://www.npi.gov.au/npidata/action/load/individual-facility-detail/criteria/state/QLD/year/2024/jurisdiction-facility/Q019END005
EDL JABIRU PTY LTD,EDL Jabiru,NT,Jabiru,Elsherana Road,0886,2611,Fossil Fuel Electricity Generation,Electricity Generation,81062117819,062117819,http://www.edlenergy.com,2023/2024,http://www.npi.gov.au/npidata/action/load/individual-facility-detail/criteria/state/NT/year/2024/jurisdiction-facility/NT552
EDL NGD (NT) P/L,McArthur River,NT,Borroloola,MCARTHUR RIVER MINE MCARTHUR RIVER; SW OF,0852,2611,Fossil Fuel Electricity Generation,Electricity Generation,28065496577,065496577,http://www.edlenergy.com,2023/2024,http://www.npi.gov.au/npidata/action/load/individual-facility-detail/criteria/state/NT/year/2024/jurisdiction-facility/NT403
EDL NGD (QLD) P/L,Cannington Mine Power Station,QLD,Middleton,CNR MCKINLAY RD & BOULLAS RD CANNINGTON; NW OF,4735,2611,Fossil Fuel Electricity Generation,Electricity generation using other mineral fuels,82076288812,076288812,http://www.energydevelopments.com.au,2011/2012,http://www.npi.gov.au/npidata/action/load/individual-facility-detail/criteria/state/QLD/year/2012/jurisdiction-facility/Q019END001
EDL NGD (QLD) PTY LTD,Century Emergency Power Station,QLD,Lawnhill,Century Zine Mine,4830,2611,Fossil Fuel Electricity Generation,Emergency Power Generation,82076288812,076288812,http://www.energydevelopments.com.au,2003/2004,http://www.npi.gov.au/npidata/action/load/individual-facility-detail/criteria/state/QLD/year/2004/jurisdiction-facility/Q019ELE002
EDL NGD (WA) PTY LTD,Broome,WA,Broome,Lot 1049 2-4 McDaniel Road,6725,2611,Fossil Fuel Electricity Generation,Electricity Generation,35070941721,070941721,http://www.edlenergy.com,2023/2024,http://www.npi.gov.au/npidata/action/load/individual-facility-detail/criteria/state/WA/year/2024/jurisdiction-facility/WA1037
EDL PROJECTS (AUSTRALIA) PTY LTD,Century Mine Power Station,QLD,"Via Lawnhill, Northwest",Century Mine site,4814,2611,Fossil Fuel Electricity Generation,Electricity generation n.e.c.,37084776616,,http://www.energydevelopments.com.au,2011/2012,http://www.npi.gov.au/npidata/action/load/individual-facility-detail/criteria/state/QLD/year/2012/jurisdiction-facility/Q019END007
EDRINGTON POULTRY P/L,EDRINGTON POULTRY P/L,VIC,Moorooduc,273 BUNGOWEN RD,3933,0171,Poultry Farming (Meat),Poultry raising,73071131836,071131836,,2004/2005,http://www.npi.gov.au/npidata/action/load/individual-facility-detail/criteria/state/VIC/year/2005/jurisdiction-facility/00026915
EGO PHARMACEUTICALS PROPRIETARY LIMITED,Ego Pharmaceuticals,VIC,Braeside,21-31 MALCOLM RD,3195,1841,Human Pharmaceutical and Medicinal Product Manufacturing,Pharmaceutical Product Manufacturing,86005142361,005142361,http://www.egopharm.com,2023/2024,http://www.npi.gov.au/npidata/action/load/individual-facility-detail/criteria/state/VIC/year/2024/jurisdiction-facility/00020378
EIDSVOLD SLEEPER MILL AND LANDSCAPING TIMBERS PTY. LTD.,Eidsvold Sleeper Mill and Landscaping Timbers Pty Ltd,QLD,Eidsvold,25 Ross Crossing Road,4627,1411,Log Sawmilling,Cutting railway sleepers and landscape timbers,41051202889,051202889,,2023/2024,http://www.npi.gov.au/npidata/action/load/individual-facility-detail/criteria/state/QLD/year/2024/jurisdiction-facility/Q039KRA001
EIT NEERABUP POWER PTY LTD & SHELL ENERGY NEERABUP PTY LTD,Newgen Neerabup Partnership,WA,Neerabup,Trandos Road,6031,2611,Fossil Fuel Electricity Generation,Electrical power generation,63218761290,,https://shellenergy.com.au/,2023/2024,http://www.npi.gov.au/npidata/action/load/individual-facility-detail/criteria/state/WA/year/2024/jurisdiction-facility/WA1204
ELECTRIC LAMP MANUFACTURERS (AUSTRALIA) PTY LTD,Electric Lamp Manufacturers (Australia) Pty Ltd,NSW,Hamilton,54 Clyde Street,2303,2010,Glass and Glass Product Manufacturing,Manufacture of incandescent and fluorescent lamps and glass,47000023790,,,2000/2001,http://www.npi.gov.au/npidata/action/load/individual-facility-detail/criteria/state/NSW/year/2001/jurisdiction-facility/108
ELECTRICITY GENERATION AND RETAIL CORPORATION,Cockburn Power Station,WA,Naval Base,BARTER RD,6165,2611,Fossil Fuel Electricity Generation,240 Megawatt Combined Cycle Gas Turbine Power Station,58673830106,,http://www.synergy.net.au,2023/2024,http://www.npi.gov.au/npidata/action/load/individual-facility-detail/criteria/state/WA/year/2024/jurisdiction-facility/WA0582
ELECTRICITY NETWORKS CORPORATION,Ravensthorpe Power Station,WA,Ravensthorpe,25-31 Martin St,6346,2611,Fossil Fuel Electricity Generation,Electricity generation,18540492861,,http://www.westernpower.com.au,2014/2015,http://www.npi.gov.au/npidata/action/load/individual-facility-detail/criteria/state/WA/year/2015/jurisdiction-facility/WA1191
ELGAS LIMITED,Elgas - Bendigo East,VIC,Bendigo,ROHS RD,3550,1811,Industrial Gas Manufacturing,Processing and transfer of LPG and other industrial gases,85002749260,002749260,http://www.boc.com.au,2020/2021,http://www.npi.gov.au/npidata/action/load/individual-facility-detail/criteria/state/VIC/year/2021/jurisdiction-facility/00030640
ENCORE TISSUE (AUST) PTY LTD,Encore Tissue,VIC,Laverton North,37-41 GILBERTSON RD,3026,1510,"Pulp, Paper and Paperboard Manufacturing",Manufacturing of Paper Personal Hygiene products,99104582523,104582523,http://www.encoretissue.com.au,2023/2024,http://www.npi.gov.au/npidata/action/load/individual-facility-detail/criteria/state/VIC/year/2024/jurisdiction-facility/00004857
ENDEAVOUR COAL PTY LTD,Appin Colliery,NSW,Appin,Illawarra Street,2560,0600,Coal Mining,Appin: Underground coal mining with on-site coal stockpile and surface coal handling activities. Douglas: pit-top facility - no surface coal handling.,38099830476,000019625,,2006/2007,http://www.npi.gov.au/npidata/action/load/individual-facility-detail/criteria/state/NSW/year/2007/jurisdiction-facility/364
ENERGEX LTD,Sunshine Power Station,VIC,Albion,CARRINGTON RESERVE 8 HULLET ST,3020,2611,Fossil Fuel Electricity Generation,Peak-shaving operation electricity generation station using natural gas as a fuel.,40078849055,078849055,,2006/2007,http://www.npi.gov.au/npidata/action/load/individual-facility-detail/criteria/state/VIC/year/2007/jurisdiction-facility/00004211
ENERGY AUSTRALIA NSW PTY LTD,Mount Piper Power Station,NSW,Portland,350 Boulder Road,2847,2611,Fossil Fuel Electricity Generation,Electricity generator,75163935635,,http://www.energyaustralia.com.au,2023/2024,http://www.npi.gov.au/npidata/action/load/individual-facility-detail/criteria/state/NSW/year/2024/jurisdiction-facility/104
ENERGY BRIX AUSTRALIA CORPORATION PTY LTD,Energy Brix Aust Corp P/L,VIC,Morwell,POWER STATION COMMERCIAL RD,3840,2611,Fossil Fuel Electricity Generation,Electricity generation and steam supply.,79074736833,074736833,http://www.ebac.com.au,2014/2015,http://www.npi.gov.au/npidata/action/load/individual-facility-detail/criteria/state/VIC/year/2015/jurisdiction-facility/00004346
ENERGY GENERATION PTY LTD,Ardyaloon,WA,Dampier Peninsula,Lot 889 One Arm Point,6725,2611,Fossil Fuel Electricity Generation,Electricity Generation,82009017458,009017458,http://www.horizonpower.com.au,2023/2024,http://www.npi.gov.au/npidata/action/load/individual-facility-detail/criteria/state/WA/year/2024/jurisdiction-facility/WA1397
ENERGY QUEENSLAND LIMITED,Aurukun,QLD,Aurukun,WUURGKAN ST,4871,2611,Fossil Fuel Electricity Generation,"Isolated power station, Diesel Internal Combusion Engines, for the production of electricity",96612535583,612535583,http://www.ergon.com.au,2023/2024,http://www.npi.gov.au/npidata/action/load/individual-facility-detail/criteria/state/QLD/year/2024/jurisdiction-facility/Q019ERG001
ENERGYAUSTRALIA ECOGEN PTY LTD,Ecogen Jeeralang Power Station,VIC,Morwell,50 BONDS LA,3840,2611,Fossil Fuel Electricity Generation,Power generation,86086589611,086589611,,2023/2024,http://www.npi.gov.au/npidata/action/load/individual-facility-detail/criteria/state/VIC/year/2024/jurisdiction-facility/00004732
ENERGYAUSTRALIA HALLETT PTY LTD,Energy Australia Hallett Power Station,SA,Canowie,BLOCK 76 GOVERNMENT RD,5419,2611,Fossil Fuel Electricity Generation,Peaking Power Generation,42120665643,120665643,http://www.energyaustralia.com.au,2023/2024,http://www.npi.gov.au/npidata/action/load/individual-facility-detail/criteria/state/SA/year/2024/jurisdiction-facility/SA0359
ENERGYAUSTRALIA NSW PTY LTD,Wallerawang Power Station,NSW,Wallerawang,Main Street,2845,2611,Fossil Fuel Electricity Generation,Electricity generator,75163935635,,http://www.energyaustralia.com.au,2014/2015,http://www.npi.gov.au/npidata/action/load/individual-facility-detail/criteria/state/NSW/year/2015/jurisdiction-facility/105
ENERGYAUSTRALIA TALLAWARRA PTY LTD,EnergyAustralia Tallawarra Pty Ltd,NSW,Yallah,Yallah Bay Rd,2530,2611,Fossil Fuel Electricity Generation,Electricity Generation,69081074142,,http://energyaustralia.com.au,2023/2024,http://www.npi.gov.au/npidata/action/load/individual-facility-detail/criteria/state/NSW/year/2024/jurisdiction-facility/1261
ENERGYAUSTRALIA YALLOURN PTY LTD,EnergyAustralia Yallourn,VIC,Yallourn North,YALLOURN NORTH RD,3825,2611,Fossil Fuel Electricity Generation,Power generation and mining,47065325224,065325224,http://www.energyaustralia.com.au,2023/2024,http://www.npi.gov.au/npidata/action/load/individual-facility-detail/criteria/state/VIC/year/2024/jurisdiction-facility/00004321
ENHANCE PLACE PTY LIMITED,Pine Dale Mine,NSW,Lidsdale,CASTLEREAGH HIGHWAY,2790,0600,Coal Mining,"coal works, mining for coal",31077105867,077105867,http://www.enchanceplace.com.au,2013/2014,http://www.npi.gov.au/npidata/action/load/individual-facility-detail/criteria/state/NSW/year/2014/jurisdiction-facility/1361
ENI AUST LTD,Windjana Exploration Operations,WA,Wyndham,120km NNE of Wyndham,6740,0700,Oil and Gas Extraction,oil and gas exploration,40009475389,009475389,http://www.eni.it,2008/2009,http://www.npi.gov.au/npidata/action/load/individual-facility-detail/criteria/state/WA/year/2009/jurisdiction-facility/WA1136
ENI AUSTRALIA LIMITED,Blacktip Onshore Gas Plant,NT,Wadeye,"Wadeye, NT Portion 1637",0822,0700,Oil and Gas Extraction,Natural Gas Compression,40009475389,009475389,http://www.eni.it,2023/2024,http://www.npi.gov.au/npidata/action/load/individual-facility-detail/criteria/state/NT/year/2024/jurisdiction-facility/NT502
ENOPLASTIC AUS PTY LTD,Crealis Australia Pty Ltd,SA,Regency Park,47 Naweena Rd,5010,1611,Printing,Manufacturing packaging for the wine industry,44168053914,168053914,,2023/2024,http://www.npi.gov.au/npidata/action/load/individual-facility-detail/criteria/state/SA/year/2024/jurisdiction-facility/SA0276
ENSHAM RESOURCES PTY LTD,Ensham Coal Mine,QLD,Emerald,DUCKPONDS RD,4720,0600,Coal Mining,Coal Mining,23011048678,011048678,https://www.sungela.com/,2023/2024,http://www.npi.gov.au/npidata/action/load/individual-facility-detail/criteria/state/QLD/year/2024/jurisdiction-facility/Q020ERC001
ENSIGN LABORATORIES PROPRIETARY LIMITED,Ensign Laboratories Pty Ltd,VIC,Mulgrave,490-500  WELLINGTON RD,3170,1841,Human Pharmaceutical and Medicinal Product Manufacturing,"Manufacture of medicinal products, aerosols (insecticides, personal insect repellants, air fresheners, personal deodorants), sunscreens, toothpaste, body washes, skin cleansers, hair care and detergents.",11004395242,004395242,http://www.ensignlab.com.au,2023/2024,http://www.npi.gov.au/npidata/action/load/individual-facility-detail/criteria/state/VIC/year/2024/jurisdiction-facility/00027483
ENVIROGUARD PTY LIMITED,Enviroguard Erskine Park Landfill,NSW,Erskine Park,50 Quarry Road,2759,2921,Waste Treatment and Disposal Services,Waste application to land (landfilling).,23060919164,060919164,http://www.cleanaway.com.au,2023/2024,http://www.npi.gov.au/npidata/action/load/individual-facility-detail/criteria/state/NSW/year/2024/jurisdiction-facility/1282
ENVIROPACIFIC SERVICES PTY LIMITED,Enviropacific SOLVE Waste Soil Facility,VIC,Altona,541-583 KOROROIT CREEK RD,3018,2922,Waste Remediation and Materials Recovery Services,Waste soil treatment,43111372064,111372064,,2023/2024,http://www.npi.gov.au/npidata/action/load/individual-facility-detail/criteria/state/VIC/year/2024/jurisdiction-facility/00030675
ERGON ENERGY CORP LTD,Cooktown,QLD,Cooktown,CNR IDA ST & HOPE ST,4895,2611,Fossil Fuel Electricity Generation,"Isolated power station, Diesel Internal Combusion Engines, for the production of electricity",50087646062,087646062,http://www.ergon.com.au,2007/2008,http://www.npi.gov.au/npidata/action/load/individual-facility-detail/criteria/state/QLD/year/2008/jurisdiction-facility/Q019ERG034
ERGON ENERGY CORPORATION LIMITED,Coconut Island,QLD,Coconut Island,WILLIAMS ST,4875,2611,Fossil Fuel Electricity Generation,"Isolated power station, Diesel Internal Combusion Engines, for the production of electricity",50087646062,087646062,http://www.ergon.com.au,2023/2024,http://www.npi.gov.au/npidata/action/load/individual-facility-detail/criteria/state/QLD/year/2024/jurisdiction-facility/Q019ERG005
ERS AUST P/L,ERS AUST P/L,VIC,Croydon South,38 RESEARCH DR,3136,2921,Waste Treatment and Disposal Services,Waste paint solvent packaging and distribution,88001576889,001576889,http://www.environmentalrecovery.com,2002/2003,http://www.npi.gov.au/npidata/action/load/individual-facility-detail/criteria/state/VIC/year/2003/jurisdiction-facility/00004257
ESPERANCE POWER STATION PTY LTD,Esperance Power Station,WA,Esperance,LOT 1027 HUGHES ROAD,6450,2611,Fossil Fuel Electricity Generation,"The generation of electricity from natural gas and, in a short term emergency or during testing, distillate.",24086409949,,,2021/2022,http://www.npi.gov.au/npidata/action/load/individual-facility-detail/criteria/state/WA/year/2022/jurisdiction-facility/WA0684
ESSENTIAL ENERGY,Mica Street Water Treatment Plant,NSW,Broken Hill,Mica Street,2880,2811,Water Supply,Potable water treatment,37428185226,,http://www.essentialwater.com.au,2023/2024,http://www.npi.gov.au/npidata/action/load/individual-facility-detail/criteria/state/NSW/year/2024/jurisdiction-facility/934
ESSO AUSTRALIA PTY LTD,Esso - Crude Oil Stabilisation Plant,VIC,Longford,GARRETTS RD,3851,0700,Oil and Gas Extraction,Crude oil stabilisation and gas processing,49000018566,000018566,http://www.exxonmobil.com.au,2023/2024,http://www.npi.gov.au/npidata/action/load/individual-facility-detail/criteria/state/VIC/year/2024/jurisdiction-facility/00004347
EUREKA TILES P/L,Eureka Tiles Australia - Ballarat Manufacturing Facility,VIC,Ballarat,CNR STAWELL ST & CHARLESWORTH ST,3350,2029,Other Ceramic Product Manufacturing,Manufacture of ceramic floor tiles and glazed bricks,82074202592,074202592,http://www.eurekatiles.com.au,2009/2010,http://www.npi.gov.au/npidata/action/load/individual-facility-detail/criteria/state/VIC/year/2010/jurisdiction-facility/00004233
EUROBODALLA SHIRE COUNCIL,Brou Landfill Facility,NSW,Dalmeny,Brou Lake Road,2546,2921,Waste Treatment and Disposal Services,Operating landfills,47504455945,,,2023/2024,http://www.npi.gov.au/npidata/action/load/individual-facility-detail/criteria/state/NSW/year/2024/jurisdiction-facility/1515
EXMOUTH POWER STATION PTY LTD,Exmouth Power Station (Private),WA,Exmouth,Welch Street,6707,2611,Fossil Fuel Electricity Generation,Electricity Supply,44102863909,102863909,,2023/2024,http://www.npi.gov.au/npidata/action/load/individual-facility-detail/criteria/state/WA/year/2024/jurisdiction-facility/WA1006
F & J GIOVENCO,F & G Giovenco,WA,Wanneroo,Lot 18 Ashby Street,6065,0171,Poultry Farming (Meat),Chicken raising for meat production.,21675519902,,,2021/2022,http://www.npi.gov.au/npidata/action/load/individual-facility-detail/criteria/state/WA/year/2022/jurisdiction-facility/WA0658
FAIRFAX MEDIA LIMITED,Fairfax media Wendouree ACM,VIC,Wendouree,30-32 GRANDLEE DR,3355,1611,Printing,Printing,15008663161,008663161,,2019/2020,http://www.npi.gov.au/npidata/action/load/individual-facility-detail/criteria/state/VIC/year/2020/jurisdiction-facility/00030635
FAIRGLEN FARMS PTY LTD,Fairglen Farms (Jirda),WA,Gingin,Lot 3686 Airfield Road,6503,0171,Poultry Farming (Meat),Chicken raising for meat production.,15637689840,637689840,,2023/2024,http://www.npi.gov.au/npidata/action/load/individual-facility-detail/criteria/state/WA/year/2024/jurisdiction-facility/WA0647
FAT HEN PTY LTD,FAT HEN PTY LTD,QLD,Harrisville,Charles Chauvel Drive,4307,0171,Poultry Farming (Meat),Broiler farm and Gazing,98301962401,,,2013/2014,http://www.npi.gov.au/npidata/action/load/individual-facility-detail/criteria/state/QLD/year/2014/jurisdiction-facility/Q086ILB010
FELTON GRIMWADE & BOSISTO'S PTY LTD,FELTON GRIMWADE & BOSISTO'S PTY LTD,VIC,Oakleigh South,61-81 CLARINDA RD,3167,1841,Human Pharmaceutical and Medicinal Product Manufacturing,Manufacture of pharmaceutical products,13004809161,004809161,http://www.fgb.com.au,2023/2024,http://www.npi.gov.au/npidata/action/load/individual-facility-detail/criteria/state/VIC/year/2024/jurisdiction-facility/00030008
FERRO CORPORATION (AUST) PTY LTD,Ferro Corp (Aust) - Coatings Division,VIC,Moorabbin,105-115 COCHRANES RD,3189,2010,Glass and Glass Product Manufacturing,"Manufacture of speciality glasses for porcelain enamel and ceramic glaze applications, manufacture of ceramic glazes, inorganic pigments and enamels for decorating glass.",61000033189,000033189,,2010/2011,http://www.npi.gov.au/npidata/action/load/individual-facility-detail/criteria/state/VIC/year/2011/jurisdiction-facility/00004144
FIBRE CONTAINERS (QLD) P/L,Fibre Containers Queensland Pty Ltd,QLD,West End,36 DUNCAN ST,4101,1510,"Pulp, Paper and Paperboard Manufacturing",Production and convertion of paperboard to produce corrugated paperboard packaging,53051607517,051607517,,2005/2006,http://www.npi.gov.au/npidata/action/load/individual-facility-detail/criteria/state/QLD/year/2006/jurisdiction-facility/Q007FIB001
FISHERS (LATROBE VALLEY) PROPRIETARY LIMITED,Fisher's Timber Preservation,VIC,Morwell,30 SWAN RD,3840,1413,Timber Resawing and Dressing,Pallet manufacturing and tru-core water based timber treatment,68005586694,005586694,http://www.losp.com.au,2013/2014,http://www.npi.gov.au/npidata/action/load/individual-facility-detail/criteria/state/VIC/year/2014/jurisdiction-facility/00021342
FITZROY COAL MANAGEMENT PTY LTD,Ironbark No.1 Coal Mine,QLD,Coppabella,"Peak Downs Highway, 13km west of Coppabella",4741,0600,Coal Mining,Coal Mining,15108803461,108803461,,2023/2024,http://www.npi.gov.au/npidata/action/load/individual-facility-detail/criteria/state/QLD/year/2024/jurisdiction-facility/Q020FCM001
FLETCHER INTERNATIONAL EXPORTS PTY LTD,Fletcher International Dubbo,NSW,Dubbo,Lot 11 Yarrandale Road,2830,1111,Meat Processing,"Animal slaughtering, packing, rendering and salting.",64003213652,003213652,http://www.fletchint.com.au,2023/2024,http://www.npi.gov.au/npidata/action/load/individual-facility-detail/criteria/state/NSW/year/2024/jurisdiction-facility/891
FLINDERS OPERATING SERVICES PTY LTD,LEIGH CREEK COALFIELD,SA,Leigh Creek,LEIGH CREEK COALFIELD,5731,0600,Coal Mining,COAL MINING,36094130837,094130837,http://www.alintaenergy.com,2015/2016,http://www.npi.gov.au/npidata/action/load/individual-facility-detail/criteria/state/SA/year/2016/jurisdiction-facility/SA0016
FLOOD FAMILY TRUST,FLOOD FAMILY TRUST,QLD,Wamuran,115 Childs Road,4512,0171,Poultry Farming (Meat),Chicken Grower,36797229441,,,2007/2008,http://www.npi.gov.au/npidata/action/load/individual-facility-detail/criteria/state/QLD/year/2008/jurisdiction-facility/Q086ILB092
FOAMCO INDUSTRIES PTY LIMITED,Foamco Industries Minto,NSW,Minto,27-29 Pembury Road,2566,1821,Synthetic Resin and Synthetic Rubber Manufacturing,Main raw materials are reacted together in the presence of a number of catalysts to produce polyurethane foam using verti foam/liquid CO2 max foam technology. In this process foam is manufactured in a vertically upward direction in a small portion of production and horizontal in major part of the production.,34003666340,003666340,http://www.foamco.com.au,2023/2024,http://www.npi.gov.au/npidata/action/load/individual-facility-detail/criteria/state/NSW/year/2024/jurisdiction-facility/103
FONTERRA AUSTRALIA PTY LTD,Cobden,VIC,Cobden,129 CURDIE ST,3266,1131,Milk and Cream Processing,Dairy product manufacturing,52006483665,006483665,http://www.fonterra.com,2023/2024,http://www.npi.gov.au/npidata/action/load/individual-facility-detail/criteria/state/VIC/year/2024/jurisdiction-facility/00004343
FORBES SHIRE COUNCIL,Forbes Recycling and Waste Depot,NSW,Daroobalgie,Calarie - Daroobalgie Road,2871,2921,Waste Treatment and Disposal Services,Landfill,86023614567,,http://www.forbes.nsw.gov.au,2023/2024,http://www.npi.gov.au/npidata/action/load/individual-facility-detail/criteria/state/NSW/year/2024/jurisdiction-facility/1438
FORD MOTOR CO OF AUST LTD,Product Development,VIC,Norlane,CNR MELBOURNE RD & THE BOULEVARD,3214,2311,Motor Vehicle Manufacturing,Motor vehicle engine testing,30004116223,004116223,http://www.ford.com.au,2008/2009,http://www.npi.gov.au/npidata/action/load/individual-facility-detail/criteria/state/VIC/year/2009/jurisdiction-facility/00020350
FORD MOTOR COMPANY OF AUSTRALIA LIMITED,Ford - Broadmeadows Plant,VIC,Campbellfield,1727-1743 SYDNEY RD,3061,2311,Motor Vehicle Manufacturing,Motor vehicle manufacturing,30004116223,004116223,http://www.ford.com.au,2016/2017,http://www.npi.gov.au/npidata/action/load/individual-facility-detail/criteria/state/VIC/year/2017/jurisdiction-facility/00004019
FORTESCUE LTD,Solomon Power Station,WA,Tom Price,LV5 Opposite Laing O'Rourke Stockyard via Auskey Roadhouse,6751,2611,Fossil Fuel Electricity Generation,Fossil Fuel Electricity Generation		,57002594872,002594872,https://fortescue.com/,2023/2024,http://www.npi.gov.au/npidata/action/load/individual-facility-detail/criteria/state/WA/year/2024/jurisdiction-facility/WA1441
FOUNDRIES PTY LTD,FOUNDRIES PTY LTD,QLD,Moorooka,7 Davey St,4105,2110,Iron Smelting and Steel Manufacturing,Sand moulding Pouring in moultern cast iron. Pulley Blank,35009686793,009686793,,2002/2003,http://www.npi.gov.au/npidata/action/load/individual-facility-detail/criteria/state/QLD/year/2003/jurisdiction-facility/Q003FOU001
FOXLEIGH MANAGEMENT PTY LTD,Foxleigh,QLD,Middlemount,Middlemount-Dysart Road,4746,0600,Coal Mining,Coal mining,27089726492,089726492,https://www.qmetco.com.au/site/our-assets/foxleigh-coal-mine/asset-overview,2023/2024,http://www.npi.gov.au/npidata/action/load/individual-facility-detail/criteria/state/QLD/year/2024/jurisdiction-facility/Q020FOX001
FPS INTERNATIONAL (AUST) P/L,FPS INTERNATIONAL (AUST) P/L,VIC,Dingley,369 LOWER DANDENONG RD,3172,1611,Printing,Flexographic printing,84080857647,080857647,http://www.fpsint.com.au,2004/2005,http://www.npi.gov.au/npidata/action/load/individual-facility-detail/criteria/state/VIC/year/2005/jurisdiction-facility/00021371
FQM AUSTRALIA NICKEL PTY LTD,Ravensthorpe Nickel Project Tamarine Quarry,WA,Jerdacuttup,Tamarine Rd,6346,0990,Other Non-Metallic Mineral Mining and Quarrying,Limestone quarrying,92135761465,135761465,,2023/2024,http://www.npi.gov.au/npidata/action/load/individual-facility-detail/criteria/state/WA/year/2024/jurisdiction-facility/WA1681
FRASER COAST REGIONAL COUNCIL,Maryborough Landfill,QLD,Maryborough,Ariadne Street,4650,2921,Waste Treatment and Disposal Services,Landfill,19277850689,,,2023/2024,http://www.npi.gov.au/npidata/action/load/individual-facility-detail/criteria/state/QLD/year/2024/jurisdiction-facility/Q058FRA001
FRCPA PTY LTD,FRC Pipes,QLD,Meeandah,46 Randle Road,4008,2034,Concrete Product Manufacturing,Manufacture of fibre reinforced concrete pipes and fittings.,64605089941,605089941,http://www.rcpa.com.au,2023/2024,http://www.npi.gov.au/npidata/action/load/individual-facility-detail/criteria/state/QLD/year/2024/jurisdiction-facility/Q011JHA001
FREW (KYNETON) PTY LTD,Frew Kyneton Pty Ltd,VIC,Melton,82 – 98 FERRIS RD ,3777,1111,Meat Processing,Meat processing and packaging,25006627729,006627729,,2010/2011,http://www.npi.gov.au/npidata/action/load/individual-facility-detail/criteria/state/VIC/year/2011/jurisdiction-facility/00004053
FRIEBERG ENTERPRISES PTY LTD,FRIEBERG ENTERPRISES PTY LTD,QLD,Redland Bay,98-102 Giles Road,4165,0171,Poultry Farming (Meat),Free Range Chicken Meat Facility,54083408511,,,2013/2014,http://www.npi.gov.au/npidata/action/load/individual-facility-detail/criteria/state/QLD/year/2014/jurisdiction-facility/Q086ILB060
FULTON HOGAN CONSTRUCTION PTY LTD,Waterloo Quarry,SA,Waterloo,Site Allotments 105  Government Road,5413,0990,Other Non-Metallic Mineral Mining and Quarrying,Quarrying,46010240758,010240758,,2022/2023,http://www.npi.gov.au/npidata/action/load/individual-facility-detail/criteria/state/SA/year/2023/jurisdiction-facility/SA0706
FULTON HOGAN INDUSTRIES PTY LTD,Blue Rock Quarry,QLD,Cedar Creek,Tamaree Road,4207,0919,Other Construction Material Mining,Hard rock quarrying and screening,54000538689,000538689,http://www.fultonhogan.com.au,2023/2024,http://www.npi.gov.au/npidata/action/load/individual-facility-detail/criteria/state/QLD/year/2024/jurisdiction-facility/Q056FUL001
FULTON HOGAN QUARRIES PTY LTD,Tylden Quarry,VIC,Tylden,11-22 WOODEND RD,3444,0990,Other Non-Metallic Mineral Mining and Quarrying,Quarry,16004475076,004475076,http://www.fultonhogan.com.au,2023/2024,http://www.npi.gov.au/npidata/action/load/individual-facility-detail/criteria/state/VIC/year/2024/jurisdiction-facility/00030540
G & K O'CONNOR PTY LTD,G & K O'CONNOR PTY LTD,VIC,Pakenham,940 KOOWEERUP RD,3810,1111,Meat Processing,Meat processing,49005934029,005934029,,2023/2024,http://www.npi.gov.au/npidata/action/load/individual-facility-detail/criteria/state/VIC/year/2024/jurisdiction-facility/00004115
G & M SAUZIER PTY LTD,La Bougainville,WA,Orange Grove,234 Kelvin Road,6109,0171,Poultry Farming (Meat),Chicken raising for meat production,40057273873,057273873,,2010/2011,http://www.npi.gov.au/npidata/action/load/individual-facility-detail/criteria/state/WA/year/2011/jurisdiction-facility/WA0716
G AND KR INVESTMENTS PTY LTD,G and KR Investments,TAS,Nugent,1461 NUGENT RD,7172,0171,Poultry Farming (Meat),Chicken meat rearing,95107372145,107372145,,2010/2011,http://www.npi.gov.au/npidata/action/load/individual-facility-detail/criteria/state/TAS/year/2011/jurisdiction-facility/TAS+432
G. & J. COOK,"""Toomulla""",QLD,Redland Bay,83 Giles Road,4165,0171,Poultry Farming (Meat),Meat Chicken Facility,96895813941,,,2004/2005,http://www.npi.gov.au/npidata/action/load/individual-facility-detail/criteria/state/QLD/year/2005/jurisdiction-facility/Q086ILB043
G. & P. PETERS,Royston Park,QLD,Elimbah,30 Mansfield Road,4516,0171,Poultry Farming (Meat),Meat Chicken Facility,92323739137,,,2013/2014,http://www.npi.gov.au/npidata/action/load/individual-facility-detail/criteria/state/QLD/year/2014/jurisdiction-facility/Q086ILB051
GA AND AK THOMPSON,GA and AK Thompson,TAS,Nubeena,61 ALFRED ST,7184,0171,Poultry Farming (Meat),Intensive Livestock-Poultry Raising,48919325908,,,2011/2012,http://www.npi.gov.au/npidata/action/load/individual-facility-detail/criteria/state/TAS/year/2012/jurisdiction-facility/TAS+400
GAINSBOROUGH HARDWARE INDUSTRIES LIMITED,GAINSBOROUGH HARDWARE INDUSTRIES LIMITED,VIC,Blackburn,190  WHITEHORSE RD,3130,2299,Other Fabricated Metal Product Manufacturing n.e.c.,"Manufacture of door furniture including diecast, electroplating and assembly",25004792269,004792269,http://www.gainsboroughhardware.com.au,2011/2012,http://www.npi.gov.au/npidata/action/load/individual-facility-detail/criteria/state/VIC/year/2012/jurisdiction-facility/00022845
GANNAWARRA SHIRE COUNCIL,Denyer Rd Landfill,VIC,Kerang,PT OF C/A 55 DENYER RD,3579,2921,Waste Treatment and Disposal Services,Waste Disposal,98993182937,,http://www.gannawarra.vic.gov.au,2021/2022,http://www.npi.gov.au/npidata/action/load/individual-facility-detail/criteria/state/VIC/year/2022/jurisdiction-facility/00006951
GCP AUSTRALIA PTY LTD,GCP Applied Technologies,WA,Canningvale,12/14 Ernest Clark Road,6155,2034,Concrete Product Manufacturing,Manufacturing concrete/cement products,41080660117,080660117,,2018/2019,http://www.npi.gov.au/npidata/action/load/individual-facility-detail/criteria/state/WA/year/2019/jurisdiction-facility/WA1400
GEELONG WOOL COMBING LTD,GEELONG WOOL COMBING LTD,VIC,Corio,CNR HEALES RD & BRODERICK RD,3214,1311,Wool Scouring,Early stage wool processing including scouring and associated effluent treatment,22007072773,007072773,http://www.gwc.net.au,2002/2003,http://www.npi.gov.au/npidata/action/load/individual-facility-detail/criteria/state/VIC/year/2003/jurisdiction-facility/00016669
GELPACK ENTERPRISES PTY LTD,Gelpack,VIC,Noble Park North,428-430 PRINCES HWY,3174,1611,Printing,Manufacture of flexible packaging,35069417312,069417312,http://www.gelpack.com.au,2011/2012,http://www.npi.gov.au/npidata/action/load/individual-facility-detail/criteria/state/VIC/year/2012/jurisdiction-facility/00004214
GEOCYCLE SBF PTY LIMITED,Geocycle SBF,VIC,Dandenong,92 ORDISH RD,3175,2921,Waste Treatment and Disposal Services,Waste Treatment and Disposal Services,85072838209,072838209,http://www.cemaust.com.au,2023/2024,http://www.npi.gov.au/npidata/action/load/individual-facility-detail/criteria/state/VIC/year/2024/jurisdiction-facility/00004242
GEORGE CHAPMAN PTY LTD,George Chapman Pty Ltd,SA,Nairne,132 Princess Highway,5252,1111,Meat Processing,"Pig abattoir, rendering, small goods manufacture.",95007873193,007872193,,1999/2000,http://www.npi.gov.au/npidata/action/load/individual-facility-detail/criteria/state/SA/year/2000/jurisdiction-facility/SA0487
GEORGE TOWN COUNCIL,George Town Landfill,TAS,George Town,MOUNT GEORGE RD,7253,2921,Waste Treatment and Disposal Services,Domestic Landfill,68300116092,,,2011/2012,http://www.npi.gov.au/npidata/action/load/individual-facility-detail/criteria/state/TAS/year/2012/jurisdiction-facility/TAS+370
GEORGE WESTON FOODS LIMITED,Meat and Dairy Watsons,WA,Spearwood,174 Hamilton Road,6163,1111,Meat Processing,Meat processing smallgoods production,45008429632,008429632,http://www.georgewestonfoods.com.au,2008/2009,http://www.npi.gov.au/npidata/action/load/individual-facility-detail/criteria/state/WA/year/2009/jurisdiction-facility/WA0314
GEORGE WESTON FOODS LTD,Don KRC,QLD,Toowoomba,5 MORT ST,4350,1111,Meat Processing,Slaughtering and Boning Pigs,45008429632,008429632,http://www.gwf.com.au,2008/2009,http://www.npi.gov.au/npidata/action/load/individual-facility-detail/criteria/state/QLD/year/2009/jurisdiction-facility/Q033DDB001
GERALDTON BRICKWORKS PTY LTD,Geraldton Brickworks,WA,Bootenal,Edward Rd,6532,2021,Clay Brick Manufacturing,Clay brick manufacturing,85008685836,008685836,http://www.geraldtonbrick.com.au,2023/2024,http://www.npi.gov.au/npidata/action/load/individual-facility-detail/criteria/state/WA/year/2024/jurisdiction-facility/WA0080
GERSEKOWSKI & SON PTY LTD,GERSEKOWSKI & SON PTY LTD,QLD,Cecil Plains,80-94 TAYLOR ST,4407,1411,Log Sawmilling,Sawmilling/Timber Preservation,54066290408,066290408,,2004/2005,http://www.npi.gov.au/npidata/action/load/individual-facility-detail/criteria/state/QLD/year/2005/jurisdiction-facility/Q039GKW001
GERSEKOWSKI VICTOR CHARLES,VIC'S TIMBER & DRESSING,QLD,Cecil Plains,"WAHROONGA LEA, CEMETERY RD",4407,1411,Log Sawmilling,Sawmilling,,861056019,,2004/2005,http://www.npi.gov.au/npidata/action/load/individual-facility-detail/criteria/state/QLD/year/2005/jurisdiction-facility/Q039GVC001
GIBSON ISLAND ALLIANCE,Gibson Island Alliance Advance Water Treatment Plant,QLD,Murarrie,188 Paringa Road,4172,2811,Water Supply,Processing wastewater from Gibson Island WWTP to produce water for reuse by industry or QLD water commission,54994635400,,,2010/2011,http://www.npi.gov.au/npidata/action/load/individual-facility-detail/criteria/state/QLD/year/2011/jurisdiction-facility/Q023GIB001
GLADSTONE REGIONAL COUNCIL,Aerodrome Road Tip,QLD,Gladstone,AERODROME RD,4680,2921,Waste Treatment and Disposal Services,Landfill,27330979106,,http://www.gladstone.qld.gov.au,2011/2012,http://www.npi.gov.au/npidata/action/load/individual-facility-detail/criteria/state/QLD/year/2012/jurisdiction-facility/Q058GLA011
GLASSMETAL INDUSTRIES PTY LTD,GLASSMETAL INDUSTRIES PTY LTD,VIC,Moolap,57-77 MOON ST,3221,2010,Glass and Glass Product Manufacturing,"Manufacture of vitreous enamel products such as signs, murals, architectural panels and heaters.",81006652259,006652259,http://www.glassmetal.com.au,2013/2014,http://www.npi.gov.au/npidata/action/load/individual-facility-detail/criteria/state/VIC/year/2014/jurisdiction-facility/00004681
GLAXOSMITHKLINE AUSTRALIA PTY LTD,Boronia,VIC,Boronia,1061 MOUNTAIN HWY,3155,1841,Human Pharmaceutical and Medicinal Product Manufacturing,Manufacturing pharmaceuticals,47100162481,100162481,http://www.gsk.com.au,2022/2023,http://www.npi.gov.au/npidata/action/load/individual-facility-detail/criteria/state/VIC/year/2023/jurisdiction-facility/00004854
GLENELG SHIRE COUNCIL,Portland Landfill,VIC,Portland,DERRIL RD,3305,2921,Waste Treatment and Disposal Services,Landfill (Closed),48217289490,,http://www.glenelg.vic.gov.au,2020/2021,http://www.npi.gov.au/npidata/action/load/individual-facility-detail/criteria/state/VIC/year/2021/jurisdiction-facility/00006977
GLENORCHY CITY COUNCIL,Jackson St Waste Management Centre,TAS,Glenorchy,JACKSON ST,7010,2921,Waste Treatment and Disposal Services,Municipal Landfill - for receiving & treating waste,19753252493,,http://www.gcc.tas.gov.au,2023/2024,http://www.npi.gov.au/npidata/action/load/individual-facility-detail/criteria/state/TAS/year/2024/jurisdiction-facility/TAS+290
GLNG OPERATIONS PTY LTD,Curtis Island GLNG Plant,QLD,Curtis Island,GLNG plant site,4680,1811,Industrial Gas Manufacturing,Uploading Reports,66132321192,132321192,http://www.npi.gov.au,2023/2024,http://www.npi.gov.au/npidata/action/load/individual-facility-detail/criteria/state/QLD/year/2024/jurisdiction-facility/Q012SAN022
GM HOLDEN LTD,HOLDEN VEHICLE OPERATIONS,SA,Elizabeth,180 PHILIP HWY,5112,2311,Motor Vehicle Manufacturing,"Location of Holden Ltd's motor vehicle assembly and components manufacturing facility. The facility incorporates the manufacturing processes of metal stamping and fabrication, body hardware, plastics, body assembly, paint and vehicle assembly.",84006893232,006893232,http://www.holden.com.au/corporate/about-holden/environmentfacilities/programs/national-pollutant-inventory,2017/2018,http://www.npi.gov.au/npidata/action/load/individual-facility-detail/criteria/state/SA/year/2018/jurisdiction-facility/SA0042
GOLD COAST CITY COUNCIL,Molendinar Closed Landfill,QLD,Molendinar,Herbertson Drive ,4214,2921,Waste Treatment and Disposal Services,Landfill and Transfer Station,84858548460,,http://www.cityofgoldcoast.com.au/waste,2023/2024,http://www.npi.gov.au/npidata/action/load/individual-facility-detail/criteria/state/QLD/year/2024/jurisdiction-facility/Q058GOL001
GOLDFIELDS TURKEYS PTY LIMITED,GOLDFIELDS TURKEYS PTY LIMITED,VIC,St Arnaud North,357 FITZPATRICKS RD,3477,0171,Poultry Farming (Meat),Turkey raising,37068105920,068105920,http://www.goldfieldsturkeys.com.au,2012/2013,http://www.npi.gov.au/npidata/action/load/individual-facility-detail/criteria/state/VIC/year/2013/jurisdiction-facility/00026910
GOLDING CONTRACTORS PTY LTD,Kogan Creek Mine,QLD,Via Brigalow,Smiths Road,4412,0600,Coal Mining,Coal mining and overburden removal,88009734794,,,2023/2024,http://www.npi.gov.au/npidata/action/load/individual-facility-detail/criteria/state/QLD/year/2024/jurisdiction-facility/Q020GOL001
GOULBURN MULWAREE COUNCIL,Goulburn Mulwaree Council Landfill,NSW,Goulburn,100 Sinclair Street,2580,2921,Waste Treatment and Disposal Services,Landfill and transfer station,84049849319,,http://www.goulburn.nsw.gov.au,2023/2024,http://www.npi.gov.au/npidata/action/load/individual-facility-detail/criteria/state/NSW/year/2024/jurisdiction-facility/1437
GOULBURN VALLEY REGION WATER AUTHORITY,Shepparton Water Treatment Plant,VIC,Shepparton,175 WELSFORD ST,3630,2811,Water Supply,Production of potable water,84578076056,,http://www.gvwater.vic.gov.au,2023/2024,http://www.npi.gov.au/npidata/action/load/individual-facility-detail/criteria/state/VIC/year/2024/jurisdiction-facility/00004580
GOULBURN WOOL SCOUR PTY LIMITED,Goulburn Wool Scour,NSW,Goulburn,Mazamet Road Joppa Junction,2580,1311,Wool Scouring,wool scouring - washing shorn wool,83002697038,002697038,http://www.gwsc.com.au,2004/2005,http://www.npi.gov.au/npidata/action/load/individual-facility-detail/criteria/state/NSW/year/2005/jurisdiction-facility/641
GRAHAMS QUARRY CEDAR POINT PTY LTD,Woodburn Quarry (Buntings Pit),NSW,Woodburn,Brickella Road,2472,0990,Other Non-Metallic Mineral Mining and Quarrying,"Extractive Industry, quarrying",74138644121,,https://www.grahamsquarry.com.au/,2023/2024,http://www.npi.gov.au/npidata/action/load/individual-facility-detail/criteria/state/NSW/year/2024/jurisdiction-facility/1488
GRAMPIANS WIMMERA MALLEE WATER CORPORATION,Horsham Water Treatment Plant,VIC,Horsham,RESERVOIR RD,3400,2811,Water Supply,Supply of water,35584588263,,http://www.gwmwater.org.au,2023/2024,http://www.npi.gov.au/npidata/action/load/individual-facility-detail/criteria/state/VIC/year/2024/jurisdiction-facility/00009136
GRAMPIANS WOOL INDUSTRIES P/L,GRAMPIANS WOOL INDUSTRIES P/L,VIC,Hamilton,86-94 LODGE RD,3300,1311,Wool Scouring,Wool scouring and carbonising,30006822082,006822082,,2007/2008,http://www.npi.gov.au/npidata/action/load/individual-facility-detail/criteria/state/VIC/year/2008/jurisdiction-facility/00004451
GRANGER HOLDINGS PTY LTD,GRANGER HOLDINGS PTY LTD,WA,Wanneroo,1346 WANNEROO ROAD,6065,0171,Poultry Farming (Meat),CHICKEN RAISING FOR MEAT PRODUCTION. Site sold - as per phone conversation with Len Brajkovich 04/07/2007 CH.,,009104849,,2003/2004,http://www.npi.gov.au/npidata/action/load/individual-facility-detail/criteria/state/WA/year/2004/jurisdiction-facility/WA0643
GRAYMONT (CALLIOPE) PTY LTD,Calliope,QLD,Calliope,Taragoola Road,4680,0990,Other Non-Metallic Mineral Mining and Quarrying,Limestone quarrying,90000111884,000111884,http://www.graymont.com,2023/2024,http://www.npi.gov.au/npidata/action/load/individual-facility-detail/criteria/state/QLD/year/2024/jurisdiction-facility/Q056UAL003
GRAYMONT (CHARBON) PTY LTD,Charbon,NSW,Charbon,Charbon Road,2848,2031,Cement and Lime Manufacturing,Lime manufacturing,71063659610,063659610,www.graymont.com,2023/2024,http://www.npi.gov.au/npidata/action/load/individual-facility-detail/criteria/state/NSW/year/2024/jurisdiction-facility/651
GRAYMONT (EXCELSIOR) PTY LTD,Excelsior,NSW,Capertee,Excelsior Rd,2846,0990,Other Non-Metallic Mineral Mining and Quarrying,Limestone quarrying,72000561311,000561311,http://www.graymont.com,2023/2024,http://www.npi.gov.au/npidata/action/load/individual-facility-detail/criteria/state/NSW/year/2024/jurisdiction-facility/1466
GRAYMONT (NSW) PTY LTD,Attunga,NSW,Attunga,Garthowen Road,2345,2031,Cement and Lime Manufacturing,Cement manufacturing (except adhesive or refractory),78055274569,055274569,www.graymont.com,2023/2024,http://www.npi.gov.au/npidata/action/load/individual-facility-detail/criteria/state/NSW/year/2024/jurisdiction-facility/403
GRAYMONT (TASMANIA) PTY LTD,Mole Creek,TAS,Mole Creek,380 DEN RD,7304,2031,Cement and Lime Manufacturing,Limestone quarrying,,009332174,http://www.graymont.com,2023/2024,http://www.npi.gov.au/npidata/action/load/individual-facility-detail/criteria/state/TAS/year/2024/jurisdiction-facility/TAS+102
GRAYMONT (VICTORIA) PTY LTD,Buchan,VIC,Buchan,GELANTIPY RD,3885,0990,Other Non-Metallic Mineral Mining and Quarrying,Limestone quarrying,78055274569,055274569,http://www.graymont.com,2023/2024,http://www.npi.gov.au/npidata/action/load/individual-facility-detail/criteria/state/VIC/year/2024/jurisdiction-facility/00029408
GREAT NORTHERN QLD PTY LTD,Subera Mine Site,QLD,Rubyvail,via Rubyvail,4702,0990,Other Non-Metallic Mineral Mining and Quarrying,Sapphire Mining and Processing,30091850298,091850298,,2001/2002,http://www.npi.gov.au/npidata/action/load/individual-facility-detail/criteria/state/QLD/year/2002/jurisdiction-facility/Q056GTN001
GREAT SOUTHERN ENERGY PTY LTD,Chain Valley Colliery,NSW,Mannering Park,Off Construction Road,2259,0600,Coal Mining,Coal works. Mining for coal.,40621409201,621409201,http://www.deltacoal.com.au,2023/2024,http://www.npi.gov.au/npidata/action/load/individual-facility-detail/criteria/state/NSW/year/2024/jurisdiction-facility/1512
GREATER BENDIGO CITY COUNCIL,Eaglehawk Landfill,VIC,Eaglehawk,UPPER CALIFORNIA GULLY RD,3556,2921,Waste Treatment and Disposal Services,Waste Disposal Facility,74149638164,,http://www.bendigo.vic.gov.au,2023/2024,http://www.npi.gov.au/npidata/action/load/individual-facility-detail/criteria/state/VIC/year/2024/jurisdiction-facility/00006957
GREATER GEELONG CITY COUNCIL,Drysdale Resource Recovery Centre and Landfill,VIC,Drysdale,502-510 FOUNDS RD,3222,2921,Waste Treatment and Disposal Services,Resource Recovery and Landifll,18374210672,,https://www.geelongaustralia.com.au/,2023/2024,http://www.npi.gov.au/npidata/action/load/individual-facility-detail/criteria/state/VIC/year/2024/jurisdiction-facility/00007010
GREATER SHEPPARTON CITY COUNCIL,COSGROVE LANDFILL,VIC,Pine Lodge,205 QUARRY ROAD,3631,2921,Waste Treatment and Disposal Services,Landfill,59835329843,,http://www.greatershepparton.com.au,2023/2024,http://www.npi.gov.au/npidata/action/load/individual-facility-detail/criteria/state/VIC/year/2024/jurisdiction-facility/00006942
GREATER WESTERN WATER,Altona Sewage Treatment Plant,VIC,Altona Meadows,293 QUEEN ST ,3028,2811,Water Supply,"The Altona Treatment Plant site comprises of a wastewater treatment plant known as Altona Treatment Plant (ATP) and a recycled water plant known as Altona Salt Reduction Plant (ASRP). 
• ATP is an activated sludge plant which comprises mainly of Intermittently Decanted Extended Aeration (IDEA) reactors, an aerobic digester, tertiary treatment system such as tertiary filters and UV disinfection units and belt filter presses. The treatment processes are designed to remove solids and pathogens and biologically reduce organic and nutrient loads.
• ASRP comprises of mainly Ultrafiltration (UF) and two passes of Reverse Osmosis (RO) filtration processes. The ASRP operations involve treatment of tertiary treated effluent from ATP to produce Class A fit-for-purpose recycled water for industrial and irrigation customers. The effluent (brine or the Reverse Osmosis Concentrate (ROC)) from ASRP is combined with the excess tertiary treated effluent from ATP before the mixture is discharged to the Port Philip Bay. The ASRP is a salt reduction plant has recently been recommissioned to supply Class A recycled water to Industrial and Irrigation customers in accordance with the regional EIP, Recycled Water Quality Management Plan (RWQMP) and individual customer EIPs. 
The ATP operations involve treatment of municipal sewage (about 99% residential) to produce tertiary treated effluent and digested sludge (biosolids). The biosolids is removed from site for further treatment such as composting by a contracted composter for beneficial reuse in accordance with the EPA approved EIP.  
",70066902467,,http://www.greaterwesternwater.com.au,2023/2024,http://www.npi.gov.au/npidata/action/load/individual-facility-detail/criteria/state/VIC/year/2024/jurisdiction-facility/00004540
GREEN TRIANGLE FOREST PRODUCTS LTD,Dartmoor Sawmill,VIC,Dartmoor,LINDSAY RD,3304,1411,Log Sawmilling,"Timber milling: debarking, cutting, drying and planing of pine logs; copper-chrome-arsenate (CCA) timber treatment.",24087010446,087010446,,2007/2008,http://www.npi.gov.au/npidata/action/load/individual-facility-detail/criteria/state/VIC/year/2008/jurisdiction-facility/00004817
GREENHAM GIPPSLAND PTY LTD,Greenham Gippsland,VIC,Moe,330 MOE-WALHALLA RD,3825,1111,Meat Processing,Abattoir - Meat Processing,85622028728,622028728,https://www.greenham.com.au/,2023/2024,http://www.npi.gov.au/npidata/action/load/individual-facility-detail/criteria/state/VIC/year/2024/jurisdiction-facility/00030836
GREENHAM TASMANIA P/L,Greenham Tasmania Pty Ltd,TAS,Smithton,BACON FACTORY RD,7330,1111,Meat Processing,Meat processing facility,61099121301,099121301,http://www.greenham.com.au,2023/2024,http://www.npi.gov.au/npidata/action/load/individual-facility-detail/criteria/state/TAS/year/2024/jurisdiction-facility/TAS+19
GREENLANDS TIMBER PTY LTD,GREENLANDS TIMBER PTY LTD,QLD,Stanthorpe,TEXAS RD GREENLANDS,4380,1411,Log Sawmilling,Sawmilling/Timber Preservation,28086264913,,,2005/2006,http://www.npi.gov.au/npidata/action/load/individual-facility-detail/criteria/state/QLD/year/2006/jurisdiction-facility/Q039GRP001
GRIFFITH CITY COUNCIL,Tharbogang Landfill,NSW,"Tharbogang, Griffith",Hillside Drive,2680,2921,Waste Treatment and Disposal Services,"Landfill and recycling. Recycling green waste, concrete and steel at landfill.",81274100792,,http://www.griffith.nsw.gov.au,2023/2024,http://www.npi.gov.au/npidata/action/load/individual-facility-detail/criteria/state/NSW/year/2024/jurisdiction-facility/583
GUILDTOWN PTY LTD,GUILDTOWN PTY LTD,VIC,Traralgon,38 EASTERN RD,3844,1499,Other Wood Product Manufacturing n.e.c.,Manufacturer of treated pine posts and sawn timber,15007264280,007264280,http://www.jelfor.com.au,2022/2023,http://www.npi.gov.au/npidata/action/load/individual-facility-detail/criteria/state/VIC/year/2023/jurisdiction-facility/00021344
GUNNS LIMITED,Austins Ferry,TAS,Austins Ferry,231 MAIN RD,7011,1411,Log Sawmilling,sawmilling and dry milling hardwood,29009478148,009478148,http://www.gunns.com.au,2010/2011,http://www.npi.gov.au/npidata/action/load/individual-facility-detail/criteria/state/TAS/year/2011/jurisdiction-facility/TAS+175
GUNNS LTD,Collie Sawmill,WA,Collie,BULLFINCH RD,6225,1411,Log Sawmilling,Log Sawmilling - Closed June 2007,29009478148,009478148,http://www.gunns.com.au,2008/2009,http://www.npi.gov.au/npidata/action/load/individual-facility-detail/criteria/state/WA/year/2009/jurisdiction-facility/WA0321
GYMPIE TIMBER CO PTY LTD,Gympie Timber Co,QLD,Gympie,129 North Deep Creek Road,4570,1411,Log Sawmilling,Sawmilling,47009684342,009684342,http://www.gympietimber.com.au,2007/2008,http://www.npi.gov.au/npidata/action/load/individual-facility-detail/criteria/state/QLD/year/2008/jurisdiction-facility/Q039GTI001
GYPSUM RESOURCES AUSTRALIA PTY. LIMITED,KEVIN MINE,SA,Penong,1 WARATAH GYPSUM RD,5690,0990,Other Non-Metallic Mineral Mining and Quarrying,MINING OF GYPSUM,65008021449,008021449,,2023/2024,http://www.npi.gov.au/npidata/action/load/individual-facility-detail/criteria/state/SA/year/2024/jurisdiction-facility/SA0268
H. W. GREENHAM & SONS PROPRIETARY LIMITED,Tongala,VIC,Tongala,2121 FINLAY RD,3621,1111,Meat Processing,Meat Processing - Abattoir,26054461415,054461415,,2023/2024,http://www.npi.gov.au/npidata/action/load/individual-facility-detail/criteria/state/VIC/year/2024/jurisdiction-facility/00004332
H.J. HEINZ COMPANY AUSTRALIA LIMITED,Heinz Wagga Wagga,NSW,Wagga Wagga,Bomen Road,2650,1111,Meat Processing,Meat cannery; recovery of tallow; recovery of protein extract.,87004200319,004200319,http://www.heinz.watties.com,2023/2024,http://www.npi.gov.au/npidata/action/load/individual-facility-detail/criteria/state/NSW/year/2024/jurisdiction-facility/481
HAIL CREEK COAL PTY LTD,Glencore Coal - Hail Creek Open Cut Mine,QLD,Nebo,SUTTOR DEVELOPMENTAL RD VIA,4742,0600,Coal Mining,Black Coal Mining Handling and Preparation,59080002008,080002008,https://www.glencore.com,2023/2024,http://www.npi.gov.au/npidata/action/load/individual-facility-detail/criteria/state/QLD/year/2024/jurisdiction-facility/Q020PAC004
HALLETT BRICK PTY LTD,Austral Bricks,SA,Golden Grove,201 GREENWITH RD,5125,2021,Clay Brick Manufacturing,"Clay brick and paver manufacturing, yard storage",20007622317,007622317,http://www.australbricks.com.au,2023/2024,http://www.npi.gov.au/npidata/action/load/individual-facility-detail/criteria/state/SA/year/2024/jurisdiction-facility/SA0050
HANNANPRINT,Hannanprint Alexandria,NSW,Alexandria,55 Doody Street,2015,1611,Printing,Printing of magazines and catalogues,40617053550,,,2012/2013,http://www.npi.gov.au/npidata/action/load/individual-facility-detail/criteria/state/NSW/year/2013/jurisdiction-facility/921
HANNANPRINT VICTORIA PTY LIMITED,Hannanprint Victoria,VIC,Noble Park,504 PRINCES HWY,3174,1611,Printing,Heatset printing of magazines and catalogues,29100817712,100817712,http://www.hpvic.com.au,2016/2017,http://www.npi.gov.au/npidata/action/load/individual-facility-detail/criteria/state/VIC/year/2017/jurisdiction-facility/00022781
HANSON CONSTRUCTION MATERIALS P/L,Hanson Harkaway Quarry,VIC,Harkaway,1-49 NOACK RD,3806,0911,Gravel and Sand Quarrying,Quarrying,90009679734,009679734,http://www.hanson.com.au,2009/2010,http://www.npi.gov.au/npidata/action/load/individual-facility-detail/criteria/state/VIC/year/2010/jurisdiction-facility/00004510
HANSON CONSTRUCTION MATERIALS PTY LIMITED,Wallgrove Quarry,NSW,Eastern Creek,Old Wallgrove Road,2766,0911,Gravel and Sand Quarrying,"Quarrying of aggregates using drilling and blasting, crushing and screening processes.",90009679734,009679734,http://www.hanson-australia.com,2006/2007,http://www.npi.gov.au/npidata/action/load/individual-facility-detail/criteria/state/NSW/year/2007/jurisdiction-facility/466
HANSON CONSTRUCTION MATERIALS PTY LTD,Barron Sands,QLD,Lake Placid,Kamerunga Road,4878,0911,Gravel and Sand Quarrying,Quarrying,90009679734,009679734,http://www.hanson.com.au,2023/2024,http://www.npi.gov.au/npidata/action/load/individual-facility-detail/criteria/state/QLD/year/2024/jurisdiction-facility/Q056HCM004
HARVEY FRESH (1994) LTD,Harvey Fresh Milk,WA,Harvey,Lot 4 Third Street,6220,1131,Milk and Cream Processing,milk products,15065591219,065591219,http://www.harveyfresh.com.au,2023/2024,http://www.npi.gov.au/npidata/action/load/individual-facility-detail/criteria/state/WA/year/2024/jurisdiction-facility/WA1224
HARVEY INDUSTRIES GROUP PTY LTD,Harvey Beef Export Abattoir,WA,Harvey,Seventh St,6220,1111,Meat Processing,"Cattle slaughtering, boning, rendering,",64117597985,117597985,http://www.HarveyBeef.com.au,2023/2024,http://www.npi.gov.au/npidata/action/load/individual-facility-detail/criteria/state/WA/year/2024/jurisdiction-facility/WA0074
HAWKESBURY CITY COUNCIL,Hawkesbury City Council Landfill,NSW,South Windsor,The Driftway,2756,2921,Waste Treatment and Disposal Services,Putrescible landfill,54659038834,,https://www.hawkesbury.nsw.gov.au/,2023/2024,http://www.npi.gov.au/npidata/action/load/individual-facility-detail/criteria/state/NSW/year/2024/jurisdiction-facility/1659
HAZELDENE'S CHICKEN FARM PROPRIETARY LIMITED,Boyds Road,VIC,Newbridge,175 BOYDS RD,3551,0171,Poultry Farming (Meat),Poultry Farming (Meat),72004381346,004381346,,2023/2024,http://www.npi.gov.au/npidata/action/load/individual-facility-detail/criteria/state/VIC/year/2024/jurisdiction-facility/00030561
HEIDELBERG MATERIALS AUSTRALIA PTY LTD,AXEDALE SANDS quarry,VIC,Axedale,MCIVOR HWY,3551,0911,Gravel and Sand Quarrying,Quarrying,90009679734,009679734,https://www.heidelbergmaterials.com.au/en,2023/2024,http://www.npi.gov.au/npidata/action/load/individual-facility-detail/criteria/state/VIC/year/2024/jurisdiction-facility/00030730
HEIDELBERG MATERIALS AUSTRALIA RESOURCE RECOVERY PTY LTD,Wollert Landfill,VIC,Wollert,BRIDGE INN RD,3750,2921,Waste Treatment and Disposal Services,Disposal of residual solid waste,59006299832,006299832,http://www.hansonlandfill.com.au,2023/2024,http://www.npi.gov.au/npidata/action/load/individual-facility-detail/criteria/state/VIC/year/2024/jurisdiction-facility/00022851
HENRY JONES FOODS PTY LTD,Henry Jones Foods - Goulburn Valley Creamery,VIC,Kyabram,85 MCCORMICK ROAD,3620,1131,Milk and Cream Processing,"Manufacturing of dairy products and sauces
",93636288474,636288474,https://www.henryjonesfoods.com.au,2023/2024,http://www.npi.gov.au/npidata/action/load/individual-facility-detail/criteria/state/VIC/year/2024/jurisdiction-facility/00007635
HENSLEY INDUSTRIES AUSTRALIA PTY LTD,Hensley Industries Australia Pty Ltd,SA,Torrensville,123 HAYWARD AVENUE,5031,2110,Iron Smelting and Steel Manufacturing,"1. Melting Iron and Steel in Electric Arc Furnaces and Pouring into green sand and hard sand moulds. 2. Grinding, welding, shot blasting, heat-treatment. 3. Machining, grinding and vacuum brazing of castings. 4. Manufacture of wooden and plastic patterns used in foundry.",11007694895,007694895,,1999/2000,http://www.npi.gov.au/npidata/action/load/individual-facility-detail/criteria/state/SA/year/2000/jurisdiction-facility/SA0175
HEPBURN SHIRE COUNCIL,HEPBURN SHIRE COUNCIL,VIC,Daylesford,DAYLESFORD LANDFILL AJAX RD,3460,2921,Waste Treatment and Disposal Services,Details not supplied.,,,,2002/2003,http://www.npi.gov.au/npidata/action/load/individual-facility-detail/criteria/state/VIC/year/2003/jurisdiction-facility/00006937
HESS EXPLORATION AUSTRALIA PTY LIMITED,Chester-1,WA,Commonweath Waters,"Block 432, Cloates Block",6000,0700,Oil and Gas Extraction,Oil and gas exploration,37122238699,,https://www.hess.com,2012/2013,http://www.npi.gov.au/npidata/action/load/individual-facility-detail/criteria/state/WA/year/2013/jurisdiction-facility/WA1331
HEXION PTY LTD,Brimbank,VIC,Deer Park,"GATE 3, 765 BALLARAT RD",3023,1821,Synthetic Resin and Synthetic Rubber Manufacturing,Manufacture of formaldehyde based resins,32004271827,004271827,,2023/2024,http://www.npi.gov.au/npidata/action/load/individual-facility-detail/criteria/state/VIC/year/2024/jurisdiction-facility/00028989
HI-FERT P/L,Geelong Distribution Centre,VIC,Lara,OLD MELBOURNE RD,3212,1831,Fertiliser Manufacturing,"Fertiliser import, blending and distribution. Some additional coating of fertiliser with trace elements.",76008038962,008038962,http://www.hifert.com.au,2009/2010,http://www.npi.gov.au/npidata/action/load/individual-facility-detail/criteria/state/VIC/year/2010/jurisdiction-facility/00023843
HIGHLAND PINE PRODUCTS PTY LIMITED,Highland Pine Products Oberon Sawmill,NSW,Oberon,Gate 3 Albion Street,2787,1411,Log Sawmilling,Sawmilling,81093059404,093059404,http://www.highlandpine.com.au,2023/2024,http://www.npi.gov.au/npidata/action/load/individual-facility-detail/criteria/state/NSW/year/2024/jurisdiction-facility/765
HISMELT (OPERATIONS) PTY LTD,HIsmelt (Operations) Pty Ltd,WA,Kwinana,Leath Road,6167,2110,Iron Smelting and Steel Manufacturing,Smelting iron ore into basic iron products such as ingots,73008751317,008751317,http://www.riotinto.com,2008/2009,http://www.npi.gov.au/npidata/action/load/individual-facility-detail/criteria/state/WA/year/2009/jurisdiction-facility/WA0923
HOBART CITY COUNCIL,McRobies Gully Waste Management Centre,TAS,South Hobart,MCROBIES RD,7004,2921,Waste Treatment and Disposal Services,Disposal of general refuse; green waste mulching & composting; landscape supplies; recycling & resource recovery operations,39055343428,,http://www.hobartcity.com.au,2023/2024,http://www.npi.gov.au/npidata/action/load/individual-facility-detail/criteria/state/TAS/year/2024/jurisdiction-facility/TAS+291
HOLCIM (AUSTRALIA) PTY LTD,Albany Quarry,WA,Albany,385 Rocky Crossing Road,6330,0919,Other Construction Material Mining,Quarry Rock Processing,87099732297,099732297,,2023/2024,http://www.npi.gov.au/npidata/action/load/individual-facility-detail/criteria/state/WA/year/2024/jurisdiction-facility/WA1415
HOLDFAST TIMBERS PTY LTD,A E GIRLE & SONS,QLD,Yelarbon,RAILWAY PDE,4388,1411,Log Sawmilling,Sawmilling,22478985281,063290915,,2005/2006,http://www.npi.gov.au/npidata/action/load/individual-facility-detail/criteria/state/QLD/year/2006/jurisdiction-facility/Q039HTP002
HOSPIRA AUSTRALIA PTY LTD,Mulgrave Site,VIC,Mulgrave,1-39 LEXIA PL,3170,1841,Human Pharmaceutical and Medicinal Product Manufacturing,Sterile pharmaceutical product manufacture and distribution,58097064330,097064330,http://www.hospira.com,2023/2024,http://www.npi.gov.au/npidata/action/load/individual-facility-detail/criteria/state/VIC/year/2024/jurisdiction-facility/00006781
HUHTAMAKI AUSTRALIA PTY LIMITED,HUHTAMAKI FIBER FOODSERVICE PRESTON,VIC,Preston,77 RAGLAN ST,3072,1510,"Pulp, Paper and Paperboard Manufacturing",Manufacture of Paper Pulp Moulded Fibre Packaging Products,43003122843,003122843,http://www.huhtamaki.com,2023/2024,http://www.npi.gov.au/npidata/action/load/individual-facility-detail/criteria/state/VIC/year/2024/jurisdiction-facility/00029064
HUME CITY COUNCIL,BOLINDA ROAD LANDFILL,VIC,Campbellfield,CNR BOLINDA RD & SYDNEY RD,3061,2921,Waste Treatment and Disposal Services,Municipal landfill,14854354856,,http://www.hume.vic.gov.au,2021/2022,http://www.npi.gov.au/npidata/action/load/individual-facility-detail/criteria/state/VIC/year/2022/jurisdiction-facility/00006988
HUNTER ENVIRO-MINING (OPERATIONS) PTY LIMITED,Hunter Enviro-Mining (Operations) Pty Ltd,NSW,Abbermain,Hebburn Rd,2326,0600,Coal Mining,Rehabilitation of derilict coal mine,84096170633,,http://hunterenviro.com.au,2012/2013,http://www.npi.gov.au/npidata/action/load/individual-facility-detail/criteria/state/NSW/year/2013/jurisdiction-facility/1265
HUNTER VALLEY ENERGY COAL PTY LTD,Mt Arthur Coal,NSW,Muswellbrook,Thomas Mitchell Drive,2333,0600,Coal Mining,Coal ore mining and washing,39062894464,,https://www.bhp.com/,2023/2024,http://www.npi.gov.au/npidata/action/load/individual-facility-detail/criteria/state/NSW/year/2024/jurisdiction-facility/751
HUNTER WATER CORPORATION,Chichester Dam Chlorinator,NSW,Chichester,Chichester Road,2420,2811,Water Supply,Removal of manganese.,46228513446,,http://www.hunterwater.com.au,2022/2023,http://www.npi.gov.au/npidata/action/load/individual-facility-detail/criteria/state/NSW/year/2023/jurisdiction-facility/691
HURD HAULAGE PTY LTD,Dunbogan Sandpit,NSW,Dunbogan,Lot 132 Diamond Head Road,2443,0990,Other Non-Metallic Mineral Mining and Quarrying,Quarrying activities,61001738709,,http://www.hy-tec.com.au,2021/2022,http://www.npi.gov.au/npidata/action/load/individual-facility-detail/criteria/state/NSW/year/2022/jurisdiction-facility/1599
HV COKING COAL PTY LTD,Integra Underground Coal Mine,NSW,Singleton,640 Middle Falbrook Road,2330,0600,Coal Mining,Underground coal mining,45605492804,605492804,http://www.glencore.com.au/IntegraUnderground,2023/2024,http://www.npi.gov.au/npidata/action/load/individual-facility-detail/criteria/state/NSW/year/2024/jurisdiction-facility/926
HV OPERATIONS PTY LTD,Hunter Valley Operations,NSW,Lemington Via Singleton,Lemington Road,2330,0600,Coal Mining,Black Coal Mining Handling and Preparation,76606478399,606478399,http://www.hvo.com.au,2023/2024,http://www.npi.gov.au/npidata/action/load/individual-facility-detail/criteria/state/NSW/year/2024/jurisdiction-facility/143
HY-TEC INDUSTRIES (NORTHERN TERRITORY) PTY LIMITED,Alice Springs Quarry,NT,Alice Springs,North Stuart Highway ,0871,0990,Other Non-Metallic Mineral Mining and Quarrying,Gravel and sand quarrying,11096310824,096310824,,2023/2024,http://www.npi.gov.au/npidata/action/load/individual-facility-detail/criteria/state/NT/year/2024/jurisdiction-facility/NT540
HY-TEC INDUSTRIES (QUEENSLAND) PTY LTD,Calcium Quarry,QLD,Calcium,375 MANTON QUARRY RD,4816,0990,Other Non-Metallic Mineral Mining and Quarrying,Quarrying Activities,54102801061,102801061,https://www.hy-tec.com.au/,2023/2024,http://www.npi.gov.au/npidata/action/load/individual-facility-detail/criteria/state/QLD/year/2024/jurisdiction-facility/Q056DML002
HY-TEC INDUSTRIES PTY LTD,Hy-tec - Penrose Quarry,NSW,Penrose,Lot 1-5 Hume Highway,2577,0919,Other Construction Material Mining,"Ripping, crushing and washing process",90070100702,,http://www.hy-tec.com.au,2023/2024,http://www.npi.gov.au/npidata/action/load/individual-facility-detail/criteria/state/NSW/year/2024/jurisdiction-facility/1045
HYDRO-ELECTRIC CORP,Bell Bay Power Station,TAS,Bell Bay,EAST TAMAR HWY,7253,2611,Fossil Fuel Electricity Generation,electricity generation,48072377158,072377158,http://www.hydro.com.au,2008/2009,http://www.npi.gov.au/npidata/action/load/individual-facility-detail/criteria/state/TAS/year/2009/jurisdiction-facility/TAS+191
HYNE & SON P/L,Dingo Hardwood Sawmill,QLD,Dingo,Bowen Road,4702,1411,Log Sawmilling,Hardwood sawmilling and chemical treatment of timber,67009660995,009660995,http://www.daleandmeyers.com.au,2005/2006,http://www.npi.gov.au/npidata/action/load/individual-facility-detail/criteria/state/QLD/year/2006/jurisdiction-facility/Q039HYN001
HYNE & SON PTY LTD,Holbrook Softwood Mill,NSW,Holbrook,20 Bond Street,2644,1413,Timber Resawing and Dressing,Timber processing,67009660995,009660995,http://www.hyne.com.au,2009/2010,http://www.npi.gov.au/npidata/action/load/individual-facility-detail/criteria/state/NSW/year/2010/jurisdiction-facility/1062
HYNE AND SON PTY LIMITED,Glue Laminated Timber Plant,QLD,Maryborough West,ACTIVITY STREET,4650,1499,Other Wood Product Manufacturing n.e.c.,Manufacture of engineered timber products for building industry,67009660995,009660995,http://www.hyne.com.au,2020/2021,http://www.npi.gov.au/npidata/action/load/individual-facility-detail/criteria/state/QLD/year/2021/jurisdiction-facility/Q039HYN010
I. HORROCKS,I. HORROCKS,QLD,North Maclean,4848 Mount Lindesay Highway,4280,0171,Poultry Farming (Meat),Meat Chicken Facility,52484916171,,,2005/2006,http://www.npi.gov.au/npidata/action/load/individual-facility-detail/criteria/state/QLD/year/2006/jurisdiction-facility/Q086ILB046
I.H MCPHAIL & L.D MCPHAIL & P.L MCPHAIL & S.W MCPHAIL & W.W MCPHAIL,W McPhail & Sons,WA,Oldbury,Lot 419 Gossage Road,6121,0171,Poultry Farming (Meat),Chicken raising for meat production.,51218778159,,,2023/2024,http://www.npi.gov.au/npidata/action/load/individual-facility-detail/criteria/state/WA/year/2024/jurisdiction-facility/WA0656
IBERDROLA AUSTRALIA SAGT PTY LIMITED,Bolivar Power Station,SA,Bolivar Interchange Connector Road,9 9,5110,2611,Fossil Fuel Electricity Generation,Electricity generation using mineral gas including coal gas,77635710360,635710360,http://www.iberdrola.com.au,2023/2024,http://www.npi.gov.au/npidata/action/load/individual-facility-detail/criteria/state/SA/year/2024/jurisdiction-facility/SA0769
ICHTHYS LNG PTY LTD,INPEX Operations Australia - Offshore,WA,~820 Km Sw Of Darwin; ~210 Km Nw Of Wa Coastline,Browse Basin; within WA-50-L; in Commonwealth Waters,6000,0700,Oil and Gas Extraction,Production of condensate for sale and gas for export to Ichthys onshore,42150217299,150217299,http://inpex.com.au,2023/2024,http://www.npi.gov.au/npidata/action/load/individual-facility-detail/criteria/state/NT/year/2024/jurisdiction-facility/NT546
ICON WATER LIMITED,GOOGONG WATER TREATMENT PLANT,NSW,Queanbeyan,off Old Cooma Road,2620,2811,Water Supply,Water Treatment. This plant is operated as an 'on demand' plant as water storage conditions require or as to carry out maintenance activities on the primary Stromlo Water Treatment Plant.,86069381960,069381960,http://www.iconwater.com.au/,2023/2024,http://www.npi.gov.au/npidata/action/load/individual-facility-detail/criteria/state/NSW/year/2024/jurisdiction-facility/437
ILLAWARRA COKE COMPANY PTY LTD,Coalcliff Coke Works,NSW,Coalcliff,Lawrence Hargrave Drive,2508,2110,Iron Smelting and Steel Manufacturing,Manufacturing and marketing of coke to domestic and international customers,85000009807,000009807,,2013/2014,http://www.npi.gov.au/npidata/action/load/individual-facility-detail/criteria/state/NSW/year/2014/jurisdiction-facility/801
IMERYS TALC AUSTRALIA PTY LTD,Three Springs Talc Operations,WA,Three Springs,Perenjori Three Springs Road,6519,0990,Other Non-Metallic Mineral Mining and Quarrying,Talc Mining,62095284469,095284469,http://www.imerys.com,2023/2024,http://www.npi.gov.au/npidata/action/load/individual-facility-detail/criteria/state/WA/year/2024/jurisdiction-facility/WA0356
IMSEP PTY LTD,NATIONAL CAPITAL PRINTING,ACT,Fyshwick,22 PIRIE STREET,2609,1611,Printing,Offset Lithographic Printing,42008656488,008656488,,2001/2002,http://www.npi.gov.au/npidata/action/load/individual-facility-detail/criteria/state/ACT/year/2002/jurisdiction-facility/ACT016
INCITEC PIVOT LIMITED,Cockle Creek,NSW,Boolaroo,First Street,2284,1831,Fertiliser Manufacturing,Fishmeal fertiliser manufacturing,42004080264,004080264,,2011/2012,http://www.npi.gov.au/npidata/action/load/individual-facility-detail/criteria/state/NSW/year/2012/jurisdiction-facility/396
INGHAMS ENTERPRISES,OWEN BROILER FARM No.1,SA,Owen,Cnr Balaklava-Giles Corner Rd & Government Rd,5460,0171,Poultry Farming (Meat),Poultry raising,20008447345,008447345,http://www.inghams.com.au,2001/2002,http://www.npi.gov.au/npidata/action/load/individual-facility-detail/criteria/state/SA/year/2002/jurisdiction-facility/SA0139
INGHAMS ENTERPRISES P/L,Heath Hill,VIC,Yannathan,THWAITES RD,3981,0171,Poultry Farming (Meat),Poultry raising,20008447345,008447345,http://www.inghams.com.au,2002/2003,http://www.npi.gov.au/npidata/action/load/individual-facility-detail/criteria/state/VIC/year/2003/jurisdiction-facility/00019891
INGHAMS ENTERPRISES PTY LIMITED,ASHER ROAD,WA,Bullsbrook,LOT 1 ASHER ROAD,6084,0171,Poultry Farming (Meat),Breeder production farm,20008447345,008447345,http://www.inghams.com.au,2023/2024,http://www.npi.gov.au/npidata/action/load/individual-facility-detail/criteria/state/WA/year/2024/jurisdiction-facility/WA0662
INGHAMS ENTERPRISES PTY LTD,Inghams Badgerys Creek Farm 3/4,NSW,Badgerys Creek,3 Badgerys Creek Road,2171,0171,Poultry Farming (Meat),Poultry raising,20008447345,008447345,http://www.inghams.com.au,2003/2004,http://www.npi.gov.au/npidata/action/load/individual-facility-detail/criteria/state/NSW/year/2004/jurisdiction-facility/946
INGHAMS ENTERPRISES PTY. LIMITED,Koongarra Free Range Farm,TAS,Campania,64 WHITE KANGAROO RD,7026,0171,Poultry Farming (Meat),Poultry Raising,20008447345,008447345,http://www.inghams.com.au,2013/2014,http://www.npi.gov.au/npidata/action/load/individual-facility-detail/criteria/state/TAS/year/2014/jurisdiction-facility/TAS+368
INOVA PHARMACEUTICALS PTY LIMITED,iNova Pharmaceuticals(Aust) Pty Ltd,NSW,Thornleigh,9-15 Chilvers Road,2120,1841,Human Pharmaceutical and Medicinal Product Manufacturing,"The production, sales and marketing of pharmaceuticals",88000222408,,http://www.inovapharma.com,2010/2011,http://www.npi.gov.au/npidata/action/load/individual-facility-detail/criteria/state/NSW/year/2011/jurisdiction-facility/988
INPEX BROWSE LTD,Songa Venus MODU,WA,Derby,394 km North of,6728,0700,Oil and Gas Extraction,Offshore Oil and Gas Exploration Drilling,75084450260,,,2007/2008,http://www.npi.gov.au/npidata/action/load/individual-facility-detail/criteria/state/WA/year/2008/jurisdiction-facility/WA0997
INPRINT PTY LTD,Inprint,QLD,Geebung,552 Bilsen Road,4034,1611,Printing,Manufacturer of printed products,77010728971,010728971,http://www.inprint.ent.au,2021/2022,http://www.npi.gov.au/npidata/action/load/individual-facility-detail/criteria/state/QLD/year/2022/jurisdiction-facility/Q008PMP002
INSTITUTE OF DRUG TECHNOLOGY AUST LTD,IDT,VIC,Boronia,45 WADHURST DR,3155,1841,Human Pharmaceutical and Medicinal Product Manufacturing,Manufacture of bulk active pharmaceutical Ingredients and Finished products,66006522970,006522970,http://www.idtaus.com.au,2008/2009,http://www.npi.gov.au/npidata/action/load/individual-facility-detail/criteria/state/VIC/year/2009/jurisdiction-facility/00006648
INTEC ENVIROMETALS PTY PLD,Intec Envirometals Pty Ltd,TAS,Wivenhoe,20 River Road,7320,6910,Scientific Research Services,Scientific Research Services,27104931768,104931768,http://www.intec.com.au,2010/2011,http://www.npi.gov.au/npidata/action/load/individual-facility-detail/criteria/state/TAS/year/2011/jurisdiction-facility/TAS+498
INTEGRATED FOREST PRODUCTS P/L,INTEGRATED FOREST PRODUCTS (Receivers & Managers Appointed),ACT,Hume,2 TRALEE ST,2620,1411,Log Sawmilling,TIMBER PROCESSING PLANT (BUILDING GRADE),52083521966,083521966,,2006/2007,http://www.npi.gov.au/npidata/action/load/individual-facility-detail/criteria/state/ACT/year/2007/jurisdiction-facility/ACT018
INTEGRATED PACKAGING AUSTRALIA PTY LTD,Chester Hill Integrated Packaging,NSW,Chester Hill,149 Orchard Road,2162,1611,Printing,"Flexible packaging manufacturer - blown film extrusion, flexographic printing, adhesive and extrusion laminating and converting",50095393776,,http://www.integratedpackaging.com.au,2020/2021,http://www.npi.gov.au/npidata/action/load/individual-facility-detail/criteria/state/NSW/year/2021/jurisdiction-facility/931
INTEGRIA HEALTHCARE (AUSTRALIA) PTY LTD,INTEGRIA HEALTHCARE (AUSTRALIA) PTY LTD,QLD,Warwick,124 McEvoy Street,4370,1841,Human Pharmaceutical and Medicinal Product Manufacturing,Herbal / Nutritional Tablet & Liquid Manufacture,70096496212,096496212,http://www.integria.com,2022/2023,http://www.npi.gov.au/npidata/action/load/individual-facility-detail/criteria/state/QLD/year/2023/jurisdiction-facility/Q021TEA001
INTERCAST & FORGE PTY LIMITED,"Intercast & Forge, Wingfield",SA,Wingfield,1 SCHUMACHER RD,5013,2121,Iron and Steel Casting,Manufacturing Cast Iron Products,28090515334,090515334,http://www.intercast.com.au,2023/2024,http://www.npi.gov.au/npidata/action/load/individual-facility-detail/criteria/state/SA/year/2024/jurisdiction-facility/SA0382
IPM OPERATION & MAINTENANCE KWINANA PTY LTD,Kwinana Cogeneration Plant,WA,Kwinana Beach,James Ct,6167,2611,Fossil Fuel Electricity Generation,Cogeneration; electricity generation/steam supply,95067541664,,https://engie.com.au/,2021/2022,http://www.npi.gov.au/npidata/action/load/individual-facility-detail/criteria/state/WA/year/2022/jurisdiction-facility/WA0400
ITC TIMBER TASMANIA PTY LTD,ITC Timber Tasmania,TAS,Mowbray,58 Remount Road,7248,1413,Timber Resawing and Dressing,timber proccesing,93081613710,,http://www.nevillesmithfp.com.au/,2008/2009,http://www.npi.gov.au/npidata/action/load/individual-facility-detail/criteria/state/TAS/year/2009/jurisdiction-facility/TAS+460
ITREAT TIMBER PTY LTD,ITreat Timber Pty Ltd,QLD,Narangba,22 Neon St,4504,1499,Other Wood Product Manufacturing n.e.c.,Timber Preservation Facility,76131121616,131121616,,2023/2024,http://www.npi.gov.au/npidata/action/load/individual-facility-detail/criteria/state/QLD/year/2024/jurisdiction-facility/Q039ATN001
IVANHOE COAL PTY LIMITED,Ivanhoe Colliery,NSW,Portland,Boulder Road,2847,0600,Coal Mining,underground coal mining with surface coal preparation unit.,79064237154,064237154,http://www.centennialcoal.com.au,2005/2006,http://www.npi.gov.au/npidata/action/load/individual-facility-detail/criteria/state/NSW/year/2006/jurisdiction-facility/847
IVE GROUP AUSTRALIA PTY LTD,IVE Group Bluestar Web Silverwater,NSW,Silverwater,1/83  Derby Street,2128,1611,Printing,Multi Channel Printing and communication,58000205210,000205210,http://www.ivegroup.com.au,2023/2024,http://www.npi.gov.au/npidata/action/load/individual-facility-detail/criteria/state/NSW/year/2024/jurisdiction-facility/1517
IVECO TRUCKS AUSTRALIA LTD,Iveco trucks,VIC,Dandenong,1-27 PRINCES HWY,3175,2311,Motor Vehicle Manufacturing,Heavy Truck Manufacturing,86004065061,004065061,http://www.iveco.com.au,2018/2019,http://www.npi.gov.au/npidata/action/load/individual-facility-detail/criteria/state/VIC/year/2019/jurisdiction-facility/00004026
J & P FLEXOGRAPHICS P/L,J & P FLEXOGRAPHICS P/L,VIC,Bayswater,21 HALLOW DR,3153,1611,Printing,Flexographic printing and solvent free laminating,48006860233,006860233,,2005/2006,http://www.npi.gov.au/npidata/action/load/individual-facility-detail/criteria/state/VIC/year/2006/jurisdiction-facility/00004856
J & P FLEXOGRAPHICS PTY LTD,J & P FLEXOGRAPHICS PTY LTD,VIC,Bayswater,3/841 MOUNTAIN HWY,3153,1611,Printing,Flexographic printing and solvent free and water based lamination,48006860233,006860233,http://www.jpflexo.com.au,2023/2024,http://www.npi.gov.au/npidata/action/load/individual-facility-detail/criteria/state/VIC/year/2024/jurisdiction-facility/00029067
J FURPHY & SONS PROPRIETARY LIMITED,J Furphy & Sons Pty Ltd,VIC,Shepparton,106 NEW DOOKIE RD,3630,2221,Structural Steel Fabricating,Metal product manufacturing and coating/ galvanizing,21004156763,004156763,http://www.furphys.com.au,2023/2024,http://www.npi.gov.au/npidata/action/load/individual-facility-detail/criteria/state/VIC/year/2024/jurisdiction-facility/00007095
JADESTONE ENERGY (AUSTRALIA) PTY LTD,Stag Operations,WA,Karratha,Offshore Stag Platform North West Shelf via,6714,0700,Oil and Gas Extraction,Crude oil is extracted and processed from the Stag offshore oil platform and transferred to an offtake tanker for subsequent export,48613671819,613671819,http://www.jadestone-energy.com/,2023/2024,http://www.npi.gov.au/npidata/action/load/individual-facility-detail/criteria/state/WA/year/2024/jurisdiction-facility/WA0211
JADESTONE ENERGY (EAGLE) PTY LTD,Montara Field,NT,Darwin,OFFSHORE FACILITY MONTARA FIELD; TIMOR SEA VIA,0800,0700,Oil and Gas Extraction,Crude oil is extracted and processed from the floating production storage and offloading facility and transferred to an offtake tanker for subsequent export,98627006679,627006679,http://www.jadestone-energy.com/,2023/2024,http://www.npi.gov.au/npidata/action/load/individual-facility-detail/criteria/state/NT/year/2024/jurisdiction-facility/NT452
JAMES D BERGIN,Erinvale,QLD,Thornlands,107 Springsure Road,4164,0171,Poultry Farming (Meat),Broiler chicken growing (Inghams),86711759782,,,2013/2014,http://www.npi.gov.au/npidata/action/load/individual-facility-detail/criteria/state/QLD/year/2014/jurisdiction-facility/Q086JDB001
JAMES HARDIE AUSTRALIA PTY LTD,James Hardie Australia Pty Ltd,WA,Welshpool,Cnr Welshpool Rd and Rutland Avenue,6107,2031,Cement and Lime Manufacturing,Manufacturing of Fibre Reinforced building products,12084635558,,,2000/2001,http://www.npi.gov.au/npidata/action/load/individual-facility-detail/criteria/state/WA/year/2001/jurisdiction-facility/WA0263
JANDAKOT WOOL WASHING P/L,Jandakot Wool Washing Pty Ltd,WA,Rockingham,4 LODGE DR,6168,1311,Wool Scouring,Wool scouring,89081233418,081233418,http://www.janda.com.au,2007/2008,http://www.npi.gov.au/npidata/action/load/individual-facility-detail/criteria/state/WA/year/2008/jurisdiction-facility/WA0399
JAX COAL MINE PTY LTD,Jax Coal Mine,QLD,Collinsville,Mt Coolon Road,4804,0600,Coal Mining,Coal mining,89133499500,133499500,www.qcoal.com.au,2023/2024,http://www.npi.gov.au/npidata/action/load/individual-facility-detail/criteria/state/QLD/year/2024/jurisdiction-facility/Q020JAX001
JBS AUSTRALIA PTY LIMITED,BORDERTOWN,SA,Bordertown,Meatworks Road,5268,1111,Meat Processing,"Export lamb slaughter and processing, plus rendering",14011062338,011062338,http://www.jbssa.com.au,2023/2024,http://www.npi.gov.au/npidata/action/load/individual-facility-detail/criteria/state/SA/year/2024/jurisdiction-facility/SA0038
JEEBROPILLY COLLIERIES PTY LTD,Jeebropilly Open Cut Coal Mine,QLD,Amberley,STONE QUARRY RD,4306,0600,Coal Mining,Open cut coal mining. [Mining and washing coal],88010319954,010319954,http://www.bmigroup.com.au,2019/2020,http://www.npi.gov.au/npidata/action/load/individual-facility-detail/criteria/state/QLD/year/2020/jurisdiction-facility/Q020JCP001
JELLINBAH MINING PTY LTD,Jellinbah Mine,QLD,Via Bluff,Boonal Haul Road,4702,0600,Coal Mining,Open cut coal mine,63052251000,052251000,http://www.jellinbah.com.au,2023/2024,http://www.npi.gov.au/npidata/action/load/individual-facility-detail/criteria/state/QLD/year/2024/jurisdiction-facility/Q020JEL001
JETSTAR ENTERPRISES PTY LTD,Permapole,WA,Cardup,Lot 23 Robertson Rd,6122,1413,Timber Resawing and Dressing,Processing and treatment of pine poles for fencing and landscaping.,94098804436,098804436,,2023/2024,http://www.npi.gov.au/npidata/action/load/individual-facility-detail/criteria/state/WA/year/2024/jurisdiction-facility/WA0317
JOHNSON TILES P/L,JOHNSON TILES P/L,VIC,Bayswater,421 DORSET RD,3153,2029,Other Ceramic Product Manufacturing,Manufacture of glazed ceramic wall tiles,66004576103,004576103,http://www.johnsontiles.com.au,2003/2004,http://www.npi.gov.au/npidata/action/load/individual-facility-detail/criteria/state/VIC/year/2004/jurisdiction-facility/00003990
JONALA PTY LTD,JONALA PTY LTD - Raccoon Farm,SA,Korunye,1058 Mallala Road,5502,0171,Poultry Farming (Meat),Poultry Farming,68118081860,,,2023/2024,http://www.npi.gov.au/npidata/action/load/individual-facility-detail/criteria/state/SA/year/2024/jurisdiction-facility/SA0596
"JONES, WB & FM",WB & FM Jones,TAS,Nubeena,RA 1047 NUBEENA RD,7184,0171,Poultry Farming (Meat),Intensive Livestock-Poultry Raising,93241713115,,,2003/2004,http://www.npi.gov.au/npidata/action/load/individual-facility-detail/criteria/state/TAS/year/2004/jurisdiction-facility/TAS+398
JUST BLINDS AND SHUTTERS PTY LTD,JUST BLINDS AND SHUTTERS PTY LTD,QLD,Rosewood,7 Railway St,4340,1492,Wooden Structural Fitting and Component Manufacturing,Timber shutter manufacture,13002422442,002422442,,2002/2003,http://www.npi.gov.au/npidata/action/load/individual-facility-detail/criteria/state/QLD/year/2003/jurisdiction-facility/Q030JBS001
K AND M HOLDINGS,K & M HOLDINGS (TAS) PTY LTD,TAS,Nubeena,RA 505 BACK NUBEENA RD,7185,0171,Poultry Farming (Meat),Intensive Livestock-Poultry Raising,13105950632,,,2010/2011,http://www.npi.gov.au/npidata/action/load/individual-facility-detail/criteria/state/TAS/year/2011/jurisdiction-facility/TAS+397
KA OPERATIONS PTY LTD,Killarney Abattoir,QLD,Killarney,3563 Border Road,4373,1111,Meat Processing,Meat Processing,,129145106,http://www.killarneyabattoir.com.au,2008/2009,http://www.npi.gov.au/npidata/action/load/individual-facility-detail/criteria/state/QLD/year/2009/jurisdiction-facility/Q033KIL001
KAJAX PTY LTD,KAJAX,QLD,Allenview,577 Undullah Road,4285,0171,Poultry Farming (Meat),Poultry Farming Meat,79009792205,009792205,,2015/2016,http://www.npi.gov.au/npidata/action/load/individual-facility-detail/criteria/state/QLD/year/2016/jurisdiction-facility/Q086ILB084
KALAHARI FARMS PTY LTD,Kalahari Farms Pty Ltd,QLD,Mutchilba,143 Robinson Rd,4872,0171,Poultry Farming (Meat),Broiler chicken farm (meat),,166797039,,2023/2024,http://www.npi.gov.au/npidata/action/load/individual-facility-detail/criteria/state/QLD/year/2024/jurisdiction-facility/Q086ILB064
KALGOORLIE CONSOLIDATED GOLD MINES PTY LTD,Gidji Operations,WA,Kanowna,Goldfields Highway,6431,2139,Other Basic Non-Ferrous Metal Manufacturing,Gold ore mining and processing,97009377619,009377619,http://www.superpit.com.au,2023/2024,http://www.npi.gov.au/npidata/action/load/individual-facility-detail/criteria/state/WA/year/2024/jurisdiction-facility/WA0101
KALIUM LAKES LIMITED PTY LTD,Beyondie Sulphate of Potash Project,WA,Kumarina,Great Northern Hwy,6642,0990,Other Non-Metallic Mineral Mining and Quarrying,Potash mining,98613656643,613656643,https://www.kaliumlakes.com.au/,2022/2023,http://www.npi.gov.au/npidata/action/load/individual-facility-detail/criteria/state/WA/year/2023/jurisdiction-facility/WA1696
KARORA (LAKEWOOD) PTY LTD,Lakewood Gold Processing Facility,WA,Lakewood,Mt Monger Road,6431,2139,Other Basic Non-Ferrous Metal Manufacturing,Toll treatment of gold bearing ore for third parties,60659952066,,,2023/2024,http://www.npi.gov.au/npidata/action/load/individual-facility-detail/criteria/state/WA/year/2024/jurisdiction-facility/WA1285
KARREMAN QUARRIES TRUST,Karreman Quarry,QLD,Mt Cotton,West Mt Cotton Road,4165,0919,Other Construction Material Mining,Quarrying,42482600638,,http://www.karreman.com.au,2021/2022,http://www.npi.gov.au/npidata/action/load/individual-facility-detail/criteria/state/QLD/year/2022/jurisdiction-facility/Q056KAR001
KATHERINE TOWN COUNCIL,Katherine Waste Transfer Station,NT,Katherine,NT POR 5043 Novis Quarry Road,0850,2921,Waste Treatment and Disposal Services,Landfill. Disposal of domestic and commercial solid waste.,47836889865,,http://www.ktc.nt.gov.au,2023/2024,http://www.npi.gov.au/npidata/action/load/individual-facility-detail/criteria/state/NT/year/2024/jurisdiction-facility/NT332
KELSO RURAL ENTERPRISES PTY LTD,Mountain View,QLD,Canungra,3430 Beaudesert/Nerang Rd,4285,0171,Poultry Farming (Meat),Meat Chicken Facility,89117886889,,,2023/2024,http://www.npi.gov.au/npidata/action/load/individual-facility-detail/criteria/state/QLD/year/2024/jurisdiction-facility/Q086ILB006
KEMP & DENNING LTD,K&D Bricks and Pavers,TAS,New Town,110 GIBLIN ST,7008,2021,Clay Brick Manufacturing,Brick manufacture,81009475941,009475941,http://www.kdbrick.com.au,2011/2012,http://www.npi.gov.au/npidata/action/load/individual-facility-detail/criteria/state/TAS/year/2012/jurisdiction-facility/TAS+85
KEMPSEY SHIRE COUNCIL,Kempsey Landfill & Resource Recovery,NSW,Kempsey,638 Crescent Head Road ,2440,2911,Solid Waste Collection Services,Main waste facility for Kempsey Shire for commercial and residential waste management recycling and disposal to landfill.,70705618663,,http://http://www.kempsey.nsw.gov.au/waste/index.html,2023/2024,http://www.npi.gov.au/npidata/action/load/individual-facility-detail/criteria/state/NSW/year/2024/jurisdiction-facility/1457
KESTREL COAL PTY LIMITED,Kestrel Operations,QLD,Emerald,LILYVALE RD,4720,0600,Coal Mining,Metallurgical Coal Mining Handling and Preparation,42079044689,079044689,https://kestrelcoal.com/,2023/2024,http://www.npi.gov.au/npidata/action/load/individual-facility-detail/criteria/state/QLD/year/2024/jurisdiction-facility/Q020PAC003
KG & JG AYRES F'TRUST,KG & JG AYRES FAMILY TRUST,WA,Henley Brook,LOT 99 PARK STREET,6055,0171,Poultry Farming (Meat),CHICKEN RAISING FOR MEAT PRODUCTION,57047984033,,,2010/2011,http://www.npi.gov.au/npidata/action/load/individual-facility-detail/criteria/state/WA/year/2011/jurisdiction-facility/WA0593
KILCOY PASTORAL COMPANY LTD,Kilcoy Pastoral Company Ltd,QLD,Kilcoy,4830 D'Aguilar Highway,4515,1111,Meat Processing,Meat Processing,89009671112,,http://www.https://www.kilcoyglobalfoods.com,2023/2024,http://www.npi.gov.au/npidata/action/load/individual-facility-detail/criteria/state/QLD/year/2024/jurisdiction-facility/Q033KPC001
KIMBERLEY DIAMOND COMPANY NL,Ellendale Operations,WA,Mount Hardman,ROBERTS ROAD,6765,0990,Other Non-Metallic Mineral Mining and Quarrying,Diamond Mining and Processing,91061899634,061899634,http://www.kdc.com.au/,2013/2014,http://www.npi.gov.au/npidata/action/load/individual-facility-detail/criteria/state/WA/year/2014/jurisdiction-facility/WA0909
KIMBERLY-CLARK AUSTRALIA PTY LTD,MILLICENT MILL,SA,Millicent,GLENS LA,5280,1510,"Pulp, Paper and Paperboard Manufacturing","Premium manufacturer of facial, bath, and kitchen towel",65000032333,000032333,http://www.kcc.com,2023/2024,http://www.npi.gov.au/npidata/action/load/individual-facility-detail/criteria/state/SA/year/2024/jurisdiction-facility/SA0030
KINGBO PTY LTD,KINGBO PTY LTD,WA,Landsdale,350 KINGSWAY ROAD,6065,0171,Poultry Farming (Meat),CHICKEN RAISING FOR MEAT PRODUCTION,,009300547,,2003/2004,http://www.npi.gov.au/npidata/action/load/individual-facility-detail/criteria/state/WA/year/2004/jurisdiction-facility/WA0604
KINGBOROUGH COUNCIL,Barretta Waste Disposal Site,TAS,Barretta,2000 CHANNEL HWY,7054,2921,Waste Treatment and Disposal Services,Municipal Landfill and Recycling Centre,44094485626,,http://www.kingborough.tas.gov.au,2012/2013,http://www.npi.gov.au/npidata/action/load/individual-facility-detail/criteria/state/TAS/year/2013/jurisdiction-facility/TAS+284
KINGSFORD FARMS PTY LTD,Glengowrie Feedlot,QLD,Victoria Hill,2347 Dalrymple Creek Road,4361,0142,Beef Cattle Farming (Specialised),Beef cattle feedlot,44577940353,,,2023/2024,http://www.npi.gov.au/npidata/action/load/individual-facility-detail/criteria/state/QLD/year/2024/jurisdiction-facility/Q063KIN001
KNOX CITY COUNCIL,Cathies Lane Landfill Site,VIC,Wantirna South,CNR HIGH ST & CATHIES LA,3152,2921,Waste Treatment and Disposal Services,Disposal of non hazardous putrescible and solid inert waste,24477480661,,http://www.knox.vic.gov.au,2003/2004,http://www.npi.gov.au/npidata/action/load/individual-facility-detail/criteria/state/VIC/year/2004/jurisdiction-facility/00004320
KOPPERS TIMBER PRESERVATION PTY LTD,Koppers Timber Thornton,NSW,Beresfield,Weakleys Drive,2322,1413,Timber Resawing and Dressing,Treatment of hard and softwood with CCA and Boron; treatment of softwood with LOSP,81003947680,003947680,http://www.koppers.com.au,2005/2006,http://www.npi.gov.au/npidata/action/load/individual-facility-detail/criteria/state/NSW/year/2006/jurisdiction-facility/336
KOPPERS WOOD PRODUCTS PTY LTD,Koppers Bunbury,WA,Picton,Boyanup-Picton Rd,6229,1413,Timber Resawing and Dressing,"Processing of hardwood poles, railway sleepers and softwood products. Transport, machining, drying, pressure impregnation with CCA or oil.",81003947680,003947680,http://www.koppers.com.au,2023/2024,http://www.npi.gov.au/npidata/action/load/individual-facility-detail/criteria/state/WA/year/2024/jurisdiction-facility/WA0274
L P DAVIS FAMILY TRUST,PARK FARM,WA,South Guildford,WEST PARADE,6055,0171,Poultry Farming (Meat),CHICKEN RAISING FOR MEAT PRODUCTION,31360858933,,,2003/2004,http://www.npi.gov.au/npidata/action/load/individual-facility-detail/criteria/state/WA/year/2004/jurisdiction-facility/WA0597
L. & K. MURPHEY,Taloumbi,QLD,Beaudesert,Brookland Road,4285,0171,Poultry Farming (Meat),Meat Chicken Facility,22295809721,,,2005/2006,http://www.npi.gov.au/npidata/action/load/individual-facility-detail/criteria/state/QLD/year/2006/jurisdiction-facility/Q086ILB039
LABELMAKERS GROUP PTY LTD,Labelmakers - Somerton,VIC,Somerton,55 AUSTRAK DR,3062,1911,Polymer Film and Sheet Packaging Material Manufacturing,Packaging Material Manufacturing,41114717814,114717814,,2023/2024,http://www.npi.gov.au/npidata/action/load/individual-facility-detail/criteria/state/VIC/year/2024/jurisdiction-facility/00006873
LACHLAN INDUSTRIES PTY LTD,Lachlan Industries Pty Ltd,NSW,Cowra,1 Campbell Street,2794,1311,Wool Scouring,Wool scouring. Only in operation 1 month.,80001185928,001185928,,2003/2004,http://www.npi.gov.au/npidata/action/load/individual-facility-detail/criteria/state/NSW/year/2004/jurisdiction-facility/31
LACTALIS AUSTRALIA PTY LTD,BENDIGO,VIC,Bendigo,93 BANNISTER ST,3550,1131,Milk and Cream Processing,Processing and packaging of dairy and Soy products,56072928879,072928879,http://www.parmalat.com.au/,2023/2024,http://www.npi.gov.au/npidata/action/load/individual-facility-detail/criteria/state/VIC/year/2024/jurisdiction-facility/00006840
LAMINEX GROUP LTD,WELSHPOOL OPERATIONS,WA,Welshpool,1-27 SOMERSBY RD,6106,1499,Other Wood Product Manufacturing n.e.c.,"MEDIUM DENSITY FIBREBOARD MANUFACTURE, LOW PRESSURE LAMINATING, WOOD VENEERING, CUT TO SIZE PANEL PROCESSING.",98004093092,004093092,http://www.thelaminexgroup.com.au,2008/2009,http://www.npi.gov.au/npidata/action/load/individual-facility-detail/criteria/state/WA/year/2009/jurisdiction-facility/WA0602
LAMINEX GROUP PTY LIMITED,Dardanup Operations,WA,Dardanup,Lot 2 Moore Road,6236,1499,Other Wood Product Manufacturing n.e.c.,Wood board manufacturing,98004093092,004093092,http://www.thelaminexgroup.com.au,2023/2024,http://www.npi.gov.au/npidata/action/load/individual-facility-detail/criteria/state/WA/year/2024/jurisdiction-facility/WA0715
LANDFILL GAS & POWER PTY. LTD.,KALAMUNDA POWER STATION,WA,Forrestfield,170 DAWSON AVENUE,6058,2611,Fossil Fuel Electricity Generation,Standby Electricity Generation from diesel sources - operating only at peak demand times as directed by the WA electricity market operator.,89053919430,053919430,http://www.landfillgas.com.au,2014/2015,http://www.npi.gov.au/npidata/action/load/individual-facility-detail/criteria/state/WA/year/2015/jurisdiction-facility/WA0701
LANDFILL OPERATIONS PTY LTD,Melbourne Regional Landfill,VIC,Truganina,RIDING BOUNDARY RD,3029,2921,Waste Treatment and Disposal Services,Waste Disposal Services,18603300358,603300358,http://www.cleanaway.com.au,2023/2024,http://www.npi.gov.au/npidata/action/load/individual-facility-detail/criteria/state/VIC/year/2024/jurisdiction-facility/00016675
"LANE, JOHN BARRY",Lanes Poultry,WA,Muchea,Lot 1453 East Muchea Rd,6501,0171,Poultry Farming (Meat),Chicken raising for meat production,29887994262,,,2023/2024,http://www.npi.gov.au/npidata/action/load/individual-facility-detail/criteria/state/WA/year/2024/jurisdiction-facility/WA0691
LANG LANG POULTRY P/L,LANG LANG POULTRY P/L,VIC,Lang Lang,320 WESTERNPORT RD,3984,0171,Poultry Farming (Meat),Chicken growing,51114503123,114503123,,2004/2005,http://www.npi.gov.au/npidata/action/load/individual-facility-detail/criteria/state/VIC/year/2005/jurisdiction-facility/00026914
LATENT PETROLEUM PTY LTD,Warro Gas Field,WA,Boothendarra ,"42km SW of Coorow, Coorow Road",6521,0700,Oil and Gas Extraction,Gas extraction,67121651072,121651072,http://www.latentpet.com,2008/2009,http://www.npi.gov.au/npidata/action/load/individual-facility-detail/criteria/state/WA/year/2009/jurisdiction-facility/WA1114
LATROBE CITY COUNCIL,HYLAND HIGHWAY LANDFILL,VIC,Loy Yang,HYLAND HIGHWAY,3844,2921,Waste Treatment and Disposal Services,Landfill,92472314133,,,2023/2024,http://www.npi.gov.au/npidata/action/load/individual-facility-detail/criteria/state/VIC/year/2024/jurisdiction-facility/00029244
LAUNCESTON CITY COUNCIL,Launceston Waste Centre,TAS,Launceston,REMOUNT RD,7248,2921,Waste Treatment and Disposal Services,Municipal Landfill & Organics Processing,73149070625,,http://www.launceston.tas.gov.au,2023/2024,http://www.npi.gov.au/npidata/action/load/individual-facility-detail/criteria/state/TAS/year/2024/jurisdiction-facility/TAS+287
LEADING SYNTHETICS PTY LTD,LEADING SYNTHETICS PTY LTD,VIC,Campbellfield,2040 HUME HWY,3061,1821,Synthetic Resin and Synthetic Rubber Manufacturing,Manufacture of synthetic resin,78061744849,061744849,http://www.leading.net.au,2011/2012,http://www.npi.gov.au/npidata/action/load/individual-facility-detail/criteria/state/VIC/year/2012/jurisdiction-facility/00004055
LENZO D V & G,Lenzo Bros,WA,Mariginiup,Lot 39 Pinjar Rd,6078,0171,Poultry Farming (Meat),Chicken raising for meat production,97247213675,,,2023/2024,http://www.npi.gov.au/npidata/action/load/individual-facility-detail/criteria/state/WA/year/2024/jurisdiction-facility/WA0594
LGI LIMITED,Cedars Rd Flare,QLD,South Bingera,41 Cedars Road,4670,2921,Waste Treatment and Disposal Services,Flaring/Combustion of Landfill Gas,49138085551,138085551,,2023/2024,http://www.npi.gov.au/npidata/action/load/individual-facility-detail/criteria/state/QLD/year/2024/jurisdiction-facility/Q015LGI003
LIBERTY BELL BAY PTY LTD,Liberty Bell Bay,TAS,Bell Bay,TEMCO RD,7253,2110,Iron Smelting and Steel Manufacturing,Manganese ferroalloy smelter,23004456035,004456035,http://www.gfgalliance.com/,2023/2024,http://www.npi.gov.au/npidata/action/load/individual-facility-detail/criteria/state/TAS/year/2024/jurisdiction-facility/TAS+144
LIDDELL COAL OPERATIONS PTY LIMITED,Liddell Coal Operations,NSW,Ravensworth,Old New England Highway,2330,0600,Coal Mining,"Open cut coal mining including coal preparation plant and rail loading facilities which ceased in November 2023. The mine site is now in the closure phase with closure activities consisting of bulk push, tailings dam capping, and landform rehabilitation.",40058857882,058857882,http://www.liddellcoal.com.au,2023/2024,http://www.npi.gov.au/npidata/action/load/individual-facility-detail/criteria/state/NSW/year/2024/jurisdiction-facility/1238
LILYDALE ACCOUNT,Farm 1 & 2,QLD,Laravale,46 Thomas Road,4285,0171,Poultry Farming (Meat),Meat Chicken Facility,91523191033,,,2023/2024,http://www.npi.gov.au/npidata/action/load/individual-facility-detail/criteria/state/QLD/year/2024/jurisdiction-facility/Q086ILB016
LION-DAIRY & DRINKS PTY LTD,National Foods Limited (Baulkham Hills),NSW,Baulkham Hills,7-9 Gibbon Road,2153,1131,Milk and Cream Processing,Milk processing,65004486631,004486631,http://www.nationalfoods.com.au,2011/2012,http://www.npi.gov.au/npidata/action/load/individual-facility-detail/criteria/state/NSW/year/2012/jurisdiction-facility/1212
LISMORE CITY COUNCIL,Blakebrook Quarry,NSW,Blakebrook,550 Nimbin Road,2480,0911,Gravel and Sand Quarrying,Extractive activities and asphalt production,60080932837,,https://www.lismore.nsw.gov.au,2023/2024,http://www.npi.gov.au/npidata/action/load/individual-facility-detail/criteria/state/NSW/year/2024/jurisdiction-facility/1516
LITCHFIELD SHIRE COUNCIL,Humpty Doo Waste Disposal Site,NT,Hundred Of Strangways,Lot 2642,0836,2921,Waste Treatment and Disposal Services,Landifll. Disposal of domestic and commercial solid waste,00079925036,,,2005/2006,http://www.npi.gov.au/npidata/action/load/individual-facility-detail/criteria/state/NT/year/2006/jurisdiction-facility/NT331
LITHGOW CITY COUNCIL,Lithgow Solid Waste Facility (Landfill),NSW,Lithgow,Geordie Street,2790,2921,Waste Treatment and Disposal Services,General solid waste facility,59986092492,,http://council.lithgow.com,2023/2024,http://www.npi.gov.au/npidata/action/load/individual-facility-detail/criteria/state/NSW/year/2024/jurisdiction-facility/1431
LIVINGSTONE SHIRE COUNCIL,Yeppoon Landfill,QLD,Barmaryee,2745 Yeppoon Rd,4703,2921,Waste Treatment and Disposal Services,Landfill,95399253048,,http://www.livingstone.qld.gov.au,2016/2017,http://www.npi.gov.au/npidata/action/load/individual-facility-detail/criteria/state/QLD/year/2017/jurisdiction-facility/Q058ROC016
LMS ENERGY PTY LTD,Bromelton (Beaudesert),QLD,Bromelton,43 Waste Facility Road,4285,2922,Waste Remediation and Materials Recovery Services,Landfill gas flaring,39059428474,059428474,http://lms.com.au,2023/2024,http://www.npi.gov.au/npidata/action/load/individual-facility-detail/criteria/state/QLD/year/2024/jurisdiction-facility/Q015LMS001
LOCHARD ENERGY (IONA OPERATIONS) PTY LTD,Iona Gas,VIC,Port Campbell,285 WAARRE RD,3269,0700,Oil and Gas Extraction,Natural gas extraction,67608441729,608441729,,2023/2024,http://www.npi.gov.au/npidata/action/load/individual-facility-detail/criteria/state/VIC/year/2024/jurisdiction-facility/00026897
LOGAN CITY COUNCIL,Logan City Council - Browns Plains Waste & Recycling Facility,QLD,Heritage Park,349 BROWNS PLAINS RD,4118,2921,Waste Treatment and Disposal Services,Operation of transfer station and landfill disposing of putrescible & some regulated wastes and collection of household wastes.  Management of former landfill sites,21627796435,,http://www.logan.qld.gov.au,2022/2023,http://www.npi.gov.au/npidata/action/load/individual-facility-detail/criteria/state/QLD/year/2023/jurisdiction-facility/Q058LCC001
LONGWARRY FOOD PARK PTY LTD,Longwarry Food Park,VIC,Longwarry,31-41 MACKEY ST,3816,1131,Milk and Cream Processing,Manufacture of milk products,78097262934,097262934,https://www.lactalis.com.au,2023/2024,http://www.npi.gov.au/npidata/action/load/individual-facility-detail/criteria/state/VIC/year/2024/jurisdiction-facility/00030724
LOONGANA LIME P/L,KALGOORLIE OPERATIONS,WA,Kalgoorlie,LOC 33 PO/P710 YARRI RD HAMPTON,6430,2031,Cement and Lime Manufacturing,Quicklime production - facility closed mid July 2006,89079943196,079943196,,2005/2006,http://www.npi.gov.au/npidata/action/load/individual-facility-detail/criteria/state/WA/year/2006/jurisdiction-facility/WA0396
LORIMER TIMBER PTY LTD,LORIMER TIMBER PTY LTD,VIC,Dandenong South,29 PRINCES HWY,3175,1499,Other Wood Product Manufacturing n.e.c.,Timber Treatment,,006615345,http://davidstimber.com.au,2023/2024,http://www.npi.gov.au/npidata/action/load/individual-facility-detail/criteria/state/VIC/year/2024/jurisdiction-facility/00021338
LOWER MURRAY URBAN AND RURAL WATER CORPORATION,Mildura (7th St),VIC,Mildura,100-106 SEVENTH ST,3500,2811,Water Supply,Water supply system operation,18475808826,,,2023/2024,http://www.npi.gov.au/npidata/action/load/individual-facility-detail/criteria/state/VIC/year/2024/jurisdiction-facility/00024816
LUMO GENERATION SA PTY LTD,Angaston,SA,Angaston,Lot 6 Stockwell Road,5353,2611,Fossil Fuel Electricity Generation,Power generation,87115291042,115291042,https://www.snowyhydro.com.au,2023/2024,http://www.npi.gov.au/npidata/action/load/individual-facility-detail/criteria/state/SA/year/2024/jurisdiction-facility/SA0433
M & J ARMSTRONG ENTERPRISES PTY LTD,Hornick Cypress,QLD,Roma,44532 WARREGO HIGHWAY,4455,1411,Log Sawmilling,Sawmilling,99163689567,163689567,,2021/2022,http://www.npi.gov.au/npidata/action/load/individual-facility-detail/criteria/state/QLD/year/2022/jurisdiction-facility/Q039WLM001
M & L ZAMMIT,M & L Zammit,QLD,Caboolture,319 Markwell Road,4510,0171,Poultry Farming (Meat),Meat Chicken Facility,25534378596,,,2015/2016,http://www.npi.gov.au/npidata/action/load/individual-facility-detail/criteria/state/QLD/year/2016/jurisdiction-facility/Q086ILB035
M G NUTRITIONALS PTY LTD,MG Nutritionals Limited,VIC,Cobram,SCHUBERT RD,3644,1131,Milk and Cream Processing,Manufacture and packaging of infant formula,89095407257,095407257,,2013/2014,http://www.npi.gov.au/npidata/action/load/individual-facility-detail/criteria/state/VIC/year/2014/jurisdiction-facility/00004102
M MINING PTY LTD,Millennium Mine,QLD,Moranbah,Peak Downs Hwy,4742,0600,Coal Mining,"Open cut and Underground Coal Mining, Coal Handling, Workshops",59646657963,646657963,https://www.mresources.com.au,2022/2023,http://www.npi.gov.au/npidata/action/load/individual-facility-detail/criteria/state/QLD/year/2023/jurisdiction-facility/Q020MIL001
M.A ANDERSON & R.W ANDERSON & A RAITER RAITER,Nowergup Poultry,WA,Nowergup,Lot 12 Gibbs Rd,6032,0171,Poultry Farming (Meat),Chicken raising for meat production,25058168230,,,2023/2024,http://www.npi.gov.au/npidata/action/load/individual-facility-detail/criteria/state/WA/year/2024/jurisdiction-facility/WA0636
M.C. HERD PROPRIETARY LIMITED,M.C. HERD PROPRIETARY LIMITED,VIC,Corio,245 BACCHUS MARSH RD,3214,1111,Meat Processing,Beef and lamb slaughtering and processing,80004289927,004289927,,2023/2024,http://www.npi.gov.au/npidata/action/load/individual-facility-detail/criteria/state/VIC/year/2024/jurisdiction-facility/00004098
MACEDON RANGES SHIRE COUNCIL,Lancefield Landfill,VIC,Lancefield,BAYNTON RD,3435,2921,Waste Treatment and Disposal Services,Landfill,42686389537,,http://www.mrsc.vic.gov.au/,2010/2011,http://www.npi.gov.au/npidata/action/load/individual-facility-detail/criteria/state/VIC/year/2011/jurisdiction-facility/00006996
MACH ENERGY AUSTRALIA PTY LTD,Mount Pleasant Operation,NSW,Muswellbrook ,1100 Wybong Road,2333,0600,Coal Mining,Coal Mining & Coal Processing & Coal Loading,34608495441,,http://machenergyaustralia.com.au,2023/2024,http://www.npi.gov.au/npidata/action/load/individual-facility-detail/criteria/state/NSW/year/2024/jurisdiction-facility/1492
MACH SIX PTY LTD,Siltech PMR,VIC,Campbellfield,7/220 BARRY RD,3061,2921,Waste Treatment and Disposal Services,Silver bullion manufacturin,39157714684,157714684,http://www.siltech.com.au,2023/2024,http://www.npi.gov.au/npidata/action/load/individual-facility-detail/criteria/state/VIC/year/2024/jurisdiction-facility/00030630
MACKAY REGIONAL COUNCIL,Bayersville Landfill,QLD,Mackay,Harbour Road,4740,2921,Waste Treatment and Disposal Services,"Former waste disposal facility, now closed",56240712069,,,2015/2016,http://www.npi.gov.au/npidata/action/load/individual-facility-detail/criteria/state/QLD/year/2016/jurisdiction-facility/Q058MAC013
MADDINGLEY BROWN COAL PTY LTD,Maddingley Brown Coal,VIC,Bacchus Marsh,EAST MADDINGLEY RD,3340,2921,Waste Treatment and Disposal Services,"Inert landfill accepting inert industrial wastes, category c contaminated soil.",27007397686,007397686,http://maddingleybrowncoal.com.au,2023/2024,http://www.npi.gov.au/npidata/action/load/individual-facility-detail/criteria/state/VIC/year/2024/jurisdiction-facility/00007081
MAHIL PTY LTD,Belmont,QLD,Glass House Mountains,67 Mount Beerwah Road,4518,0171,Poultry Farming (Meat),Meat Chicken Facility,43207443739,106728938,,2006/2007,http://www.npi.gov.au/npidata/action/load/individual-facility-detail/criteria/state/QLD/year/2007/jurisdiction-facility/Q086ILB009
MAIN CONSTRUCTIONS PTY LTD,Main Chook Farm Stockleigh,QLD,Jimboomba,82 Hawkins Road,4280,0171,Poultry Farming (Meat),Meat Chicken Facility,58129163873,129163873,,2023/2024,http://www.npi.gov.au/npidata/action/load/individual-facility-detail/criteria/state/QLD/year/2024/jurisdiction-facility/Q086ILB075
MALABAR HOLDINGS PTY LTD,MALABAR HOLDINGS PTY LTD,QLD,Jimboomba,5025 Mt Lindesay Highway,4280,0171,Poultry Farming (Meat),Meat Chicken Facility,12884691637,,,2013/2014,http://www.npi.gov.au/npidata/action/load/individual-facility-detail/criteria/state/QLD/year/2014/jurisdiction-facility/Q086ILB067
MARANOA REGIONAL COUNCIL,Roma Quarry,QLD,Eumamurrin,3401 Carnarvon Highway,4455,0919,Other Construction Material Mining,Extractive Industry,99324089164,,http://www.maranoa.qld.gov.au,2023/2024,http://www.npi.gov.au/npidata/action/load/individual-facility-detail/criteria/state/QLD/year/2024/jurisdiction-facility/Q056MAR001
MARBL LITHIUM OPERATIONS PTY LTD,Wodgina Lithium Project,WA,Port Hedland,100km South of,6427,0990,Other Non-Metallic Mineral Mining and Quarrying,Lithium mining and processing,52637077608,637077608,http://www.mineralresources.com.au/,2023/2024,http://www.npi.gov.au/npidata/action/load/individual-facility-detail/criteria/state/WA/year/2024/jurisdiction-facility/WA0159
MASTER BUTCHERS CO-OPERATIVE LIMITED,Keith Proteins Division,SA,Keith,Dark Island Well Road,5267,1111,Meat Processing,Rendering,58874245597,,http://www.mblsa.com.au,2023/2024,http://www.npi.gov.au/npidata/action/load/individual-facility-detail/criteria/state/SA/year/2024/jurisdiction-facility/SA0631
MATARAZZO FAMILY TRUST,MATARAZZO FAMILY TRUST,QLD,Redland Bay,20 Giles Road,4165,0171,Poultry Farming (Meat),Meat Chicken Facility,72498434513,,,2013/2014,http://www.npi.gov.au/npidata/action/load/individual-facility-detail/criteria/state/QLD/year/2014/jurisdiction-facility/Q086ILB015
MAULES CREEK COAL PTY LTD,Maules Creek Coal Pty Ltd,NSW,Boggabri,"Lot 58, DP 754940",2382,0600,Coal Mining,Open cut coal mining,70140533875,140533875,http://www.whitehavencoal.com.au,2023/2024,http://www.npi.gov.au/npidata/action/load/individual-facility-detail/criteria/state/NSW/year/2024/jurisdiction-facility/1380
MAYNE PHARMA INTERNATIONAL PTY LTD,SALISBURY,SA,Salisbury South,1538 MAIN NORTH RD,5106,1841,Human Pharmaceutical and Medicinal Product Manufacturing,PHARMACEUTICAL MANUFACTURE,88007870984,007870984,http://www.maynepharma.com,2023/2024,http://www.npi.gov.au/npidata/action/load/individual-facility-detail/criteria/state/SA/year/2024/jurisdiction-facility/SA0367
MCCORMACK DEMBY TIMBER PTY LTD,MCCORMACK DEMBY TIMBER PTY LTD,VIC,Morwell,2-6 RAIL RD ,3840,1411,Log Sawmilling,Log sawmilling,30124794618,124794618,,2010/2011,http://www.npi.gov.au/npidata/action/load/individual-facility-detail/criteria/state/VIC/year/2011/jurisdiction-facility/00029290
MCDONNELL INDUSTRIES PTY LTD,N.F. McDonnell & Sons,SA,Mount Gambier,Suttontown Road,5290,1411,Log Sawmilling,Wood processing and log sawmilling,70007746536,007746536,,2010/2011,http://www.npi.gov.au/npidata/action/load/individual-facility-detail/criteria/state/SA/year/2011/jurisdiction-facility/SA0545
MCG QUARRIES PTY LTD,Moranbah South Quarry,QLD,Moranbah,9566 Peak Downs Highway,4744,0911,Gravel and Sand Quarrying,Crushing & Supply of Gravel Material,96119739758,119739758,,2016/2017,http://www.npi.gov.au/npidata/action/load/individual-facility-detail/criteria/state/QLD/year/2017/jurisdiction-facility/Q056MCG001
MCKECHNIE IRON FOUNDRY PROPRIETARY LIMITED,McKechnie Iron Foundry Pty Ltd,SA,Gepps Cross,585 Grand Junction Road,5094,2121,Iron and Steel Casting,Iron & Steel Casting,20007541317,007541317,http://www.mckechnie.com.au,2023/2024,http://www.npi.gov.au/npidata/action/load/individual-facility-detail/criteria/state/SA/year/2024/jurisdiction-facility/SA0542
MCNEIL MANUFACTURING PTY LTD,McNeil Manufacturing Caringbah,NSW,Caringbah,32-40 Cawarra Road,2229,1841,Human Pharmaceutical and Medicinal Product Manufacturing,Pharmaceutical and consumer healthcare product manufacturing and packaging; warehousing; clinical research and development; sales and administration.,50008422348,000761302,http://www.jnjaust.com.au,2008/2009,http://www.npi.gov.au/npidata/action/load/individual-facility-detail/criteria/state/NSW/year/2009/jurisdiction-facility/149
MD AND CO KELLY,Farm No. 1,QLD,Victoria Point,44 Worthing Road,4165,0171,Poultry Farming (Meat),Meat Chicken Facility,60756140036,,,2010/2011,http://www.npi.gov.au/npidata/action/load/individual-facility-detail/criteria/state/QLD/year/2011/jurisdiction-facility/Q086ILB048
MELBOURNE WATER CORPORATION,Cardinia Water Treatment Plant,VIC,Emerald,DUFFYS RD,3782,2811,Water Supply,Potable water supply,81945386953,,http://www.melbournewater.com.au,2023/2024,http://www.npi.gov.au/npidata/action/load/individual-facility-detail/criteria/state/VIC/year/2024/jurisdiction-facility/00030582
MENTHOLATUM AUSTRALASIA PTY LTD,MENTHOLATUM AUSTRALASIA PTY LTD,VIC,Scoresby,16 JANINE ST,3179,1841,Human Pharmaceutical and Medicinal Product Manufacturing,Manufacture of pharmaceutical products,62005414488,005414488,http://www.mentholatum.com.au,2012/2013,http://www.npi.gov.au/npidata/action/load/individual-facility-detail/criteria/state/VIC/year/2013/jurisdiction-facility/00006676
MEPAU PERTH BASIN PTY LTD,Waitsia Gas Field,WA,Mount Adams,Pye Road,6525,0700,Oil and Gas Extraction,Oil and gas production,74009204031,009204031,,2023/2024,http://www.npi.gov.au/npidata/action/load/individual-facility-detail/criteria/state/WA/year/2024/jurisdiction-facility/WA1569
MERCK SHARP AND DOHME (AUSTRALIA) PTY LTD,Merck Sharp & Dohme Granville,NSW,South Granville,54-68 Ferndell Street,2142,1841,Human Pharmaceutical and Medicinal Product Manufacturing,Pharmaceutical formulation and packaging,14000173508,,http://www.msd-australia.com.au,2007/2008,http://www.npi.gov.au/npidata/action/load/individual-facility-detail/criteria/state/NSW/year/2008/jurisdiction-facility/839
MERINO PTY LTD,MERINO PTY LTD,QLD,Crestmead,26-48 Platinum Street,4132,1521,Corrugated Paperboard and Paperboard Container Manufacturing,Paper (tissue) manufacturing & converting,16054622123,,,2006/2007,http://www.npi.gov.au/npidata/action/load/individual-facility-detail/criteria/state/QLD/year/2007/jurisdiction-facility/Q007MRN001
MERLIN HOLDINGS PTY LTD,Merlin Farm,QLD,North Maclean,257 Scott Lane,4280,0171,Poultry Farming (Meat),Meat Chicken Growing,44224164423,,,2016/2017,http://www.npi.gov.au/npidata/action/load/individual-facility-detail/criteria/state/QLD/year/2017/jurisdiction-facility/Q086ILB059
MERREDIN ENERGY PTY LTD,Merredin Peaking Power Station,WA,Merredin,Lot 193 Robartson Road,6415,2611,Fossil Fuel Electricity Generation,Electric Power Generation,62124273025,124273025,http://www.merredinenergy.com.au/,2023/2024,http://www.npi.gov.au/npidata/action/load/individual-facility-detail/criteria/state/WA/year/2024/jurisdiction-facility/WA1344
METRO QUARRY GROUP PTY LTD,Lang Lang,VIC,Lang Lang,375 MCDONALDS TRACK,3984,0911,Gravel and Sand Quarrying,"Sand quarrying, washing or screening",64159795703,159795703,,2022/2023,http://www.npi.gov.au/npidata/action/load/individual-facility-detail/criteria/state/VIC/year/2023/jurisdiction-facility/00030679
METROMEDIA TECHNOLOGIES INT INC,METROMEDIA TECHNOLOGIES INTERNATIONAL INC,QLD,Shailer Park,28-46 COMMERCIAL DR,4128,1611,Printing,Printing,92007510018,007510018,http://au.mmt.com,2007/2008,http://www.npi.gov.au/npidata/action/load/individual-facility-detail/criteria/state/QLD/year/2008/jurisdiction-facility/Q060MMT001
METROMIX PTY LIMITED,Marrangaroo Quartzite Quarry,NSW,Lithgow,138 Oakey Forest Road,2790,0990,Other Non-Metallic Mineral Mining and Quarrying,"drill and blast extraction and crushing & processing, sale and transport of concrete aggegate and road construction materials.",39022886839,,,2002/2003,http://www.npi.gov.au/npidata/action/load/individual-facility-detail/criteria/state/NSW/year/2003/jurisdiction-facility/470
METROPOLITAN COLLIERIES PTY LTD,Metropolitan Collieries Pty Ltd,NSW,Helensburgh,Parkes Street,2508,0600,Coal Mining,Coal Mining and preparation,,003135635,https://www.peabodyenergy.com/Operations/Australia-Mining/New-South-Wales-Mining/Metropolitan-Mine,2023/2024,http://www.npi.gov.au/npidata/action/load/individual-facility-detail/criteria/state/NSW/year/2024/jurisdiction-facility/1213
MICHELL WOOL PTY LIMITED,Michell Pty Ltd,SA,Salisbury South,1506 MAIN NORTH RD,5106,1311,Wool Scouring,WOOL SCOURING AND CARBONISING,11165515604,165515604,http://www.michellwool.com,2023/2024,http://www.npi.gov.au/npidata/action/load/individual-facility-detail/criteria/state/SA/year/2024/jurisdiction-facility/SA0025
MID-COAST COUNCIL,Bootawa Dam,NSW,Bootawa,BOOTAWA DAM ROAD,2430,2811,Water Supply,Water treatment,44961208161,,http://www.midcoast.nsw.gov.au,2023/2024,http://www.npi.gov.au/npidata/action/load/individual-facility-detail/criteria/state/NSW/year/2024/jurisdiction-facility/1137
MIDDLEMOUNT COAL PTY LTD,Middlemount Coal Mine,QLD,Middlemount,via Middlemount Dysart Rd,4746,0600,Coal Mining,Coal mine,49122348412,122348412,http://www.middlemountcoal.com.au,2023/2024,http://www.npi.gov.au/npidata/action/load/individual-facility-detail/criteria/state/QLD/year/2024/jurisdiction-facility/Q020MID001
MIDFIELD CO-PRODUCTS PTY LTD,Midfield Co-Products,VIC,Warrnambool,LEVYS PT,3280,1111,Meat Processing,Rendering Plant,58005186434,005186434,http://www.midfield.com.au,2021/2022,http://www.npi.gov.au/npidata/action/load/individual-facility-detail/criteria/state/VIC/year/2022/jurisdiction-facility/00004311
MIDFIELD MEAT PROCESSING PTY LTD,Midfield Meat Group,VIC,Warrnambool,SCOTT ST,3280,1111,Meat Processing,Abattoir,15006971508,006971508,http://www.midfield.com.au,2023/2024,http://www.npi.gov.au/npidata/action/load/individual-facility-detail/criteria/state/VIC/year/2024/jurisdiction-facility/00009122
MIDFIELD PROTEIN SOLUTIONS PTY LTD,Midfield Protein Solutions,VIC,Warrnambool,24 SCOTT STREET,3280,1111,Meat Processing,Meat Processing,76619284883,619284883,,2023/2024,http://www.npi.gov.au/npidata/action/load/individual-facility-detail/criteria/state/VIC/year/2024/jurisdiction-facility/00030841
MIDLAND BRICK PTY LTD,Midland Brick Middle Swan,WA,Middle Swan,321 Great Northern Hwy,6056,2021,Clay Brick Manufacturing,Clay & Concrete brick and paver manufacturing,93635664710,635664710,https://midlandbrick.com.au,2023/2024,http://www.npi.gov.au/npidata/action/load/individual-facility-detail/criteria/state/WA/year/2024/jurisdiction-facility/WA0119
MIDLAND MILK P/L,Dairy Farmers Shepparton,VIC,Shepparton,123 VAUGHAN ST,3630,1131,Milk and Cream Processing,Milk processing,75004317364,004317364,,2005/2006,http://www.npi.gov.au/npidata/action/load/individual-facility-detail/criteria/state/VIC/year/2006/jurisdiction-facility/00009134
MIKES PLASTIC BAGS PTY LTD,Mikes Plastic Bags Pty Ltd,VIC,Moorabbin,8-10 FREIGHTER RD,3189,1611,Printing,Plastic Bag Manufacture,69005957620,005957620,,2013/2014,http://www.npi.gov.au/npidata/action/load/individual-facility-detail/criteria/state/VIC/year/2014/jurisdiction-facility/00029414
MILDURA RURAL CITY COUNCIL,Koorlong Landfill,VIC,Koorlong,TWENTIETH ST,3501,2921,Waste Treatment and Disposal Services,Landfill - closed 2001,42498937037,,http://www.mrcc.vic.gov.au,2006/2007,http://www.npi.gov.au/npidata/action/load/individual-facility-detail/criteria/state/VIC/year/2007/jurisdiction-facility/00006974
MILLMERRAN OPERATING CO PTY LTD,Millmerran Power,QLD,Millmerran,MOFFAT RESERVE ROCKY CREEK RD,4357,2611,Fossil Fuel Electricity Generation,Power Generation from fossil fuel combustion,68083536181,083536181,https://www.genuity.com.au/,2023/2024,http://www.npi.gov.au/npidata/action/load/individual-facility-detail/criteria/state/QLD/year/2024/jurisdiction-facility/Q019MIL001
MILORA AGRICULTURAL TRUST,Silverleaf,QLD,Milora,763 Roadvale Harrisville Road,4309,0171,Poultry Farming (Meat),Meat Chicken Facility,35689893177,,,2022/2023,http://www.npi.gov.au/npidata/action/load/individual-facility-detail/criteria/state/QLD/year/2023/jurisdiction-facility/Q086ILB005
MINARA RESOURCES PTY LIMITED,Murrin Murrin Calcrete Operations,WA,Laverton,LEONORA-LAVERTON HWY VIA,6440,0990,Other Non-Metallic Mineral Mining and Quarrying,"Mining, crushing, and screening of calcrete ore",23060370783,,http://www.minara.com.au,2023/2024,http://www.npi.gov.au/npidata/action/load/individual-facility-detail/criteria/state/WA/year/2024/jurisdiction-facility/WA0011
MINDARIE REGIONAL COUNCIL,Tamala Park Landfill,WA,Mindarie,Lot 9504 Marmion Ave,6030,2921,Waste Treatment and Disposal Services,Landfill Facility - Class 2 and Class 3 Putrescible Landfill,17015003687,,http://www.mrc.wa.gov.au,2023/2024,http://www.npi.gov.au/npidata/action/load/individual-facility-detail/criteria/state/WA/year/2024/jurisdiction-facility/WA0279
MINERAL RESOURCES LIMITED,Bald Hill Tantalum-Lithium,WA,Widgiemooltha,Binneringie Rd,6443,0990,Other Non-Metallic Mineral Mining and Quarrying,Tantalum and Lithium mining,33118549910,118549910,https://www.mineralresources.com.au/,2023/2024,http://www.npi.gov.au/npidata/action/load/individual-facility-detail/criteria/state/WA/year/2024/jurisdiction-facility/WA1556
MINERAL TECHNOLOGIES PTY LTD,Mineral Technologies Pty Ltd,QLD,Carrara,"City Links Industrial Estate, 11 Elysium Road",4211,2462,Mining and Construction Machinery Manufacturing,Manufacture of mineral processing equipment,52105309260,105309260,http://mineraltechnologies.com.au,2023/2024,http://www.npi.gov.au/npidata/action/load/individual-facility-detail/criteria/state/QLD/year/2024/jurisdiction-facility/Q041ROM001
MINERVA FOODS AUSTRALIA PTY LTD,Minerva Foods Australia Pty Ltd - Myrup,WA,Myrup,36155 Coolgardie-Esperance Hwy,6450,1111,Meat Processing,Meat processing,,652859811,https://minervafoods.com,2022/2023,http://www.npi.gov.au/npidata/action/load/individual-facility-detail/criteria/state/WA/year/2023/jurisdiction-facility/WA1725
MISSAY P/L,Geelong Treated Timber,VIC,Fyansford,315 HAMILTON HWY,3221,1413,Timber Resawing and Dressing,"Retail, wholesale and manufacture of treated pine timber products.",81007205414,007205414,http://www.atpgeelong.com.au,2006/2007,http://www.npi.gov.au/npidata/action/load/individual-facility-detail/criteria/state/VIC/year/2007/jurisdiction-facility/00021352
MITCHELL SHIRE COUNCIL,Kilmore Landfill,VIC,Kilmore,WALDERS RD,3764,2921,Waste Treatment and Disposal Services,Landfill,27352592142,,http://www.mitchellshire.vic.gov.au,2011/2012,http://www.npi.gov.au/npidata/action/load/individual-facility-detail/criteria/state/VIC/year/2012/jurisdiction-facility/00006998
MITSUBISHI MOTORS AUST LTD,Mitsubishi - Tonsley Park,SA,Clovelly Park,1284 SOUTH RD,5042,2311,Motor Vehicle Manufacturing,Motor Vehicle manufacturing.,53007870395,007870395,http://www.mitsubishi-motors.com.au,2007/2008,http://www.npi.gov.au/npidata/action/load/individual-facility-detail/criteria/state/SA/year/2008/jurisdiction-facility/SA0044
MOBIL EXPLORATION & PRODUCING AUSTRALIA PTY LTD,Jansz-3 Production Test,WA,Via Karratha,- Offshore,6714,0700,Oil and Gas Extraction,Jansz-3 Production Test,81004588827,004588827,http://www.exxonmobil.com.au,2003/2004,http://www.npi.gov.au/npidata/action/load/individual-facility-detail/criteria/state/WA/year/2004/jurisdiction-facility/WA0696
MOIRA SHIRE COUNCIL,Cobram Landfill,VIC,Cobram,PYE RD,3644,2921,Waste Treatment and Disposal Services,Landfill operation,20538141700,,,2020/2021,http://www.npi.gov.au/npidata/action/load/individual-facility-detail/criteria/state/VIC/year/2021/jurisdiction-facility/00006929
MOMENTIVE SPECIALTY CHEMICALS PTY LTD,MOMENTIVE SPECIALTY CHEMICALS PTY LTD,VIC,Laverton North,2-8 JAMES ST,3026,1821,Synthetic Resin and Synthetic Rubber Manufacturing,Manufacture of formaldehyde based resins,32004271827,004271827,,2011/2012,http://www.npi.gov.au/npidata/action/load/individual-facility-detail/criteria/state/VIC/year/2012/jurisdiction-facility/00004116
MON DESIR PTY LTD,Mon Desir Pty Ltd,WA,Wattle Grove,111 Victoria Road,6107,0171,Poultry Farming (Meat),Chicken raising for meat production,68009187517,009187517,,2006/2007,http://www.npi.gov.au/npidata/action/load/individual-facility-detail/criteria/state/WA/year/2007/jurisdiction-facility/WA0717
MONARCH NOMINEES PTY LTD,MONARCH NOMINEES PTY LTD,QLD,Rochedale,1000 Priestdale Road,4156,0171,Poultry Farming (Meat),Meat Chicken Facility,40974001558,,,2023/2024,http://www.npi.gov.au/npidata/action/load/individual-facility-detail/criteria/state/QLD/year/2024/jurisdiction-facility/Q086ILB057
MONDELEZ AUSTRALIA PTY LTD,Mondelez Burnie,TAS,Burnie,129-141 Bass Highway,7320,1131,Milk and Cream Processing,Milk Processing,78004551473,004551473,https://www.mondelezinternational.com/australia/,2023/2024,http://www.npi.gov.au/npidata/action/load/individual-facility-detail/criteria/state/TAS/year/2024/jurisdiction-facility/TAS+465
MONIER PGH HOLDINGS LTD,PGH Bricks and Pavers,QLD,Toowoomba,213 MCDOUGAL ST,4350,2029,Other Ceramic Product Manufacturing,Manufacture of clay pavers and special shapes .,55008631356,008631356,http://www.csr.com.au/Corporate/default.asp,2001/2002,http://www.npi.gov.au/npidata/action/load/individual-facility-detail/criteria/state/QLD/year/2002/jurisdiction-facility/Q001PGH004
MONTAUBAN PTY LTD,533 Cryna Road,QLD,Beaudesert,533 Cryna Road,4285,0171,Poultry Farming (Meat),Meat Chicken Facility,38010745310,010745310,,2022/2023,http://www.npi.gov.au/npidata/action/load/individual-facility-detail/criteria/state/QLD/year/2023/jurisdiction-facility/Q086ILB008
MONTORO ROOFING PTY LIMITED,LUTUM Roofing,SA,Pooraka,1161 MAIN NORTH RD,5095,2034,Concrete Product Manufacturing,Production of masonry roofing tiles,34002944694,002944694,http://www.lutum.com.au,2023/2024,http://www.npi.gov.au/npidata/action/load/individual-facility-detail/criteria/state/SA/year/2024/jurisdiction-facility/SA0300
MOOLARBEN COAL OPERATIONS PTY LTD,Yancoal - Moolarben,NSW,Ulan,4250 Ulan Road,2850,0600,Coal Mining,Coal mining,59077939569,077939569,,2023/2024,http://www.npi.gov.au/npidata/action/load/individual-facility-detail/criteria/state/NSW/year/2024/jurisdiction-facility/1246
MOORABOOL SHIRE COUNCIL,Bacchus Marsh,VIC,Maddingley,NORTH SIDE OF KERRS RD,3340,2921,Waste Treatment and Disposal Services,Landfill,29352754296,,http://www.moorabool.vic.gov.au,2008/2009,http://www.npi.gov.au/npidata/action/load/individual-facility-detail/criteria/state/VIC/year/2009/jurisdiction-facility/00006984
MORGAN CEMENT INTERNATIONAL PTY LTD,Morgan Cement Port Kembla Plant,NSW,Port Kembla,Gate 7 Foreshore Road,2505,2031,Cement and Lime Manufacturing,Cement production,29075095822,075095822,https://www.morgancementcommunity.com.au,2023/2024,http://www.npi.gov.au/npidata/action/load/individual-facility-detail/criteria/state/NSW/year/2024/jurisdiction-facility/1534
MORGANITE AUSTRALIA PTY LTD,Furnace Industries,WA,Malaga,17 Montgomery Way,6090,2029,Other Ceramic Product Manufacturing,Production of industrial ceramics,82000037776,000037776,,2023/2024,http://www.npi.gov.au/npidata/action/load/individual-facility-detail/criteria/state/WA/year/2024/jurisdiction-facility/WA0066
MOUNT BARKER CHICKEN,Barker Creek,WA,Mount Barker,375 Watermans Rd,6324,0171,Poultry Farming (Meat),Chicken farm,92008919579,,,2023/2024,http://www.npi.gov.au/npidata/action/load/individual-facility-detail/criteria/state/WA/year/2024/jurisdiction-facility/WA1703
MOUNT ISA MINES LIMITED,Mica Creek Power Station,QLD,Mount Isa,POWER HOUSE RD,4825,2611,Fossil Fuel Electricity Generation,Electricity generation using mineral gas including coal gas,87009661447,009661447,http://www.mountisamines.com.au,2023/2024,http://www.npi.gov.au/npidata/action/load/individual-facility-detail/criteria/state/QLD/year/2024/jurisdiction-facility/Q019CSE003
MOUNT THORLEY COAL LOADING LTD,Mount Thorley Coal Loader Operations,NSW,Mount Thorley Via Singleton,Mount Thorley Road,2330,0600,Coal Mining,Black Coal Handling,29002027223,002027223,http://www.yancoal.com.au/,2023/2024,http://www.npi.gov.au/npidata/action/load/individual-facility-detail/criteria/state/NSW/year/2024/jurisdiction-facility/511
MRI (AUST) P/L,MRI (AUST) P/L,VIC,Campbellfield,20-24 DENNIS ST,3061,2921,Waste Treatment and Disposal Services,"Manufacture of stannous chloride (SnCl2). Computer refurbishment. Recyling of computers, cathode ray tubes, telecommunication and power transmission equipment. Battery storage for subsequent recycling.",76007391335,007391335,http://www.mri.com.au,2005/2006,http://www.npi.gov.au/npidata/action/load/individual-facility-detail/criteria/state/VIC/year/2006/jurisdiction-facility/00004192
MT MARROW BLUE METAL QUARRIES PTY LTD,Mount Marrow,QLD,Mt Marrow Via Haigslea ,237 Mt Marrow Quarry Rd ,4306,0911,Gravel and Sand Quarrying,"Sand quarrying, washing or screening",64004879930,004879930,,2023/2024,http://www.npi.gov.au/npidata/action/load/individual-facility-detail/criteria/state/QLD/year/2024/jurisdiction-facility/Q056BMT001
MT OWEN PTY LIMITED,Glencore Coal - Glendell (Open Cut) Mine,NSW,Ravensworth Via Singleton,246 Hebden Road,2330,0600,Coal Mining,Open cut coal mining,83003827361,003827361,https://www.glencore.com.au/operations-and-projects/coal/current-operations/mt-owen-glendell-open-cut,2023/2024,http://www.npi.gov.au/npidata/action/load/individual-facility-detail/criteria/state/NSW/year/2024/jurisdiction-facility/1145
MULGILDIE SAWMILLING CO PTY LTD,Mulgildie Sawmilling Co Pty Ltd,QLD,Mulgildie,HUGHES ST,4630,1411,Log Sawmilling,Sawmilling/Timber Preservation,99009738014,,,2007/2008,http://www.npi.gov.au/npidata/action/load/individual-facility-detail/criteria/state/QLD/year/2008/jurisdiction-facility/Q039TOR001
MULLER SAWMILLS PTY LTD,MULLER SAWMILLS PTY LTD,QLD,Benarkin,TAROMEO,4306,1411,Log Sawmilling,Sawmilling and drying,45009734105,009734105,,2004/2005,http://www.npi.gov.au/npidata/action/load/individual-facility-detail/criteria/state/QLD/year/2005/jurisdiction-facility/Q039MUS001
MURRAY BASIN TITANIUM P/L,Mildura Operations,VIC,Mildura,2/53 EIGHTH ST,3500,0990,Other Non-Metallic Mineral Mining and Quarrying,"Heavy mineral concentrate is processed to produce rutile, zircon and ilmenite.",66082497827,082497827,http://www.cablesands.com.au/mbt,2002/2003,http://www.npi.gov.au/npidata/action/load/individual-facility-detail/criteria/state/VIC/year/2003/jurisdiction-facility/00016680
MURRAY BRIDGE BACON PTY LTD,MURRAY BRIDGE BACON PTY LTD,SA,Murray Bridge,283 Flagstaff Road,5253,1111,Meat Processing,Pork abattoir and boning room,23078020694,078020694,,2023/2024,http://www.npi.gov.au/npidata/action/load/individual-facility-detail/criteria/state/SA/year/2024/jurisdiction-facility/SA0501
MURRAY GOULBURN CO-OP CO LTD,Leitchville Site,VIC,Leitchville,KING ALBERT AV,3567,1131,Milk and Cream Processing,Manufacture of cheddar cheese and and whey processing.,23004277089,004277089,,2009/2010,http://www.npi.gov.au/npidata/action/load/individual-facility-detail/criteria/state/VIC/year/2010/jurisdiction-facility/00004593
MURRAY GOULBURN CO-OPERATIVE CO LIMITED,Cobram Boilerhouse,VIC,Cobram,KAROOK ST,3644,2611,Fossil Fuel Electricity Generation,The 60 MW boiler house was modified during the 2014/15 financial year to burn natural gas instead of briquettes.,23004277089,004277089,,2014/2015,http://www.npi.gov.au/npidata/action/load/individual-facility-detail/criteria/state/VIC/year/2015/jurisdiction-facility/00020298
MUSWELLBROOK COAL COMPANY LIMITED,Muswellbrook Coal Company,NSW,Muswellbrook,Muswellbrook Coal Muscle Creek Rd,2333,0600,Coal Mining,Coal mining.,32000009521,000009521,http://www.idemitsu.com.au,2023/2024,http://www.npi.gov.au/npidata/action/load/individual-facility-detail/criteria/state/NSW/year/2024/jurisdiction-facility/546
MYRTEZA HOLDINGS PTY LTD,Myrteza Farm,QLD,Mareeba,300 Gilmore Road,4880,0171,Poultry Farming (Meat),Meat Chicken Facility,23668475983,668475983,,2023/2024,http://www.npi.gov.au/npidata/action/load/individual-facility-detail/criteria/state/QLD/year/2024/jurisdiction-facility/Q086ILB072
NAMBUCCA SHIRE COUNCIL,Nambucca Waste Management Facility,NSW,Nambucca Heads,Old Coast Road,2448,2911,Solid Waste Collection Services,Landfilling of Class 1 municipal solid waste,71323535981,,,2008/2009,http://www.npi.gov.au/npidata/action/load/individual-facility-detail/criteria/state/NSW/year/2009/jurisdiction-facility/812
NAMOI MINING PTY LTD,Gunnedah Coal Loader,NSW,Gunnedah,Quia Road,2380,0600,Coal Mining,Train loader for coal,24071158373,071158373,,2002/2003,http://www.npi.gov.au/npidata/action/load/individual-facility-detail/criteria/state/NSW/year/2003/jurisdiction-facility/901
NARASELL PTY LTD,Junee Abattoir,NSW,Junee,Harefield Road,2663,1111,Meat Processing,Meat processing,56211021320,,,2023/2024,http://www.npi.gov.au/npidata/action/load/individual-facility-detail/criteria/state/NSW/year/2024/jurisdiction-facility/895
NARRABRI COAL OPERATIONS PTY LTD,Narrabri Coal Mine - Baan Baa,NSW,Baan Baa,Kurrajong Creek Road,2390,0600,Coal Mining,Underground coal mining,76107813963,107813963,http://www.whitehavencoal.com.au,2023/2024,http://www.npi.gov.au/npidata/action/load/individual-facility-detail/criteria/state/NSW/year/2024/jurisdiction-facility/1142
NATIONAL CERAMIC INDUSTRIES AUSTRALIA PTY LTD,National Ceramic Industries Rutherford Plant,NSW,Rutherford,175 Racecourse Road,2320,2029,Other Ceramic Product Manufacturing,Manufacture of high quality ceramic tiles,83100467267,100467267,http://www.ncia.com.au,2023/2024,http://www.npi.gov.au/npidata/action/load/individual-facility-detail/criteria/state/NSW/year/2024/jurisdiction-facility/1094
NATIONAL FOODS PTY LIMITED,Dairy Farmers Hexham,NSW,Hexham,189 Maitland Road,2322,1131,Milk and Cream Processing,Milk processing.,65004486631,004486631,http://www.dairyfarmers.com.au,2010/2011,http://www.npi.gov.au/npidata/action/load/individual-facility-detail/criteria/state/NSW/year/2011/jurisdiction-facility/426
NATIONAL FORGE LTD,CMI Forge,VIC,Footscray West,465 SOMERVILLE RD,3012,2110,Iron Smelting and Steel Manufacturing,Forging & heat treatment of steel and aluminium automotive parts.,91052470327,052470327,http://www.cmilimited.com.au,2005/2006,http://www.npi.gov.au/npidata/action/load/individual-facility-detail/criteria/state/VIC/year/2006/jurisdiction-facility/00006628
NATIONAL POWER AUSTRALIA INVESTMENTS LIMITED,ENGIE Hazelwood Power Station and Mine,VIC,Morwell,"HAZELWOOD POWER COMPLEX, 1 BRODRIBB RD",3840,2611,Fossil Fuel Electricity Generation,"Up until 31 March 2017, Hazelwood was a nominal rated 1600 MW brown coal fired power station, supplying around 25% of Victoria's Electricity needs and an associated brown coal mine producing approx. 16.0 M t/y of brown coal & moving around 3.1 M m3/yr of overburden. The site ceased Power Station and coal mining operation on 31 March  2017, and is now in the process of demolition and rehabilitation activities. 
",51075257537,075257537,https://engie.com.au/,2017/2018,http://www.npi.gov.au/npidata/action/load/individual-facility-detail/criteria/state/VIC/year/2018/jurisdiction-facility/00004337
NC COAL COMPANY PTY LIMITED,Collinsville Coal Mine,QLD,Collinsville,SCOTTSVILLE RD,4804,0600,Coal Mining,Coal mining and processing.,71079862936,079862936,http://www.glencore.com.au/EN/who-we-are/collinsville/Pages/default.aspx,2023/2024,http://www.npi.gov.au/npidata/action/load/individual-facility-detail/criteria/state/QLD/year/2024/jurisdiction-facility/Q020COL001
NESTLE AUSTRALIA LTD,Nestle Foods,VIC,Tongala,HENDERSON RD,3621,1131,Milk and Cream Processing,"Manufacturer of liquid condensed, evaporated and cream milk products -THIS FACILITY DOESNT BELONG TO NESTLE ANY LONGER-was sold in July 2022, RS",77000011316,000011316,http://www.nestle.com.au,2020/2021,http://www.npi.gov.au/npidata/action/load/individual-facility-detail/criteria/state/VIC/year/2021/jurisdiction-facility/00004327
NEW ACLAND COAL PTY LTD,New Acland Open Cut Coal Mine,QLD,Acland,"NEW ACLAND COAL MINE, ACLAND-MULDU RD",4401,0600,Coal Mining,Open cut coal mining (mining and washing coal),90081022380,081022380,http://www.newhopegroup.com.au,2023/2024,http://www.npi.gov.au/npidata/action/load/individual-facility-detail/criteria/state/QLD/year/2024/jurisdiction-facility/Q020NAC001
NEW HOPE COLLIERIES P/L,Swanbank Coal Mine,QLD,Swanbank,REDBANK PLAINS RD,4306,0600,Coal Mining,Mining and washing coal (Open cut mining),27009669747,009669747,http://www.newhopecoal.com.au,2002/2003,http://www.npi.gov.au/npidata/action/load/individual-facility-detail/criteria/state/QLD/year/2003/jurisdiction-facility/Q020NHC001
NEW LENTON COAL PTY LTD,Lenton JV Burton Mine,QLD,Burton,Off Suttor Development Rd,4742,0600,Coal Mining,Coal mining,48095390079,095390079,https://www.bowencokingcoal.com.au/,2023/2024,http://www.npi.gov.au/npidata/action/load/individual-facility-detail/criteria/state/QLD/year/2024/jurisdiction-facility/Q020NLC001
NEW OAKLEIGH COAL PTY LTD,New Oakleigh Open Cut Coal Mine,QLD,Rosewood,Oakleigh Colliery Rd,4340,0600,Coal Mining,Open cut mining (rehabilitation) ,36055151196,055151196,https://www.bmigroup.com.au/,2013/2014,http://www.npi.gov.au/npidata/action/load/individual-facility-detail/criteria/state/QLD/year/2014/jurisdiction-facility/Q020NOC001
NEW WILKIE ENERGY PTY LTD,Wilkie Creek Coal Mine,QLD,Macalister,1245 MacAlister-Wilkie Creek Road,4406,0600,Coal Mining,Open cut coal mining,93007683454,007683454,http://www.nwe.energy,2023/2024,http://www.npi.gov.au/npidata/action/load/individual-facility-detail/criteria/state/QLD/year/2024/jurisdiction-facility/Q020AQC001
NEWCASTLE COAL PTY LTD,Tasman Mine,NSW,Seahampton,George Booth Drive,2286,0600,Coal Mining,Black coal mining,40074900208,074900208,,2013/2014,http://www.npi.gov.au/npidata/action/load/individual-facility-detail/criteria/state/NSW/year/2014/jurisdiction-facility/1099
NEWGEN BRAEMAR 2 PTY LTD,Braemar 2 Power Station,QLD,Braemar Via Dalby,Lot 127 Grahams Road,4405,2611,Fossil Fuel Electricity Generation,Electricity Generation,80127501393,127501393,,2023/2024,http://www.npi.gov.au/npidata/action/load/individual-facility-detail/criteria/state/QLD/year/2024/jurisdiction-facility/Q019NEW001
NEWTOWN TIMBER AND HARDWARE,Whiteline Timber Products,TAS,Mowbray,30-46 Remount Road,7248,1413,Timber Resawing and Dressing,Producer of Dressed Timber,50054046630,,,2009/2010,http://www.npi.gov.au/npidata/action/load/individual-facility-detail/criteria/state/TAS/year/2010/jurisdiction-facility/TAS+428
NEXEN PETROLEUM AUSTRALIA PTY LIMITED,Buffalo Venture,WA,Wyndham,OFFSHORE FACILITY WA-260-P TIMOR SEA VIA,6740,0700,Oil and Gas Extraction,"The Buffalo Venture is a floating production, storage & offtake (FPSO) vessel. Decommissioned in January 2005.",71086689616,086689616,,2004/2005,http://www.npi.gov.au/npidata/action/load/individual-facility-detail/criteria/state/WA/year/2005/jurisdiction-facility/WA0220
NILLUMBIK SHIRE COUNCIL,Kangaroo Ground Landfill,VIC,Kangaroo Ground,GRAHAM RD,3097,2921,Waste Treatment and Disposal Services,Landfill,64487894794,,http://www.nillumbik.vic.gov.au,2006/2007,http://www.npi.gov.au/npidata/action/load/individual-facility-detail/criteria/state/VIC/year/2007/jurisdiction-facility/00006975
NK COLLINS INDUSTRIES PTY LTD,NK COLLINS INDUSTRIES PTY LTD,QLD,Mitchell,Industrial Estate,4465,1411,Log Sawmilling,Sawmilling only,70009716456,009716456,,2006/2007,http://www.npi.gov.au/npidata/action/load/individual-facility-detail/criteria/state/QLD/year/2007/jurisdiction-facility/Q039NKC005
NOLAN MEATS PTY LTD,Nolan Meats Gympie,QLD,Gympie,171 East Deep Creek Road,4570,1111,Meat Processing,meat processing,81096869304,096869304,https://www.nolan.com.au/,2023/2024,http://www.npi.gov.au/npidata/action/load/individual-facility-detail/criteria/state/QLD/year/2024/jurisdiction-facility/Q033NOL001
NOOSA SHIRE COUNCIL,Eumundi Landfill,QLD,Doonan,"561 Eumundi Noosa Road,",4562,2921,Waste Treatment and Disposal Services,Landfill,97969214121,,https://www.noosa.qld.gov.au/,2023/2024,http://www.npi.gov.au/npidata/action/load/individual-facility-detail/criteria/state/QLD/year/2024/jurisdiction-facility/Q058MSC008
NORCO CO-OPERATIVE LIMITED,Norco Milk Labrador,QLD,Labrador,Corner Brisbane Rd and Pine Ridge Road,4215,1131,Milk and Cream Processing,Processing and packaging dairy products (including milk& cream),17009717417,,https://www.norco.com.au,2023/2024,http://www.npi.gov.au/npidata/action/load/individual-facility-detail/criteria/state/QLD/year/2024/jurisdiction-facility/Q026PAU001
NORSKE SKOG PAPER MILLS (AUSTRALIA) LIMITED,Norske Skog Albury Papermill,NSW,Ettamogah,117 RW Henry Drive,2640,1510,"Pulp, Paper and Paperboard Manufacturing",Processing and pulping of radiata pine and recovered fibre/wastepaper. Newsprint production.,84009477132,009477132,http://www.norskeskog.com,2019/2020,http://www.npi.gov.au/npidata/action/load/individual-facility-detail/criteria/state/NSW/year/2020/jurisdiction-facility/101
NORTH EAST REGION WATER CORPORATION,Wangaratta Water Treatment Plant,VIC,Wangaratta , 20  FAITHFUL ST ,3677,2811,Water Supply,Potable water plant,97364605415,,http://www.newater.com.au,2023/2024,http://www.npi.gov.au/npidata/action/load/individual-facility-detail/criteria/state/VIC/year/2024/jurisdiction-facility/00029286
NORTH GOONYELLA COAL MINES LTD,NORTH GOONYELLA COAL MINES LTD,QLD,Nebo,Off Suttor Development Road,4744,0600,Coal Mining,"Underground coalmine, coal prepartion plant and waste disposal (reject from preparation plant)",20010912526,010912526,http://www.ngcoal.com.au/,1999/2000,http://www.npi.gov.au/npidata/action/load/individual-facility-detail/criteria/state/QLD/year/2000/jurisdiction-facility/Q020NGC001
NORTH GOONYELLA COAL MINES PTY LTD,Centurion Coal Mine,QLD,Via Glenden,Suttor Development Rd,4743,0600,Coal Mining,Underground coal mining,20010912526,010912526,http://www.peabodyenergy.com,2023/2024,http://www.npi.gov.au/npidata/action/load/individual-facility-detail/criteria/state/QLD/year/2024/jurisdiction-facility/Q020NGP001
NORTH GOONYELLA COAL PROPERTIES PTY. LTD.,Eaglefield Coal Mine,QLD,Nebo,Off Suttor Development Road,4743,0600,Coal Mining,Open Cut Coal Mining,50010879526,010879526,,2003/2004,http://www.npi.gov.au/npidata/action/load/individual-facility-detail/criteria/state/QLD/year/2004/jurisdiction-facility/Q020NGP002+
NORTHERN ADELAIDE WASTE MANAGEMENT AUTHORITY,NAWMA,SA,Uleybury,SECTION 3302 & 3303  MEDLOW ROAD,5114,2921,Waste Treatment and Disposal Services,Landfill (Balefill) Operations,33781472643,,http://www.nawma.sa.gov.au,2023/2024,http://www.npi.gov.au/npidata/action/load/individual-facility-detail/criteria/state/SA/year/2024/jurisdiction-facility/SA0570
NORTHERN CEMENT LIMITED,Northern Cement Limited-Darwin,NT,Berrimah,Berrimah Road ,0828,2031,Cement and Lime Manufacturing,"Bagging of cement products, grinding of cement clinker, drying of slag.",22009593515,009593515,http://www.adbri.com.au/aboutus.html,2014/2015,http://www.npi.gov.au/npidata/action/load/individual-facility-detail/criteria/state/NT/year/2015/jurisdiction-facility/NT522
NORTHERN CO-OPERATIVE MEAT COMPANY LIMITED,Northern Co-Operative Meat Company Abattoir Casino,NSW,Casino,10615 Summerland Way,2470,1111,Meat Processing,"Meat and animal byproducts processing, including rendering",42060208366,,http://www.ncmc-co.com.au,2023/2024,http://www.npi.gov.au/npidata/action/load/individual-facility-detail/criteria/state/NSW/year/2024/jurisdiction-facility/833
NORTHERN IRON & BRASS FOUNDRY PTY LTD,NIBF,QLD,Wangan,22 Meyer Avenue,4871,2110,Iron Smelting and Steel Manufacturing,Production of Cast Iron water fittings,83078991803,078991803,,2023/2024,http://www.npi.gov.au/npidata/action/load/individual-facility-detail/criteria/state/QLD/year/2024/jurisdiction-facility/Q003NIB001
NORTHERN OIL & GAS AUSTRALIA PTY LTD,Northern Endeavour,NT,Via Darwin,OFFSHORE TIMOR SEA,0800,0700,Oil and Gas Extraction,"The Northern Endeavour is a floating production, storage and offloading (FPSO) facility producing oil from the Laminaria and Corallina fields.
NOTE: The NE FPSO has been shut in / not producing since July 2019.",25607646579,607646579,,2016/2017,http://www.npi.gov.au/npidata/action/load/individual-facility-detail/criteria/state/NT/year/2017/jurisdiction-facility/NT345
NORTHERN SMELTERS PTY LTD,NORTHERN SMELTERS PTY LTD,QLD,Woodridge,178 North Road,4114,2139,Other Basic Non-Ferrous Metal Manufacturing,Tin Alloy Manufacturing,95009832393,009832393,http://www.northernsmelters.com.au,2021/2022,http://www.npi.gov.au/npidata/action/load/individual-facility-detail/criteria/state/QLD/year/2022/jurisdiction-facility/Q068NSM001
NOTE PRINTING AUSTRALIA LIMITED,CRAIGIEBURN,VIC,Craigieburn,1-9 POTTER ST,3064,1611,Printing,"Manufacturing banknotes, passports and other security documents",86082630671,082630671,http://www.noteprinting.com,2023/2024,http://www.npi.gov.au/npidata/action/load/individual-facility-detail/criteria/state/VIC/year/2024/jurisdiction-facility/00006120
NRG GLADSTONE OPERATING SERVICES PTY LTD,Gladstone Power Station,QLD,Gladstone,353 HANSON RD,4680,2611,Fossil Fuel Electricity Generation,Electricity generation using coal or coal derived products,90061519275,061519275,https://www.nrggos.com.au/,2023/2024,http://www.npi.gov.au/npidata/action/load/individual-facility-detail/criteria/state/QLD/year/2024/jurisdiction-facility/Q019NRG001
NT POWER GENERATION PTY LTD,Yimuyn Manjerr (Mount Todd) Power Station,NT,Mount Todd,-,0850,2611,Fossil Fuel Electricity Generation,Gas Turbine - Electrical Power Generator. Nominal Power 35 MW. The unit is connected to the Darwin to Katherine 132 kV trasmission line and supplies electricity to this line plus the Mt Todd Gold Mine.,51061314921,061314921,,2000/2001,http://www.npi.gov.au/npidata/action/load/individual-facility-detail/criteria/state/NT/year/2001/jurisdiction-facility/NT354
NUBRIK P/L,Scoresby Plant,VIC,Scoresby,525 STUD RD,3179,2021,Clay Brick Manufacturing,Clay bricks and paver manufacturing,59004028559,004028559,,2007/2008,http://www.npi.gov.au/npidata/action/load/individual-facility-detail/criteria/state/VIC/year/2008/jurisdiction-facility/00004367
NUBRIK PTY LTD,Austral Bricks,TAS,Longford,CRESSY RD,7301,2021,Clay Brick Manufacturing,"manufacture of clay bricks, blocks & pavers",59004028559,004028559,,2023/2024,http://www.npi.gov.au/npidata/action/load/individual-facility-detail/criteria/state/TAS/year/2024/jurisdiction-facility/TAS+118
NUCRUSH PTY LTD,Oxenford Quarries,QLD,Upper Coomera,Maudsland Road,4210,0911,Gravel and Sand Quarrying,Hard rock quarrying operation,23010119981,010119981,http://www.nucrush.com.au,2023/2024,http://www.npi.gov.au/npidata/action/load/individual-facility-detail/criteria/state/QLD/year/2024/jurisdiction-facility/Q056NUC001
NUGROW IPSWICH PTY LTD,NuGrow Ipswich,QLD,Swanbank,1 Memorial Drive,4306,2921,Waste Treatment and Disposal Services,Compost and soil manufacturing,34124571875,124571875,https://nugrow.com.au/,2023/2024,http://www.npi.gov.au/npidata/action/load/individual-facility-detail/criteria/state/QLD/year/2024/jurisdiction-facility/Q087NUG001
NUPLEX INDUSTRIES (AUST) P/L,Nuplex Resins,VIC,Campbellfield,5-11 REO CR,3061,1821,Synthetic Resin and Synthetic Rubber Manufacturing,Manufacture of acrylic emulsion polymers,25000045572,000045572,,2004/2005,http://www.npi.gov.au/npidata/action/load/individual-facility-detail/criteria/state/VIC/year/2005/jurisdiction-facility/00011125
NYLEX CORP P/L,Nylex Industrial Products,VIC,Sale,35 MCGHEE ST,3850,1911,Polymer Film and Sheet Packaging Material Manufacturing,Production of vinyl film/sheet and self adhesive products,21084725002,084725002,http://www.nylex.com.au,2007/2008,http://www.npi.gov.au/npidata/action/load/individual-facility-detail/criteria/state/VIC/year/2008/jurisdiction-facility/00004616
O-I OPERATIONS (AUSTRALIA) PTY LTD,Visy Glass - Adelaide,SA,West Croydon,617 - 625 PORT RD,5008,2010,Glass and Glass Product Manufacturing,MANUFACTURE OF GLASS CONTAINERS,94004230326,004230326,,2023/2024,http://www.npi.gov.au/npidata/action/load/individual-facility-detail/criteria/state/SA/year/2024/jurisdiction-facility/SA0048
O.E. & D.R. POPE PTY. LTD.,Pope Packaging,SA,Woodville North,Corner Leeds Street and Ninth Avenue,5012,1911,Polymer Film and Sheet Packaging Material Manufacturing,Manufacturing,17007645810,007645810,http://www.popes.com.au,2023/2024,http://www.npi.gov.au/npidata/action/load/individual-facility-detail/criteria/state/SA/year/2024/jurisdiction-facility/SA0619
OAKEY BEEF EXPORTS PTY. LTD,Oakey Beef Exports Pty Ltd,QLD,Oakey,OAKEY CONNECTION ROAD,4401,1111,Meat Processing,Meat Processing,57009677598,009677598,,2023/2024,http://www.npi.gov.au/npidata/action/load/individual-facility-detail/criteria/state/QLD/year/2024/jurisdiction-facility/Q033OAA001
OAKEY POWER HOLDINGS PTY LTD,Oakey Power Station,QLD,Oakey,CNR WARREGO HWY & KEARNEY RD,4401,2611,Fossil Fuel Electricity Generation,Electricity Supply using gas turbines fuelled with natural gas/diesel. Facility includes on site diesel storage.,56075260794,075260794,,2023/2024,http://www.npi.gov.au/npidata/action/load/individual-facility-detail/criteria/state/QLD/year/2024/jurisdiction-facility/Q019OPH001
OAKY CREEK COAL P/L,Oaky Creek,QLD,Tieri,Oaky Creek Mine Access Road,4709,0600,Coal Mining,Coal mining,17010202936,010202936,,2023/2024,http://www.npi.gov.au/npidata/action/load/individual-facility-detail/criteria/state/QLD/year/2024/jurisdiction-facility/Q020OAK001
OCEANIA GLASS PTY LTD,Oceania Glass (Dandenong site),VIC,Dandenong,95 GREENS RD,3175,2010,Glass and Glass Product Manufacturing,The manufacture and processing of float glass,99630152206,630152206,https://www.oceaniaglass.com.au,2023/2024,http://www.npi.gov.au/npidata/action/load/individual-facility-detail/criteria/state/VIC/year/2024/jurisdiction-facility/00004028
OCEANIC COAL AUSTRALIA LIMITED,Macquarie Coal Preparation Plant,NSW,Teralba,End Railway Street,2284,0600,Coal Mining,Coal washery facility with tailings and coarse reject emplacement regions.,39003856782,003856782,,2023/2024,http://www.npi.gov.au/npidata/action/load/individual-facility-detail/criteria/state/NSW/year/2024/jurisdiction-facility/497
OCTAGON P/L,Mobil Depot Katherine,NT,Katherine,LOT 1834 STUART HWY,0850,2611,Fossil Fuel Electricity Generation,Generation of electricity,28009650668,009650668,http://www.powerwater.com.au,2006/2007,http://www.npi.gov.au/npidata/action/load/individual-facility-detail/criteria/state/NT/year/2007/jurisdiction-facility/NT55
OFFSET ALPINE PRINTING PTY LIMITED,Offset Alpine Printing Lidcombe,NSW,Lidcombe,42 Boorea Street,2141,1611,Printing,Printing magazines and catalogues,66003094602,,http://www.pmplimited.com.au/,2016/2017,http://www.npi.gov.au/npidata/action/load/individual-facility-detail/criteria/state/NSW/year/2017/jurisdiction-facility/1027
OIL INVESTMENTS PTY LTD,Surat,QLD,Surat,Yannagan Lane,4417,0700,Oil and Gas Extraction,Oil & gas production and processing,29007603349,007603349,,2013/2014,http://www.npi.gov.au/npidata/action/load/individual-facility-detail/criteria/state/QLD/year/2014/jurisdiction-facility/Q012OCA005
"OILWELLS, INC. OF KENTUCKY",Utopia Oil Field PL 214,QLD,Eromanga,Utopia Oil Field,4480,0700,Oil and Gas Extraction,Oil Production,18062619774,062619774,http://www.bridgeport.net.au,2023/2024,http://www.npi.gov.au/npidata/action/load/individual-facility-detail/criteria/state/QLD/year/2024/jurisdiction-facility/Q012OIL001
OLD (WA) PTY LTD,Old (WA) Pty Ltd,WA,Oldbury,Lot 10 Tunney Rd,6121,0171,Poultry Farming (Meat),Chicken raising for meat production,,140806202,,2021/2022,http://www.npi.gov.au/npidata/action/load/individual-facility-detail/criteria/state/WA/year/2022/jurisdiction-facility/WA0590
ONE STEEL,One Steel - Market Mill (Rod Mill),NSW,Mayfield East,Ingall Street,2304,2110,Iron Smelting and Steel Manufacturing,Steel Processing/Fabrication,42004651325,004651325,,1999/2000,http://www.npi.gov.au/npidata/action/load/individual-facility-detail/criteria/state/NSW/year/2000/jurisdiction-facility/458
ONEFORTYONE WOOD PRODUCTS PTY LTD,OneFortyOne Wood Products – Jubilee Hwy Sawmill,SA,Mount Gambier,JUBILEE HWY EAST,5290,1411,Log Sawmilling,"Wood Preservation Works, Wood processing works",,621555682,http://www.onefortyone.com,2023/2024,http://www.npi.gov.au/npidata/action/load/individual-facility-detail/criteria/state/SA/year/2024/jurisdiction-facility/SA0034
ONESTEEL MANUFACTURING P/L,OneSteel Cogeneration Facility,SA,Whyalla,PORT AUGUSTA RD,5600,2611,Fossil Fuel Electricity Generation,ELECTRICITY PRODUCTION,42004651325,004651325,http://www.onesteel.com,2005/2006,http://www.npi.gov.au/npidata/action/load/individual-facility-detail/criteria/state/SA/year/2006/jurisdiction-facility/SA0311
ONESTEEL MANUFACTURING PTY LIMITED,ARDROSSAN DOLOMITE OPERATIONS,SA,Ardrossan,ROWE TCE,5571,0919,Other Construction Material Mining,"MINING, CRUSHING & SIZING & SHIPPING OF DOLOMITE ORE.",42004651325,004651325,http://www.gfgalliance.com/,2023/2024,http://www.npi.gov.au/npidata/action/load/individual-facility-detail/criteria/state/SA/year/2024/jurisdiction-facility/SA0253
ONESTEEL MBS P/L,OneSteel Martin Bright,VIC,Somerton,CLIFFORDS RD,3062,2221,Structural Steel Fabricating,"Production of semi finished drawn rods, bars, and shapes in a variety of steel grades. Chrome plating.",76096273979,096273979,http://www.onesteel.com,2007/2008,http://www.npi.gov.au/npidata/action/load/individual-facility-detail/criteria/state/VIC/year/2008/jurisdiction-facility/00022816
ONESTEEL NSW PTY LTD,InfraBuild Sydney Steel Mill,NSW,Rooty Hill,22 Kellogg Road,2766,2121,Iron and Steel Casting,Making steel using an electric arc furnace and continuous caster. Manufacturer of structural steel.,59003312892,003312892,https://www.infrabuild.com/,2023/2024,http://www.npi.gov.au/npidata/action/load/individual-facility-detail/criteria/state/NSW/year/2024/jurisdiction-facility/455
ONESTEEL QUEENSLAND P/L,OneSteel - Brisbane Mill,QLD,Acacia Ridge,341 BRADMAN ST,4110,2110,Iron Smelting and Steel Manufacturing,Steel processing/fabrication-Mill closed April 2002,77010558871,010558871,,2001/2002,http://www.npi.gov.au/npidata/action/load/individual-facility-detail/criteria/state/QLD/year/2002/jurisdiction-facility/Q049OST001
ONESTEEL TRADING PTY LIMITED,ATM Precision Tube Kembla Grange,NSW,Kembla Grange,Reddalls Road,2530,2299,Other Fabricated Metal Product Manufacturing n.e.c.,Form galvanised steel sheeting into rectangular sections and cut to requested lengths. Fabricated metal product manufacturing.,50007519646,007519646,http://www.onesteel.com,2008/2009,http://www.npi.gov.au/npidata/action/load/individual-facility-detail/criteria/state/NSW/year/2009/jurisdiction-facility/755
ONSLOW ELECTRIC POWER PTY LTD,ONSLOW POWER STATION,WA,Onslow,ONSLOW RD (ONSLOW SALT SITE),6710,2611,Fossil Fuel Electricity Generation,Energy conversion - natural gas to electricity,73081106176,081106176,,2017/2018,http://www.npi.gov.au/npidata/action/load/individual-facility-detail/criteria/state/WA/year/2018/jurisdiction-facility/WA0676
ONSLOW SALT PTY LTD,Onslow Salt Minesite,WA,Onslow,Onslow Rd,6710,0990,Other Non-Metallic Mineral Mining and Quarrying,Solar Salt Production,26050159558,050159558,www.salt.com.au,2023/2024,http://www.npi.gov.au/npidata/action/load/individual-facility-detail/criteria/state/WA/year/2024/jurisdiction-facility/WA0499
OPAL PACKAGING AUSTRALIA PTY LTD,OPAL FIBRE PACKAGING,SA,Athol Park,83 Glenroy Street,5012,1521,Corrugated Paperboard and Paperboard Container Manufacturing,Corrugated board and cardboard box manufacturing,77636682883,636682883,http://www.opalanz.com,2023/2024,http://www.npi.gov.au/npidata/action/load/individual-facility-detail/criteria/state/SA/year/2024/jurisdiction-facility/SA0455
ORANGE CITY COUNCIL,Icely Road Water Filtration Plant,NSW,Orange,ICELY ROAD,2800,2811,Water Supply,"Water filtration for potable supply, including standard filtation, ozone dosing and biological activated carbon filter",85985402386,,http://www.orangensw.gov.au,2023/2024,http://www.npi.gov.au/npidata/action/load/individual-facility-detail/criteria/state/NSW/year/2024/jurisdiction-facility/1146
ORICA AUSTRALIA PTY LTD,Orica Villawood,NSW,Villawood,Gate 1 2 Christina Road,2163,2922,Waste Remediation and Materials Recovery Services,"Remediation project, treating contaminated soil in a direct thermal desorption unit",99004117828,004117828,http://orica.com/villawood,2015/2016,http://www.npi.gov.au/npidata/action/load/individual-facility-detail/criteria/state/NSW/year/2016/jurisdiction-facility/1429
ORIGIN ENERGY AUST HOLDING & MT STUART BV,Partnership t/a Origin Energy Mt Stuart,QLD,Stuart,Cnr Hunter St & Bruce Hwy,4811,2611,Fossil Fuel Electricity Generation,Electricity generation - peaking plant,36403527946,,http://www.originenergy.com.au,2023/2024,http://www.npi.gov.au/npidata/action/load/individual-facility-detail/criteria/state/QLD/year/2024/jurisdiction-facility/Q019MTS001
ORIGIN ENERGY CSG LIMITED,Moura,QLD,Theodore,Theodore Baralaba Road,4719,0700,Oil and Gas Extraction,Coal Seam Methane Exploration and Production,68001646331,,,2004/2005,http://www.npi.gov.au/npidata/action/load/individual-facility-detail/criteria/state/QLD/year/2005/jurisdiction-facility/Q012OCA006
ORIGIN ENERGY ERARING PTY LIMITED,Eraring Power Station,NSW,Eraring,Rocky Point Road,2264,2611,Fossil Fuel Electricity Generation,Coal fired electricity generation,31357688069,,http://www.originenergy.com.au,2023/2024,http://www.npi.gov.au/npidata/action/load/individual-facility-detail/criteria/state/NSW/year/2024/jurisdiction-facility/226
ORIGIN ENERGY POWER LIMITED,Darling Downs Power Station,QLD,Dalby,121 Grahams Road,4405,2611,Fossil Fuel Electricity Generation,Electricity generation - Combined cycle baseload plant.,93008289398,008289398,http://www.originenergy.com.au,2023/2024,http://www.npi.gov.au/npidata/action/load/individual-facility-detail/criteria/state/QLD/year/2024/jurisdiction-facility/Q019ORE004
ORIGIN ENERGY POWER LTD,Bridgestone Cogeneration Plant,SA,Salisbury,COGENERATION PLANT 3 FROST RD,5108,2611,Fossil Fuel Electricity Generation,Electricity and steam production for use in industrial site,93008289398,008289398,,2000/2001,http://www.npi.gov.au/npidata/action/load/individual-facility-detail/criteria/state/SA/year/2001/jurisdiction-facility/SA0312
ORIGIN ENERGY RESOURCES LIMITED,Jingemia,WA,Dongara,JINGEMIA OIL FACILITY OFF BRAND HWY,6525,0700,Oil and Gas Extraction,Oil production,66007845338,007845338,,2013/2014,http://www.npi.gov.au/npidata/action/load/individual-facility-detail/criteria/state/WA/year/2014/jurisdiction-facility/WA0615
ORIGIN ENERGY RESOURCES LTD,Heytesbury Gas Facility,VIC,Timboon,GAS WORKS RD NORTH PAARATTE,3268,0700,Oil and Gas Extraction,Gas extraction and production,66007845338,007845338,http://www.santos.com.au,2004/2005,http://www.npi.gov.au/npidata/action/load/individual-facility-detail/criteria/state/VIC/year/2005/jurisdiction-facility/00009624
ORIGIN ENERGY RETAIL LTD,Townsville Hospital,QLD,Douglas,ANGUS SMITH DR,4814,2611,Fossil Fuel Electricity Generation,Emergency Power Supply,22078868425,078868425,http://www.originenergy.com.au,2003/2004,http://www.npi.gov.au/npidata/action/load/individual-facility-detail/criteria/state/QLD/year/2004/jurisdiction-facility/Q019ORE003
ORIGIN ENERGY URANQUINTY POWER PTY LTD,Origin Energy Uranquinty Power Pty Ltd,NSW,Uranquinty,Uranquinty Cross Rd,2652,2611,Fossil Fuel Electricity Generation,Electricity generation - peaking plant,26120384938,120384938,http://www.originenergy.com.au,2023/2024,http://www.npi.gov.au/npidata/action/load/individual-facility-detail/criteria/state/NSW/year/2024/jurisdiction-facility/1193
ORION MINING PTY LTD,Blair Athol,QLD,Clermont,BLAIR ATHOL COAL PROJECT VIA,4721,0600,Coal Mining,Coal mining,65136602054,136602054,http://www.terracomresources.com,2023/2024,http://www.npi.gov.au/npidata/action/load/individual-facility-detail/criteria/state/QLD/year/2024/jurisdiction-facility/Q020PAC001
ORORA LIMITED,Orora Fibre Packaging Smithfield,NSW,Smithfield,Cnr. Warren & Percival Roads,2164,1521,Corrugated Paperboard and Paperboard Container Manufacturing,Design manufacture and distribution of fibreboard boxes and packaging.,55004275165,004275165,http://www.orora.com,2013/2014,http://www.npi.gov.au/npidata/action/load/individual-facility-detail/criteria/state/NSW/year/2014/jurisdiction-facility/297
OSBORNE COGENERATION PTY LTD,OSBORNE COGENERATION PLANT,SA,Osborne,HAMILTON AV,5017,2611,Fossil Fuel Electricity Generation,ELECTRICITY PRODUCTION,89072027331,072027331,,2023/2024,http://www.npi.gov.au/npidata/action/load/individual-facility-detail/criteria/state/SA/year/2024/jurisdiction-facility/SA0060
OSZ P/L TRADING AS SJQ MYRTEZA FAMILY TRUST,OSZ P/L TRADING AS SJQ MYRTEZA FAMILY TRUST,QLD,Mareeba,668 Tinaroo Creek Road,4880,0171,Poultry Farming (Meat),Meat Chicken Facility,91897019792,,,2022/2023,http://www.npi.gov.au/npidata/action/load/individual-facility-detail/criteria/state/QLD/year/2023/jurisdiction-facility/Q086ILB087
OVATO PRINT PTY LTD,OVATO PRINT PTY LTD,VIC,Clayton,37-49 BROWNS RD,3168,1611,Printing,Printing - Heatset web offset,76051706499,051706499,http://www.ovato.com.au,2020/2021,http://www.npi.gov.au/npidata/action/load/individual-facility-detail/criteria/state/VIC/year/2021/jurisdiction-facility/00007628
OVERALL FORGE PTY LTD,Overall Forge,NSW,Ettamogah,70 R W Henry Drive ,2640,2210,Iron and Steel Forging,"Forging and machining of steel billets for the mining, petrochemical and aeronautical industries",13000092946,,,2023/2024,http://www.npi.gov.au/npidata/action/load/individual-facility-detail/criteria/state/NSW/year/2024/jurisdiction-facility/1423
OZTEK HOLDINGS PTY LTD,Oztek,VIC,Barnawartha,158 PLEMINGS RD,3688,1111,Meat Processing,Meat fat rendering,83080871343,080871343,,2023/2024,http://www.npi.gov.au/npidata/action/load/individual-facility-detail/criteria/state/VIC/year/2024/jurisdiction-facility/00004318
P & E CRANE INVESTMENTS PTY LTD,Springfield Poultry,QLD,Thornlands,96 Springacre Road,4164,0171,Poultry Farming (Meat),Meat Chicken Facility,99243577669,,,2013/2014,http://www.npi.gov.au/npidata/action/load/individual-facility-detail/criteria/state/QLD/year/2014/jurisdiction-facility/Q086ILB058
P KYME & CO PTY LTD,P Kyme & Co Pty Ltd,WA,Carabooda,LOT 11 KAROBORUP ROAD,6033,0171,Poultry Farming (Meat),Chicken raising for meat production,41008918929,,,2023/2024,http://www.npi.gov.au/npidata/action/load/individual-facility-detail/criteria/state/WA/year/2024/jurisdiction-facility/WA0687
PACCAR AUSTRALIA PTY LTD,Kenworth Trucks,VIC,Bayswater North,20-64 CANTERBURY RD,3153,2311,Motor Vehicle Manufacturing,"Assembly of trucks, minor fabrication of parts",43004669667,004669667,http://www.kenworth.com.au,2023/2024,http://www.npi.gov.au/npidata/action/load/individual-facility-detail/criteria/state/VIC/year/2024/jurisdiction-facility/00004140
PACIFIC ENERGY (PEAKING POWER) PTY LTD,NovaPower Traralgon,VIC,Traralgon East,79 EASTERN RD,3844,2611,Fossil Fuel Electricity Generation,Electricity generation,44119925334,119925334,,2023/2024,http://www.npi.gov.au/npidata/action/load/individual-facility-detail/criteria/state/VIC/year/2024/jurisdiction-facility/00030651
PACIFIC ENERGY PTY LTD,Cue Town Powerstation,WA,Cue,Lot 1 Heydon Place,6640,2611,Fossil Fuel Electricity Generation,Power generation,48081538258,,http://www.pacificenergy.com.au,2023/2024,http://www.npi.gov.au/npidata/action/load/individual-facility-detail/criteria/state/WA/year/2024/jurisdiction-facility/WA0712
PAPER AUSTRALIA PTY LTD,Australian Paper Shoalhaven Mill,NSW,Bomaderry,340 Bolong Road,2541,1521,Corrugated Paperboard and Paperboard Container Manufacturing,Manufacture of speciality and security papers,63061583533,,http://www.australianpaper.com.au,2015/2016,http://www.npi.gov.au/npidata/action/load/individual-facility-detail/criteria/state/NSW/year/2016/jurisdiction-facility/150
PARKSIDE BUILDING SUPPLIES PTY LTD,Builyan Green Mill,QLD,Builyan,45 Mill Road,4680,1411,Log Sawmilling,Sawmilling and timber preservation/treatment,46009802144,009802144,,2012/2013,http://www.npi.gov.au/npidata/action/load/individual-facility-detail/criteria/state/QLD/year/2013/jurisdiction-facility/Q039PBS001
PAUL & CHARMAINE SCALIA,Scalia,QLD,Summerholm,49 Long Gully Road,4341,0171,Poultry Farming (Meat),Meat Chicken Facility,16198452089,,,2006/2007,http://www.npi.gov.au/npidata/action/load/individual-facility-detail/criteria/state/QLD/year/2007/jurisdiction-facility/Q086ILE044
PAVEWAYS PTY LTD,Paverock Quarry,QLD,Childer,1485 Goodwood Road,4660,0919,Other Construction Material Mining,Hard Rock Quarry. Blast and screen on site.,76009925026,009925026,,2023/2024,http://www.npi.gov.au/npidata/action/load/individual-facility-detail/criteria/state/QLD/year/2024/jurisdiction-facility/Q056PAV001
PEABODY ENERGY AUSTRALIA PCI (C&M MANAGEMENT) PTY LTD,Coppabella Coal Mine,QLD,Via Nebo,Peak Downs Highway,4742,0600,Coal Mining,"Black Coal mining, and processing",65077890932,077890932,http://www.peabodyenergy.com.au,2023/2024,http://www.npi.gov.au/npidata/action/load/individual-facility-detail/criteria/state/QLD/year/2024/jurisdiction-facility/Q020APC001
PEACHESTER SAWMILLING CO PTY LTD,Peachester Sawmilling Company Pty Ltd,QLD,Peachester,28 Commissioners Flat Rd,4519,1411,Log Sawmilling,Sawmilling,51009710258,009710258,,2013/2014,http://www.npi.gov.au/npidata/action/load/individual-facility-detail/criteria/state/QLD/year/2014/jurisdiction-facility/Q039PCH001
PELICAN ASSET CO PTY LTD,IWSDublin Eco Hub,SA,Lower Light,Port Wakefield Road,5501,2921,Waste Treatment and Disposal Services,Balefill,,651535401,http://www.iwsgroup.com.au,2023/2024,http://www.npi.gov.au/npidata/action/load/individual-facility-detail/criteria/state/SA/year/2024/jurisdiction-facility/SA0457
PELICAN POINT POWER LIMITED,Pelican Point Power Station,SA,Outer Harbor,Lot 5 Pelican Point Road,5018,2611,Fossil Fuel Electricity Generation,Generation of electrical energy,11086411814,086411814,,2023/2024,http://www.npi.gov.au/npidata/action/load/individual-facility-detail/criteria/state/SA/year/2024/jurisdiction-facility/SA0047
PEMBROKE RESOURCES NOMINEE PTY LTD,Olive Downs Coking Coal Complex,QLD,Valkyrie,Barada Barna Road ,4742,0600,Coal Mining,Coal mining and processing,40169037236,169037236,https://www.pembrokeresources.com.au/,2023/2024,http://www.npi.gov.au/npidata/action/load/individual-facility-detail/criteria/state/QLD/year/2024/jurisdiction-facility/Q020ODC001
PENTAIR WATER SOLUTIONS PTY LIMITED,Pentair Water Solutions Pty Ltd - Yennora,NSW,Yennora,Dursley Road,2161,2121,Iron and Steel Casting,"Manufacturing process involves melting scrap steel in a cupola to produce molten grey iron. Metal is treated to produce ductile iron, which is then centrifugally cast to form seamless pipe. Heat treatment, pipe testing, cement lining and paint coating processes follow to complete the manufacturing process.",75087415745,087415745,http://www.pentair.com/watersolutions,2012/2013,http://www.npi.gov.au/npidata/action/load/individual-facility-detail/criteria/state/NSW/year/2013/jurisdiction-facility/479
PENTARCH LOGISTICS PTY LTD,Pentarch Edrom Chip Mill,NSW,Edrom,Edrom Rd,2551,1499,Other Wood Product Manufacturing n.e.c.,Woodchipping,99075432254,,http://www.pentarchforestry.com.au,2023/2024,http://www.npi.gov.au/npidata/action/load/individual-facility-detail/criteria/state/NSW/year/2024/jurisdiction-facility/1533
PGH BRICKS & PAVERS PTY LIMITED,PGH Bricks & Pavers Bringelly,NSW,Bringelly,"Lot 2, Greendale Road",2556,2021,Clay Brick Manufacturing,Clay brick manufacturing,68168794821,168794821,http://www.pghbricks.com.au,2023/2024,http://www.npi.gov.au/npidata/action/load/individual-facility-detail/criteria/state/NSW/year/2024/jurisdiction-facility/145
PHILLIPS BRICKS & POTTERY PROPRIETARY LIMITED,PHILLIPS BRICKS & POTTERY PROPRIETARY LIMITED,VIC,Bendigo,MCIVOR HWY,3550,2021,Clay Brick Manufacturing,Clay brick manufacturing,28004549213,004549213,http://www.selkirk.com.au,2013/2014,http://www.npi.gov.au/npidata/action/load/individual-facility-detail/criteria/state/VIC/year/2014/jurisdiction-facility/00004066
PHOSPHATE RESOURCES LIMITED,Christmas Island Phosphates,WA,"Lam Lok Loh, Christmas Island",Murray Road,6798,0990,Other Non-Metallic Mineral Mining and Quarrying,"Mining, processing and export of phosphate rock and dust.",77009396543,,http://www.cirp.com,2023/2024,http://www.npi.gov.au/npidata/action/load/individual-facility-detail/criteria/state/WA/year/2024/jurisdiction-facility/WA0733
PILBARA IRON PTY LTD,Yurralyi Maya Power Station,WA,Maitland,7 Mile Dampier Road,6714,2611,Fossil Fuel Electricity Generation,Electricity Generation,75107216535,,http://www.riotinto.com/ironore,2023/2024,http://www.npi.gov.au/npidata/action/load/individual-facility-detail/criteria/state/WA/year/2024/jurisdiction-facility/WA1183
PINEWOOD PRODUCTS PTY LTD,Pinewood Products Pty Ltd,QLD,Oxenford,442 Binstead Way,4210,1413,Timber Resawing and Dressing,CCA treatment,71125426511,125426511,http://www.pinewoodproducts.com.au,2023/2024,http://www.npi.gov.au/npidata/action/load/individual-facility-detail/criteria/state/QLD/year/2024/jurisdiction-facility/Q039PIN001
PIONEER NORTH QUEENSLAND P/L,Edmonton Quarry,QLD,Edmonton,HUSSEY RD,4869,0911,Gravel and Sand Quarrying,Quarrying Drill and blast Crushing and screening,80068203734,068203734,http://www.hanson.com.au,2023/2024,http://www.npi.gov.au/npidata/action/load/individual-facility-detail/criteria/state/QLD/year/2024/jurisdiction-facility/Q056PNQ001
PIPER PRESTON PTY LTD,Lake Way Potash Project,WA,Wiluna,Goldfields Hwy,6646,1831,Fertiliser Manufacturing,Production of Sulphate of Potash from the development of a potassium rich salt lake,,142962409,http://www.so4.com.au/,2023/2024,http://www.npi.gov.au/npidata/action/load/individual-facility-detail/criteria/state/WA/year/2024/jurisdiction-facility/WA1663
PLAISIR PTY LTD,PLAISIR PTY LTD,WA,Pinjar,LOT 1973 PERRY ROAD,6065,0171,Poultry Farming (Meat),CHICKEN RAISING FOR MEAT PRODUCTION,83339337251,008957006,,2007/2008,http://www.npi.gov.au/npidata/action/load/individual-facility-detail/criteria/state/WA/year/2008/jurisdiction-facility/WA0584
PLANTATION TREATED TIMBER PTY LTD,Plantation Treated Timber Pty Ltd,SA,Kalangadoo,NORTH EAST TCE,5278,1499,Other Wood Product Manufacturing n.e.c.,"CCA, Creosote and LOSP treatment of rounds",40165639798,165639798,,2023/2024,http://www.npi.gov.au/npidata/action/load/individual-facility-detail/criteria/state/SA/year/2024/jurisdiction-facility/SA0032
PM & V MOLO,PM & V MOLO,SA,Linwood,588 Wychunga Road,5410,0171,Poultry Farming (Meat),Broiler Production,98689490895,,,2023/2024,http://www.npi.gov.au/npidata/action/load/individual-facility-detail/criteria/state/SA/year/2024/jurisdiction-facility/SA0584
PMP PRINT P/L,PMP PRINT,SA,Netley,262 Marion Road,5037,1611,Printing,PRINTING,76051706499,051706499,http://www.pmplimited.com.au,2005/2006,http://www.npi.gov.au/npidata/action/load/individual-facility-detail/criteria/state/SA/year/2006/jurisdiction-facility/SA0113
PMP PRINT PTY LTD,PMP Print,QLD,Wacol,24 INDUSTRIAL AV,4076,1611,Printing,Commercial Heatset Printers,76051706499,051706499,http://PMPLimited.com.au,2016/2017,http://www.npi.gov.au/npidata/action/load/individual-facility-detail/criteria/state/QLD/year/2017/jurisdiction-facility/Q008PMP001
PNG ENTERPRISES P/L,PNG ENTERPRISES P/L,QLD,Logan Village,1457 Waterford - Tamborine Road,4207,0171,Poultry Farming (Meat),Meat Chicken Facility,80104473967,104473967,,2010/2011,http://www.npi.gov.au/npidata/action/load/individual-facility-detail/criteria/state/QLD/year/2011/jurisdiction-facility/Q086ILB033
PORT KEMBLA MILLING PTY LIMITED,Port Kembla Milling,NSW,Port Kembla,Christy Drive,2505,2031,Cement and Lime Manufacturing,Cement manufacturing (except adhesive or refractory),95155129383,155129383,http://www.cemaust.com.au/,2023/2024,http://www.npi.gov.au/npidata/action/load/individual-facility-detail/criteria/state/NSW/year/2024/jurisdiction-facility/1428
PORTLAND PINE PRODUCTS PROPRIETARY LIMITED,Portland Pine,VIC,Heywood,MOUNT GAMBIER RD,3304,1411,Log Sawmilling,Timber Mill,90004485992,004485992,http://www.akd.com.au/,2023/2024,http://www.npi.gov.au/npidata/action/load/individual-facility-detail/criteria/state/VIC/year/2024/jurisdiction-facility/00030664
POTTERS INDUSTRIES PTY LTD,POTTERS INDUSTRIES PTY LTD,VIC,Dandenong South,9 RHUR ST,3175,2010,Glass and Glass Product Manufacturing,Sodium silicate glass manufacture,38000096293,000096293,http://www.pottersindustries.com,2023/2024,http://www.npi.gov.au/npidata/action/load/individual-facility-detail/criteria/state/VIC/year/2024/jurisdiction-facility/00004084
POWER & WATER CORP,ALPURRURULAM POWER STATION,NT,Alpurrurulam,Lot 44,4825,2611,Fossil Fuel Electricity Generation,Generation of electricity,15947352360,,http://www.powerwater.com.au,2023/2024,http://www.npi.gov.au/npidata/action/load/individual-facility-detail/criteria/state/NT/year/2024/jurisdiction-facility/NT514
POWER AND WATER CORPORATION,Peppimenarti Power station,NT,Peppimenarti Community,Lot 72,0822,2611,Fossil Fuel Electricity Generation,Electricity generation,15947352360,,http://www.powerwater.com.au,2006/2007,http://www.npi.gov.au/npidata/action/load/individual-facility-detail/criteria/state/NT/year/2007/jurisdiction-facility/NT464
POWER RENTAL OP CO AUSTRALIA LLC,TGN - Edinburgh,SA,Elizabeth South,Kettering Road,5112,2611,Fossil Fuel Electricity Generation,Power Generation,85457881818,,https://www.aprenergy.com,2018/2019,http://www.npi.gov.au/npidata/action/load/individual-facility-detail/criteria/state/SA/year/2019/jurisdiction-facility/SA0722
PR & RM ACTON T/AS ACTON DEVELOPMENTS,Rachana Lodge,SA,Echunga,530 Battunga Road,5153,0171,Poultry Farming (Meat),Broiler Chicken Farm,82181849551,,,2011/2012,http://www.npi.gov.au/npidata/action/load/individual-facility-detail/criteria/state/SA/year/2012/jurisdiction-facility/SA0534
PREMIER COAL LIMITED,Yancoal - Premier,WA,Collie,Premier Rd,6225,0600,Coal Mining,Coal mining,21008672599,008672599,,2023/2024,http://www.npi.gov.au/npidata/action/load/individual-facility-detail/criteria/state/WA/year/2024/jurisdiction-facility/WA0184
PRO PAC GROUP PTY LIMITED,Perfection Packaging,VIC,Dandenong South,19-25 NATHAN RD,3175,1611,Printing,"Printing, laminating and converting of flexible packaging materials.",50095393776,095393776,http://www.perfectionpackaging.com.au,2023/2024,http://www.npi.gov.au/npidata/action/load/individual-facility-detail/criteria/state/VIC/year/2024/jurisdiction-facility/00004197
PRO-PAC GROUP PTY LIMITED,Pro Pac Group Regency Park,SA,Regency Park,579 SOUTH RD,5010,1911,Polymer Film and Sheet Packaging Material Manufacturing,MANUFACTURER OF PLASTIC PACKAGING,50095393776,095393776,http://www.ppgaust.com.au,2023/2024,http://www.npi.gov.au/npidata/action/load/individual-facility-detail/criteria/state/SA/year/2024/jurisdiction-facility/SA0284
PRO-PAC PACKAGING LIMITED,Supreme Packaging,VIC,Clayton,522-534 CLAYTON RD,3168,1611,Printing,Flexographic printing,36112971874,112971874,http://swim.com.au/supreme/,2020/2021,http://www.npi.gov.au/npidata/action/load/individual-facility-detail/criteria/state/VIC/year/2021/jurisdiction-facility/00004193
PROBIOTEC PHARMA PTY LIMITED,PROBIOTEC PHARMA PTY LIMITED,VIC,Laverton North,73-83 CHERRY LA,3026,1841,Human Pharmaceutical and Medicinal Product Manufacturing,Manufacturing and packaging of liquid and solid dose pharmaceutical and health care preparation.,78076755354,076755354,https://probiotecpharma.com.au/,2023/2024,http://www.npi.gov.au/npidata/action/load/individual-facility-detail/criteria/state/VIC/year/2024/jurisdiction-facility/00004705
PROTEN CUSTODIAN PTY LTD,Adare,QLD,Adare,"Lot 4, 128 Tallaringa Drive",4343,0171,Poultry Farming (Meat),Broiler chicken growing,,639065866,https://www.proten.com.au,2023/2024,http://www.npi.gov.au/npidata/action/load/individual-facility-detail/criteria/state/QLD/year/2024/jurisdiction-facility/Q086PCA001
PROTEN HANWOOD AND LETHBRIDGE PTY LTD,Farm L1,VIC,Lethbridge,FARM L1 355 TALL TREE RD,3332,0171,Poultry Farming (Meat),Contract broiler chicken growing,,636020249,http://www.ruralfunds.com.au,2023/2024,http://www.npi.gov.au/npidata/action/load/individual-facility-detail/criteria/state/VIC/year/2024/jurisdiction-facility/00029181
PROTEN HOLDINGS PTY LTD,Farm 60,NSW,Bowditch Rd,1311,2680,0171,Poultry Farming (Meat),Broiler Chicken Growing,,100327357,http://www.proten.com.au,2023/2024,http://www.npi.gov.au/npidata/action/load/individual-facility-detail/criteria/state/NSW/year/2024/jurisdiction-facility/1567
PROTEN INVESTMENT TRUST,Henderson Farm 80,WA,Serpentine,Lot 701 Henderson Rd,6125,0171,Poultry Farming (Meat),Broiler Chicken Growing,82526039988,,https://www.proten.com.au,2023/2024,http://www.npi.gov.au/npidata/action/load/individual-facility-detail/criteria/state/WA/year/2024/jurisdiction-facility/WA1671
PROTEN SOUTH AUSTRALIA PTY LTD,Mankama - PS Farm 9,SA,Paisley,"Farm 1, 8 Notts Well Road",5357,0171,Poultry Farming (Meat),Broiler Chicken Growing,,625942065,https://www.proten.com.au,2023/2024,http://www.npi.gov.au/npidata/action/load/individual-facility-detail/criteria/state/SA/year/2024/jurisdiction-facility/SA0770
PROTEN TAMWORTH PTY LTD,Bective 1 Poultry Facility,NSW,Tamworth,Bective Lane,2340,0171,Poultry Farming (Meat),Broiler Chicken Growing,12109715513,109715513,http://www.proten.com.au,2023/2024,http://www.npi.gov.au/npidata/action/load/individual-facility-detail/criteria/state/NSW/year/2024/jurisdiction-facility/861
PROTEN VICTORIA PTY LTD,Koorang,VIC,Ripplebrook,203 LEWIS RD,3818,0171,Poultry Farming (Meat),Broiler Chicken Growing,18422893254,642438319,,2023/2024,http://www.npi.gov.au/npidata/action/load/individual-facility-detail/criteria/state/VIC/year/2024/jurisdiction-facility/00030898
PROTEN VICTORIA TRUST,Catani Farm,VIC,Catani,200 MCCRAWS RD,3981,0171,Poultry Farming (Meat),Chicken Broiler,18422893254,,http://www.proten.com.au,2023/2024,http://www.npi.gov.au/npidata/action/load/individual-facility-detail/criteria/state/VIC/year/2024/jurisdiction-facility/00030817
PROTEN WESTERN AUSTRALIA PTY LTD,"Kiri Park 1,2,3,4",WA,Orange Springs,Hunter Rd,6503,0171,Poultry Farming (Meat),Broiler Chicken Growing,,642505217,https://www.proten.com.au/,2023/2024,http://www.npi.gov.au/npidata/action/load/individual-facility-detail/criteria/state/WA/year/2024/jurisdiction-facility/WA1717
PTTEP AUSTRALASIA (ASHMORE CARTIER) PTY LTD,Challis Field,NT,Darwin,OFFSHORE FACILITY CHALLIS FIELD; TIMOR SEA VIA,0800,0700,Oil and Gas Extraction,Oil Production,27004210164,004210164,http://www.au.pttep.com,2011/2012,http://www.npi.gov.au/npidata/action/load/individual-facility-detail/criteria/state/NT/year/2012/jurisdiction-facility/NT428
Q C BRICKS PTY LTD,Q C Bricks,QLD,Bundaberg,81-83 ENTERPRISE ST,4670,2021,Clay Brick Manufacturing,"Manufacture of clay bricks, blocks and pavers.",41091895724,091895724,http://www.qcbricks.com.au,2008/2009,http://www.npi.gov.au/npidata/action/load/individual-facility-detail/criteria/state/QLD/year/2009/jurisdiction-facility/Q001QCB001
QCLNG OPERATING COMPANY PTY LTD,Curtis Island LNG Plant,QLD,Curtis Island,Pioneer Rd,4680,0700,Oil and Gas Extraction,Gas Production and Processing,19138872385,138872385,http://www.qgc.com.au,2023/2024,http://www.npi.gov.au/npidata/action/load/individual-facility-detail/criteria/state/QLD/year/2024/jurisdiction-facility/Q012QGC015
QENOS P/L,Qenos Resins,VIC,Altona,611 KOROROIT CREEK RD,3018,1821,Synthetic Resin and Synthetic Rubber Manufacturing,Polyethylene and polypropylene production,62054196771,054196771,http://www.qenos.com.au,2002/2003,http://www.npi.gov.au/npidata/action/load/individual-facility-detail/criteria/state/VIC/year/2003/jurisdiction-facility/00004089
QENOS PTY LTD,QENOS PTY LTD,VIC,Altona,CNR MAIDSTONE ST & KOROROIT CREEK RD,3018,1821,Synthetic Resin and Synthetic Rubber Manufacturing,Production of polyethylene. Steam cracking of ethane and LPG.,62054196771,054196771,http://www.qenos.com,2023/2024,http://www.npi.gov.au/npidata/action/load/individual-facility-detail/criteria/state/VIC/year/2024/jurisdiction-facility/00004342
QER PTY LTD,Stuart Project,QLD,Gladstone,375 Landing Road,4694,0700,Oil and Gas Extraction,"Care and maintenance predominantly. Minimal shale mining, retorting using the Technology Demonstration Plant.",48072908966,072908966,,2014/2015,http://www.npi.gov.au/npidata/action/load/individual-facility-detail/criteria/state/QLD/year/2015/jurisdiction-facility/Q020SEM001
QGC PTY LIMITED,ATP806,QLD,Via Dingo,Namoi Road ,4702,0700,Oil and Gas Extraction,Oil and Gas Extraction and Gas Supply,11089642553,089642553,,2014/2015,http://www.npi.gov.au/npidata/action/load/individual-facility-detail/criteria/state/QLD/year/2015/jurisdiction-facility/Q012QGC011
QLD RURAL INVESTMENTS PTY LTD ATF THE QRI TRUST,Rock Gully Chickens,QLD,Coominya,351 Rocky Gully Road,4311,0171,Poultry Farming (Meat),,48383812784,,,2023/2024,http://www.npi.gov.au/npidata/action/load/individual-facility-detail/criteria/state/QLD/year/2024/jurisdiction-facility/Q086GUL001
QPM ENERGY (MGP UPSTREAM) PTY LTD,Moranbah Operations,QLD,Moranbah,via Lot 9 Thorpe Street,4744,0700,Oil and Gas Extraction,Oil and Gas Extraction,79665473905,665473905,,2023/2024,http://www.npi.gov.au/npidata/action/load/individual-facility-detail/criteria/state/QLD/year/2024/jurisdiction-facility/Q012CHO001
QUALITY CASTINGS PTY LTD,QUALITY CASTINGS PTY LTD,VIC,Coburg,184-204 NEWLANDS RD,3058,2121,Iron and Steel Casting,Ferrous foundry,13000045518,000045518,http://www.qualitycastings.com.au,2013/2014,http://www.npi.gov.au/npidata/action/load/individual-facility-detail/criteria/state/VIC/year/2014/jurisdiction-facility/00004840
QUANTUM TECHNICAL SERVICES PTY LTD,SILTECH PTY LTD,VIC,Keon Park,6 DUNSTANS CT,3073,2921,Waste Treatment and Disposal Services,Photographic chemical processing and silver refining,23004284315,004284315,http://www.siltech.com.au,2012/2013,http://www.npi.gov.au/npidata/action/load/individual-facility-detail/criteria/state/VIC/year/2013/jurisdiction-facility/00004280
QUARRIES OF QUEENSLAND PTY LTD,Skyville Quarry,QLD,Moranbah,7905  Peak Downs High,4744,0911,Gravel and Sand Quarrying,Crushing & screening of gravel to make various quarry products.,39161880002,161880002,http://www.quarriesofqld.com,2023/2024,http://www.npi.gov.au/npidata/action/load/individual-facility-detail/criteria/state/QLD/year/2024/jurisdiction-facility/Q056QUQ001
QUARRY PRODUCTS (NEWCASTLE) PTY LTD,Allandale Quarry,NSW,Allandale,1026 Lovedale Road,2320,0990,Other Non-Metallic Mineral Mining and Quarrying,Blue metal quarry,63001657718,001657718,http://www.qpn.com.au,2023/2024,http://www.npi.gov.au/npidata/action/load/individual-facility-detail/criteria/state/NSW/year/2024/jurisdiction-facility/1353
QUARRY PRODUCTS PTY LTD,Harlaxton,QLD,Harlaxton,Munro Street,4350,0911,Gravel and Sand Quarrying,"Quarrying, Crushing and Screening contractors",70009875227,009875227,,2023/2024,http://www.npi.gov.au/npidata/action/load/individual-facility-detail/criteria/state/QLD/year/2024/jurisdiction-facility/Q056QUA001
QUARRY SOLUTIONS PTY LTD,Coraki Quarry,NSW,Coraki,18 Petersons Quarry Rd,2471,0990,Other Non-Metallic Mineral Mining and Quarrying,"Extractive Industry, Quarrying",13133700848,,,2023/2024,http://www.npi.gov.au/npidata/action/load/individual-facility-detail/criteria/state/NSW/year/2024/jurisdiction-facility/1468
QUEENSCO-UNITY DAIRYFOODS CO-OP ASS LTD,Dairy Farmers - Toowoomba,QLD,Toowoomba,57 BROOK ST,4350,1131,Milk and Cream Processing,Dairy Product Manufacturing,16056658176,056658176,http://www.dairyfarmers.com.au,2004/2005,http://www.npi.gov.au/npidata/action/load/individual-facility-detail/criteria/state/QLD/year/2005/jurisdiction-facility/Q026ACF001
QUEENSLAND ALUMINA LTD,QAL,QLD,Gladstone,ADMINISTRATION BUILDING PARSONS POINT,4680,2131,Alumina Production,Bauxite refining,98009725044,009725044,https://qal.com.au/,2023/2024,http://www.npi.gov.au/npidata/action/load/individual-facility-detail/criteria/state/QLD/year/2024/jurisdiction-facility/Q016QAL001
QUEENSLAND BULK WATER SUPPLY AUTHORITY TRADING AS SEQWATER,Caboolture Water Treatment Plant,QLD,Caboolture,King Street,4510,2811,Water Supply,Raw water treatment,75450239876,,http://www.seqwater.com.au,2009/2010,http://www.npi.gov.au/npidata/action/load/individual-facility-detail/criteria/state/QLD/year/2010/jurisdiction-facility/Q046SEQ001
QUEENSLAND CEMENT LTD,Mt Etna Mine,QLD,The Caves,BRUCE HWY MT ETNA VIA,4702,2031,Cement and Lime Manufacturing,Limestone mining and crushing,70009658520,009658520,http://www.cemaust.com.au,2003/2004,http://www.npi.gov.au/npidata/action/load/individual-facility-detail/criteria/state/QLD/year/2004/jurisdiction-facility/Q050QCL004
QUEENSLAND CORRECTIVE SERVICES,Darling Downs Correctional Centre,QLD,Westbrook,Althaus Road,4352,0160,Dairy Cattle Farming,Dairy Cattle Feedlot,19823962345,,,2010/2011,http://www.npi.gov.au/npidata/action/load/individual-facility-detail/criteria/state/QLD/year/2011/jurisdiction-facility/Q063QCS001
QUEENSLAND ENERGY RESOURCES (MANAGEMENT) PTY LIMITED,Stuart Oil Shale Project Stage One,QLD,Gladstone,375  Landing Road,4694,0700,Oil and Gas Extraction,Oil Shale Processing,48072908966,072908966,,2004/2005,http://www.npi.gov.au/npidata/action/load/individual-facility-detail/criteria/state/QLD/year/2005/jurisdiction-facility/Q012SEM001
QUEENSLAND ENERGY RESOURCES LIMITED,McFarlane,QLD,Lethebrook,10641 Bruce Highway,4800,0700,Oil and Gas Extraction,Shale Oil Mine (box-cut) rehabilitation,88107882057,107882057,http://www.qer.com.au,2011/2012,http://www.npi.gov.au/npidata/action/load/individual-facility-detail/criteria/state/QLD/year/2012/jurisdiction-facility/Q020QER001
QUEENSLAND GAS COMPANY LIMITED,Berwyndale South Compressor Station,QLD,Condamine,Kogan Condamine Road,4416,0700,Oil and Gas Extraction,Extraction and delivery of coal seam gas to Windibri processing plant,11089642553,089642553,http://www.qgc.com.au,2008/2009,http://www.npi.gov.au/npidata/action/load/individual-facility-detail/criteria/state/QLD/year/2009/jurisdiction-facility/Q012QGC001
QUEENSLAND MAGNESIA P/L,Kunwarara Magnesite Mine,QLD,Marlborough,BRUCE HWY KUNWARARA VIA,4705,0990,Other Non-Metallic Mineral Mining and Quarrying,Mining and beneficiation of magnesite.,43010823588,010823588,http://www.qmag.com.au,2023/2024,http://www.npi.gov.au/npidata/action/load/individual-facility-detail/criteria/state/QLD/year/2024/jurisdiction-facility/Q020QMG001
QUEENSLAND NICKEL SALES PTY LTD,Yabulu Refinery,QLD,Yabulu,1 GREENVALE ST,4818,2139,Other Basic Non-Ferrous Metal Manufacturing,"Processing of ore through roasting, ammonia leach and solvent extraction processes to produce high grade nickel and cobalt products.",15009872566,009872566,http://www.qni.com.au,2023/2024,http://www.npi.gov.au/npidata/action/load/individual-facility-detail/criteria/state/QLD/year/2024/jurisdiction-facility/Q024QNI001
QUEENSLAND RECYCLING PTY LTD,Alex Fraser Group Archerfield Recycling,QLD,Archerfield,50 Beaufighter Ave,4108,2922,Waste Remediation and Materials Recovery Services,,33070222847,070222847,http://www.alexfraser.com.au,2023/2024,http://www.npi.gov.au/npidata/action/load/individual-facility-detail/criteria/state/QLD/year/2024/jurisdiction-facility/Q015AFG002
QUEENSLAND SAWMILLS PTY LTD,QUEENSLAND SAWMILLS PTY LTD,QLD,Via Mundubbera,Allies Creek,4626,1411,Log Sawmilling,"Sawmilling, wood machining, kiln drying, timber treatment",17009667645,009667645,http://www.queenslandsawmills.com.au,2007/2008,http://www.npi.gov.au/npidata/action/load/individual-facility-detail/criteria/state/QLD/year/2008/jurisdiction-facility/Q039QSM001
QUEENSLAND TISSUE PRODUCTS PTY LTD,Queensland Tissue Products Pty Ltd,QLD,Carole Park,45-57 Antimony Street,4300,1510,"Pulp, Paper and Paperboard Manufacturing",Use of virgin pulp to produce a range of tissue products. Processing and packaging tissue products.,87100661685,100661685,http://www.qtp.com.au/,2023/2024,http://www.npi.gov.au/npidata/action/load/individual-facility-detail/criteria/state/QLD/year/2024/jurisdiction-facility/Q007SOF001
"QUINLAN, JOHN A","QUINLAN, JOHN A",QLD,Park Ridge,94 Park Ridge Road,4125,0171,Poultry Farming (Meat),Meat Chicken Facility,68984986300,,,2013/2014,http://www.npi.gov.au/npidata/action/load/individual-facility-detail/criteria/state/QLD/year/2014/jurisdiction-facility/Q086ILB004
RACCOONS PTY LTD,RACCOONS PTY LTD - PORCUPINE FARM,SA,Korunye,1112 Mallala Road,5502,0171,Poultry Farming (Meat),Poultry- Contract Farming,73050021157,050021157,,2023/2024,http://www.npi.gov.au/npidata/action/load/individual-facility-detail/criteria/state/SA/year/2024/jurisdiction-facility/SA0595
RAIL CORPORATION NEW SOUTH WALES,Sydney Trains Bombo Quarry,NSW,Bombo,Panama Street,2533,0990,Other Non-Metallic Mineral Mining and Quarrying,"Hard rock extraction by means of drill and blast, haulage to the crushing, grinding and screening plant and distribution",59325778353,,http://www.transport.nsw.gov.au/sydneytrains,2023/2024,http://www.npi.gov.au/npidata/action/load/individual-facility-detail/criteria/state/NSW/year/2024/jurisdiction-facility/1077
RANSBERG PTY LTD,WA Bluemetal Whitby Quarry,WA,Whitby,Lot 901 South Western Highway,6123,0919,Other Construction Material Mining,Construction Material Mining,32094536764,,http://www.walimestone.com/index.php,2023/2024,http://www.npi.gov.au/npidata/action/load/individual-facility-detail/criteria/state/WA/year/2024/jurisdiction-facility/WA1343
RATCH AUSTRALIA COLLINSVILLE PTY LTD,Collinsville Power Station,QLD,Collinsville,POWERHOUSE RD,4804,2611,Fossil Fuel Electricity Generation,Fossil fuel combustion for power generation,84058436847,058436847,http://www.ratchaustralia.com,2012/2013,http://www.npi.gov.au/npidata/action/load/individual-facility-detail/criteria/state/QLD/year/2013/jurisdiction-facility/Q019CPS001
RATCH-AUSTRALIA KEMERTON PTY LTD,Kemerton Power Station,WA,Wellesley,Lot 505 Treasure Rd,6233,2611,Fossil Fuel Electricity Generation,Power generation,69106619112,106619112,http://www.ratchaustralia.com,2023/2024,http://www.npi.gov.au/npidata/action/load/individual-facility-detail/criteria/state/WA/year/2024/jurisdiction-facility/WA1284
RATCH-AUSTRALIA TOWNSVILLE PTY LIMITED,Townsville Power Station,QLD,Yabulu,Lot 1 Greenvale Street,4818,2611,Fossil Fuel Electricity Generation,Power generation,65075001991,075001991,http://ratchaustralia.com/,2023/2024,http://www.npi.gov.au/npidata/action/load/individual-facility-detail/criteria/state/QLD/year/2024/jurisdiction-facility/Q019TRT001
RCR TOMLINSON LTD,Holden's Boiler House,VIC,Port Melbourne,241 SALMON ST,3207,2611,Fossil Fuel Electricity Generation,Generation of high temperature hot water,81008898486,008898486,http://www.rcrtom.com.au,2007/2008,http://www.npi.gov.au/npidata/action/load/individual-facility-detail/criteria/state/VIC/year/2008/jurisdiction-facility/00024804
READYMIX HOLDINGS PTY LIMITED,Riverview Quarry,SA,Highbury,Torrens Road,5089,0911,Gravel and Sand Quarrying,Extractive industries - quarrying,87099732297,099732297,,2003/2004,http://www.npi.gov.au/npidata/action/load/individual-facility-detail/criteria/state/SA/year/2004/jurisdiction-facility/SA0446
RECLAIM INDUSTRIES LTD,Reclaim Industries Ltd,WA,Bibra Lake,67 Miguel Road,6163,1920,Natural Rubber Product Manufacturing,"Tyre recycling, processing and colouring of rubber",47090671819,090671819,http://www.reclaim.com.au,2009/2010,http://www.npi.gov.au/npidata/action/load/individual-facility-detail/criteria/state/WA/year/2010/jurisdiction-facility/WA1098
RECYCLING INDUSTRIES PTY LTD,CLARINDA RECYCLING,VIC,Clarinda,275 KINGSTON RD,3169,2922,Waste Remediation and Materials Recovery Services,Construction and demolition recycling,18067043994,067043994,http://www.alexfraser.com.au,2023/2024,http://www.npi.gov.au/npidata/action/load/individual-facility-detail/criteria/state/VIC/year/2024/jurisdiction-facility/00030735
RED MOUNTAIN INFRASTRUCTURE PTY LTD,Red Mountain Infrastructure Joint Venture,QLD,16km Sw Of Coppabella,Peak Downs Hwy,4741,0600,Coal Mining,Other Mining Support Services,89115080003,115080003,,2017/2018,http://www.npi.gov.au/npidata/action/load/individual-facility-detail/criteria/state/QLD/year/2018/jurisdiction-facility/Q020RED001
REDBANK PROJECT PTY LIMITED,Redbank Power (Receivers & Managers Appointed),NSW,Warkworth,112 Long Point Road - West,2330,2611,Fossil Fuel Electricity Generation,Electricity generation from black coal,34075222561,,,2014/2015,http://www.npi.gov.au/npidata/action/load/individual-facility-detail/criteria/state/NSW/year/2015/jurisdiction-facility/474
REDLAND CITY COUNCIL,Birkdale Waste Transfer Station,QLD,Birkdale,555-607 Old Cleveland Road East,4159,2921,Waste Treatment and Disposal Services,"Municipal Waste Transfer Station, closed landfill.",86058929428,,http://www.redland.qld.gov.au,2021/2022,http://www.npi.gov.au/npidata/action/load/individual-facility-detail/criteria/state/QLD/year/2022/jurisdiction-facility/Q058RED001
REDMOND PTY LTD,Redmond Pty Ltd,WA,Serpentine,Lot 5 Punrack Rd,6125,0171,Poultry Farming (Meat),Chicken raising for meat production,33067541780,067541780,,2023/2024,http://www.npi.gov.au/npidata/action/load/individual-facility-detail/criteria/state/WA/year/2024/jurisdiction-facility/WA0640
REELPRINT PTY LTD,Rowville,VIC,Rowville,6 MOSRAEL PL,3178,1611,Printing,Gravure and flexographic printing,60105935064,105935064,,2023/2024,http://www.npi.gov.au/npidata/action/load/individual-facility-detail/criteria/state/VIC/year/2024/jurisdiction-facility/00029449
REGAL CREAM PRODUCTS PTY LTD,Forest St,VIC,Colac,91–149 FOREST ST,3250,1131,Milk and Cream Processing,Dairy product manufacturing,11005144481,005144481,http://www.bulla.com.au,2023/2024,http://www.npi.gov.au/npidata/action/load/individual-facility-detail/criteria/state/VIC/year/2024/jurisdiction-facility/00030641
REGIONAL POWER CORPORATION,Broome Power Station,WA,Broome,LOT 1049 MCDANIEL ST,6725,2611,Fossil Fuel Electricity Generation,Power generation and distribution,57955011697,,,2007/2008,http://www.npi.gov.au/npidata/action/load/individual-facility-detail/criteria/state/WA/year/2008/jurisdiction-facility/WA0042
REID BROS TIMBER PTY LTD,REID BROS TIMBER PTY LTD,VIC,Yarra Junction,30-42  LITTLE YARRA RD,3797,1411,Log Sawmilling,Saw milling and kiln drying of timber,72118338211,118338211,,2023/2024,http://www.npi.gov.au/npidata/action/load/individual-facility-detail/criteria/state/VIC/year/2024/jurisdiction-facility/00029278
REMINGTON RURAL,REMINGTON RURAL,QLD,Chandler,100 Sunnydene Road,4155,0171,Poultry Farming (Meat),Meat Chicken Facility,36393731067,,,2014/2015,http://www.npi.gov.au/npidata/action/load/individual-facility-detail/criteria/state/QLD/year/2015/jurisdiction-facility/Q086ILB042
REMONDIS AUSTRALIA PTY LTD,Seven Hills Resource Recovery Centre,NSW,Seven Hills,Powers Road,2147,2921,Waste Treatment and Disposal Services,"Waste storage, transfer, separating or processing. Hazardous, Industrial or Group A Waste Generation or Storage",95002429781,002429781,http://www.remondis-australia.com.au,2023/2024,http://www.npi.gov.au/npidata/action/load/individual-facility-detail/criteria/state/NSW/year/2024/jurisdiction-facility/731
RESOURCE PACIFIC LIMITED,Ravensworth Underground Mine,NSW,Ravensworth,Old State Mine Road Off New England Highway,2330,0600,Coal Mining,Underground coal mining,65106177708,,,2011/2012,http://www.npi.gov.au/npidata/action/load/individual-facility-detail/criteria/state/NSW/year/2012/jurisdiction-facility/590
REX EDMONDSON NOMINEES PTY LTD & THE TRUSTEE FOR THE REX EDMONDSON TRUST,Jorkelbra,WA,Gingin,Lot 3694 Airfield Rd,6503,0171,Poultry Farming (Meat),Chicken raising for meat production,32559751312,,,2023/2024,http://www.npi.gov.au/npidata/action/load/individual-facility-detail/criteria/state/WA/year/2024/jurisdiction-facility/WA0600
RICHDALE PLASTICS PTY LTD,Mentone,VIC,Mentone,75-81 VOLTRI ST,3194,1911,Polymer Film and Sheet Packaging Material Manufacturing,Manufacture of plastic film (PE films and laminates),27606002564,606002564,http://www.richdaleplastics.com.au,2023/2024,http://www.npi.gov.au/npidata/action/load/individual-facility-detail/criteria/state/VIC/year/2024/jurisdiction-facility/00030669
RIVERINA FRESH PTY LTD,Riverina Fresh Wagga Wagga,NSW,Wagga Wagga,20 HAMMOND AVENUE,2650,1131,Milk and Cream Processing,Production of dairy products,45614298314,,http://www.riverinafresh.com.au/,2023/2024,http://www.npi.gov.au/npidata/action/load/individual-facility-detail/criteria/state/NSW/year/2024/jurisdiction-facility/1354
RIVERINA WOOL COMBING PTY LTD,Riverina Wool Combing Plant,NSW,Wagga Wagga,Byrnes Road,2650,1311,Wool Scouring,Early stage wool processing - wool scouring.,66001799935,001799935,,2008/2009,http://www.npi.gov.au/npidata/action/load/individual-facility-detail/criteria/state/NSW/year/2009/jurisdiction-facility/708
RIVERLAND WATER P/L,Barmera Water Treatment Plant,SA,Cobdogla,SHUEARD RD,5346,2811,Water Supply,Water Treatment,38073995963,073995963,http://www.TRILITY.com.au,2010/2011,http://www.npi.gov.au/npidata/action/load/individual-facility-detail/criteria/state/SA/year/2011/jurisdiction-facility/SA0233
RIVERLAND WATER PTY LIMITED,Murray Bridge Water Treatment Plant,SA,Murray Bridge,KUCHEL RD,5253,2811,Water Supply,Water Treatment,38073995963,073995963,http://www.TRILITY.com.au,2013/2014,http://www.npi.gov.au/npidata/action/load/individual-facility-detail/criteria/state/SA/year/2014/jurisdiction-facility/SA0228
RIX'S CREEK PTY LIMITED,Rix's Creek Mine,NSW,Singleton,Rix's Creek Lane,2330,0600,Coal Mining,Open cut coal mine including processing for the export market.,25003824244,003824244,http://www.bloomcoll.com.au/,2023/2024,http://www.npi.gov.au/npidata/action/load/individual-facility-detail/criteria/state/NSW/year/2024/jurisdiction-facility/356
RLS ENTERPRISES (AUST) PTY LTD,RLS Investment Trust,SA,Strathalbyn,329 Bletchley Road,5255,0171,Poultry Farming (Meat),Chicken Growers,60107698957,107698957,,2023/2024,http://www.npi.gov.au/npidata/action/load/individual-facility-detail/criteria/state/SA/year/2024/jurisdiction-facility/SA0580
ROBERT J AND JOANNE NICHOLS,Nichols Poultry,TAS,Sassafras,380 Chapel Road,7307,0171,Poultry Farming (Meat),Poultry Raising and Mixed Farming,67416295699,,http://www.nicholspoultry.com.au,2012/2013,http://www.npi.gov.au/npidata/action/load/individual-facility-detail/criteria/state/TAS/year/2013/jurisdiction-facility/TAS+470
ROBERTSON BROTHERS SAWMILLS PTY LTD,ROBERTSON BROTHERS SAWMILLS PTY LTD,QLD,Gympie,30 OLD WOLVI RD,4570,1411,Log Sawmilling,Sawmilling,80010242083,010242083,,2008/2009,http://www.npi.gov.au/npidata/action/load/individual-facility-detail/criteria/state/QLD/year/2009/jurisdiction-facility/Q039RBS001
ROC OIL (VIC) PTY LIMITED,CRYSTAL OCEAN FPSO,VIC,Orbost,OFFSHORE EASTERN BASS STRAIT,3888,0700,Oil and Gas Extraction,Hydrocarbon processing for stabilised crude on the Floating Production Storage Off-take (FPSO) vessel moored in Basker-Manta-Gummy fields in Eastern Bass Strait.,46107406771,107406771,http://www.rocoil.com.au,2010/2011,http://www.npi.gov.au/npidata/action/load/individual-facility-detail/criteria/state/VIC/year/2011/jurisdiction-facility/00029066
ROCKHAMPTON REGIONAL COUNCIL,Bawden Street Landfill (Closed),QLD,North Rockhampton,BAWDEN ST,4701,2921,Waste Treatment and Disposal Services,Closed Municipal Landfill Facility,59923523766,,http://www.rockhamptonregion.qld.gov.au,2011/2012,http://www.npi.gov.au/npidata/action/load/individual-facility-detail/criteria/state/QLD/year/2012/jurisdiction-facility/Q058ROC005
ROCKY CREEK POULTRY PTY LTD,ROCKY CREEK POULTRY PTY LTD,QLD,Tolga,6735 Kennedy Hwy,4882,0171,Poultry Farming (Meat),Broiler Farm,60771283272,,,2010/2011,http://www.npi.gov.au/npidata/action/load/individual-facility-detail/criteria/state/QLD/year/2011/jurisdiction-facility/Q086ROC001
ROCLA PTY LIMITED,ROCLA PTY LIMITED,VIC,Campbellfield,BOLINDA RD,3061,2034,Concrete Product Manufacturing,Manufacture of concrete products,31000032191,000032191,http://www.rocla.com.au,2020/2021,http://www.npi.gov.au/npidata/action/load/individual-facility-detail/criteria/state/VIC/year/2021/jurisdiction-facility/00004861
ROLLESTON COAL HOLDINGS PTY LTD,Glencore Coal Rolleston Open Cut Mine,QLD,Rolleston,DAWSON HWY,4702,0600,Coal Mining,Coal Mining,69098156702,098156702,http://glencore.com.au,2023/2024,http://www.npi.gov.au/npidata/action/load/individual-facility-detail/criteria/state/QLD/year/2024/jurisdiction-facility/Q020MIM003
ROLLSPACK PTY LTD,Woodlands Drive,VIC,Braeside,157-161 WOODLANDS DR,3195,1611,Printing,Manufacture of flexible packaging,46073330444,073330444,http://www.rollspack.com.au,2023/2024,http://www.npi.gov.au/npidata/action/load/individual-facility-detail/criteria/state/VIC/year/2024/jurisdiction-facility/00006640
ROSS BROWN NOMINEES PTY LTD,Windsor Broilers Unit Trust,SA,Windsor,355 Pritchard Road,5501,0171,Poultry Farming (Meat),"growing chickens, contract broiler grower",32007790052,007790052,,2011/2012,http://www.npi.gov.au/npidata/action/load/individual-facility-detail/criteria/state/SA/year/2012/jurisdiction-facility/SA0590
RPG (SA) PTY LTD,RPG (SA) PTY LTD,SA,Kilburn,320 Churchill Road,5084,2299,Other Fabricated Metal Product Manufacturing n.e.c.,Production of wind generation towers,53122181122,122181122,,2010/2011,http://www.npi.gov.au/npidata/action/load/individual-facility-detail/criteria/state/SA/year/2011/jurisdiction-facility/SA0466
RTA YARWUN PTY LTD,RTA Yarwun Pty Ltd,QLD,Gladstone,975 Hanson Road,4680,2131,Alumina Production,Alumina refining,73137266301,137266301,http://www.riotinto.com,2023/2024,http://www.npi.gov.au/npidata/action/load/individual-facility-detail/criteria/state/QLD/year/2024/jurisdiction-facility/Q016COM001
RUHL BARRY ALLAN & LEA ELIZABETH,RUHL'S SAWMILL,QLD,Rosedale,72 WILLS RD,4674,1411,Log Sawmilling,Sawmilling,86710172085,,,2005/2006,http://www.npi.gov.au/npidata/action/load/individual-facility-detail/criteria/state/QLD/year/2006/jurisdiction-facility/Q039RUH001
RW & RG BARRETT,Sundane,QLD,Redland Bay,60 Giles Road,4165,0171,Poultry Farming (Meat),Meat Chicken Facility,75387171808,,,2015/2016,http://www.npi.gov.au/npidata/action/load/individual-facility-detail/criteria/state/QLD/year/2016/jurisdiction-facility/Q086ILB011
S. ALLCOCK,S. ALLCOCK,QLD,Logan Village,42 Quinzeh Creek Road,4207,0171,Poultry Farming (Meat),Meat Chicken Facility,22334670216,,,2007/2008,http://www.npi.gov.au/npidata/action/load/individual-facility-detail/criteria/state/QLD/year/2008/jurisdiction-facility/Q086ILB040
S.M. PEGLER,S.M. PEGLER,QLD,Thornlands,62 Springacre Road,4164,0171,Poultry Farming (Meat),Meat Chicken Facility,31240530053,,,2013/2014,http://www.npi.gov.au/npidata/action/load/individual-facility-detail/criteria/state/QLD/year/2014/jurisdiction-facility/Q086ILB007
SA PINE PTY LTD,SA PINE,SA,Monarto South,3680 OLD PRINCES HWY,5254,1499,Other Wood Product Manufacturing n.e.c.,"SAWMILLING, KILN DRYING, TIMBER MOULDING AND TREATING",48160064880,160064880,,2023/2024,http://www.npi.gov.au/npidata/action/load/individual-facility-detail/criteria/state/SA/year/2024/jurisdiction-facility/SA0161
SA SAWMILLING PTY LTD,SA Sawmilling Pty Ltd,SA,Wingfield,2 Francis Road,5013,1413,Timber Resawing and Dressing,Timber Processing and Chemical Treatment,30077544462,077544462,http://www.saspine.com.au,2010/2011,http://www.npi.gov.au/npidata/action/load/individual-facility-detail/criteria/state/SA/year/2011/jurisdiction-facility/SA0432
SANOFI-AVENTIS HEALTHCARE PTY LTD,Sanofi Consumer Healthcare,QLD,Virginia,87 Yarraman Place,4014,1841,Human Pharmaceutical and Medicinal Product Manufacturing,"Warehousing, manufacture and packaging of complementary medicines (ie, vitamins and health supplements – tablets and capsule forms)",43076651959,076651959,http://www.sanofi.com.au,2023/2024,http://www.npi.gov.au/npidata/action/load/individual-facility-detail/criteria/state/QLD/year/2024/jurisdiction-facility/Q004SAN001
SANTOS (BOL) PTY LTD,Silver Spring,QLD,Silver Spring,Lot 3 on Plan EG 243,4492,0700,Oil and Gas Extraction,"Oil and Gas exploration, water separation and gas/liquids separation.",35000670575,000670575,http://www.santos.com.au,1999/2000,http://www.npi.gov.au/npidata/action/load/individual-facility-detail/criteria/state/QLD/year/2000/jurisdiction-facility/Q012SAN011
SANTOS LIMITED,"""Ballera""",QLD,Quilpie,LOT 1 ON PLAN CP835114 BALLERA VIA,4480,0700,Oil and Gas Extraction,Uploading Reports,80007550923,007550923,http://www.npi.gov.au,2023/2024,http://www.npi.gov.au/npidata/action/load/individual-facility-detail/criteria/state/QLD/year/2024/jurisdiction-facility/Q012SAN001
SANTOS LTD,"""Alton""",QLD,St George,SANTOS FACILITY ALTON VIA,4487,0700,Oil and Gas Extraction,Oil exploration and production,80007550923,007550923,http://santos.com,2009/2010,http://www.npi.gov.au/npidata/action/load/individual-facility-detail/criteria/state/QLD/year/2010/jurisdiction-facility/Q012SAN016
SAPUTO DAIRY AUSTRALIA PTY LTD,SAPUTO DAIRY AUSTRALIA - COBRAM SITE,VIC,Cobram,BROADWAY ST,3644,1131,Milk and Cream Processing,Food processing plant. Dairy,52166135486,166135486,http://www.mgc.com.au,2023/2024,http://www.npi.gov.au/npidata/action/load/individual-facility-detail/criteria/state/VIC/year/2024/jurisdiction-facility/00004033
"SAUNDERS, STEPHEN CHARLES & KAREN",SC and K Saunders,TAS,Highcroft,399 STORMLEA RD,7183,0171,Poultry Farming (Meat),Intensive livestock-Poultry Raising,56408754135,,,2011/2012,http://www.npi.gov.au/npidata/action/load/individual-facility-detail/criteria/state/TAS/year/2012/jurisdiction-facility/TAS+399
SC & CF TEITZEL,SC & CF TEITZEL,QLD,Park Ridge,180 Park Ridge Road,4125,0171,Poultry Farming (Meat),Meat Chicken Facility,81965591188,,,2013/2014,http://www.npi.gov.au/npidata/action/load/individual-facility-detail/criteria/state/QLD/year/2014/jurisdiction-facility/Q086ILB032
SCHUR STAR SYSTEMS AUSTRALIA PTY LTD,Thomastown,VIC,Thomastown,65 NORTHGATE DR,3074,1911,Polymer Film and Sheet Packaging Material Manufacturing,Manufacture of polymer film and sheet packaging,90615554437,615554437,https://www.schur.com,2023/2024,http://www.npi.gov.au/npidata/action/load/individual-facility-detail/criteria/state/VIC/year/2024/jurisdiction-facility/00030723
SDI LIMITED,SDI LIMITED,VIC,Bayswater,3-15 BRUNSDON ST,3153,1841,Human Pharmaceutical and Medicinal Product Manufacturing,Manufacturing of medical devices - dental restoratives,27008075581,008075581,http://www.sdi.com.au,2023/2024,http://www.npi.gov.au/npidata/action/load/individual-facility-detail/criteria/state/VIC/year/2024/jurisdiction-facility/00004262
SEALED AIR AUSTRALIA PTY LIMITED,Fawkner,VIC,Fawkner,1126 SYDNEY RD,3060,1911,Polymer Film and Sheet Packaging Material Manufacturing,Manufacturing and printing of flexible plastic packaging material.,65004207532,004207532,http://www.Sealedair.com.au,2023/2024,http://www.npi.gov.au/npidata/action/load/individual-facility-detail/criteria/state/VIC/year/2024/jurisdiction-facility/00004040
SELKIRK PTY LTD,Selkirk Pty Ltd,VIC,Ballarat,630 HOWITT ST,3350,2021,Clay Brick Manufacturing,Clay brick manufacturing,,608443410,http://www.selkirk.com.au,2023/2024,http://www.npi.gov.au/npidata/action/load/individual-facility-detail/criteria/state/VIC/year/2024/jurisdiction-facility/00004340
SENEX ASSETS PTY LTD,Atlas Gas Field,QLD,Wandoan,Sundown Road,4419,0700,Oil and Gas Extraction,,48160649338,160649338,http://www.senexenergy.com.au,2023/2024,http://www.npi.gov.au/npidata/action/load/individual-facility-detail/criteria/state/QLD/year/2024/jurisdiction-facility/Q012SPC001
SENEX ENERGY LIMITED,Acrasia Oil Field,SA,Cooper Basin Via Moomba,Title Ref CL1625/52,5731,0700,Oil and Gas Extraction,Petroleum Production,50008942827,008942827,https://www.beachenergy.com.au/,2018/2019,http://www.npi.gov.au/npidata/action/load/individual-facility-detail/criteria/state/SA/year/2019/jurisdiction-facility/SA0640
SEPT PTY LTD,Bulchina Mine Power House,WA,Sandstone,12 KM SOUTH ON PAYNES FIND RD,6639,2611,Fossil Fuel Electricity Generation,Power Generation,94008895672,008895672,,2004/2005,http://www.npi.gov.au/npidata/action/load/individual-facility-detail/criteria/state/WA/year/2005/jurisdiction-facility/WA0270
SEVEN POINT PORK PTY LTD,Seven Point Pork,SA,Port Wakefield,111 Pareora Rd,5550,1111,Meat Processing,Abattoir,31088688975,088688975,,2023/2024,http://www.npi.gov.au/npidata/action/load/individual-facility-detail/criteria/state/SA/year/2024/jurisdiction-facility/SA0665
SFB FARMS PTY LTD,SFB Farm,SA,Ward Belt,64 Nottle Road,5118,0171,Poultry Farming (Meat),Broiler Chicken Farm,27620575797,620575797,,2023/2024,http://www.npi.gov.au/npidata/action/load/individual-facility-detail/criteria/state/SA/year/2024/jurisdiction-facility/SA0592
SHARK BAY RESOURCES PTY LTD,Shark Bay Resources,WA,Shark Bay,Useless Loop,6537,0990,Other Non-Metallic Mineral Mining and Quarrying,Solar salt production,88079088636,079088636,,2023/2024,http://www.npi.gov.au/npidata/action/load/individual-facility-detail/criteria/state/WA/year/2024/jurisdiction-facility/WA0394
SHELL AUSTRALIA FLNG PTY LTD,Prelude FLNG,WA,Broome,460 KM NNE Broome,6725,0700,Oil and Gas Extraction,Oil and gas,32008551068,008551068,https://www.shell.com.au/,2023/2024,http://www.npi.gov.au/npidata/action/load/individual-facility-detail/criteria/state/WA/year/2024/jurisdiction-facility/WA1530
SHELLDEN PTY LTD,Singleton Beef Processing Facility,NSW,Whittingham,Old North Road Cnr New England and Golden Highways,2330,1111,Meat Processing,Meat processing,,058567052,https://www.ecthrosby.com.au/,2023/2024,http://www.npi.gov.au/npidata/action/load/individual-facility-detail/criteria/state/NSW/year/2024/jurisdiction-facility/830
SHELTON TIMBER TREATMENT CO PTY LTD,SHELTON TIMBER TREATMENT CO PTY LTD,VIC,Colac,45 DRAPERS RD,3250,1413,Timber Resawing and Dressing,Treating softwood with chemical preservative(s),55004390185,004390185,,2023/2024,http://www.npi.gov.au/npidata/action/load/individual-facility-detail/criteria/state/VIC/year/2024/jurisdiction-facility/00021345
SHINAGAWA REFRACTORIES AUSTRALASIA PTY LTD,SHINAGAWA REFRACTORIES AUSTRALASIA PTY LTD,WA,Naval Base,1 BEARD STREET,6165,2029,Other Ceramic Product Manufacturing,"DRYING, CRUSHING + BLENDING (MIXING) TO PRODUCE PACKAGED PRE-MIXED REFRACTORY PRODUCTS (CONCRETES)",81082371891,082371891,,2017/2018,http://www.npi.gov.au/npidata/action/load/individual-facility-detail/criteria/state/WA/year/2018/jurisdiction-facility/WA0680
SHINAGAWA THERMAL CERAMICS PTY LTD,Shinagawa Thermal Ceramics Port Kembla,NSW,Port Kembla,No. 1 Open Hearth Building Five Islands Road,2505,2029,Other Ceramic Product Manufacturing,"Manufacture of refactory products including cast shapes (mixingcasting and drying), taphole clay (mixing and extruding) and dry specialty products (mixing and packaging).",81082371891,,,2001/2002,http://www.npi.gov.au/npidata/action/load/individual-facility-detail/criteria/state/NSW/year/2002/jurisdiction-facility/666
SHIRE OF AUGUSTA-MARGARET RIVER,Davis Road Recycling & Waste Management Facility,WA,Forest Grove,Lot 5011 Davis Road,6286,2921,Waste Treatment and Disposal Services,Recycling & Landfill Operations,13643296019,,http://www.amrshire.wa.gov.au,2023/2024,http://www.npi.gov.au/npidata/action/load/individual-facility-detail/criteria/state/WA/year/2024/jurisdiction-facility/WA1297
SHIRE OF BRIDGETOWN GREENBUSHES,Bridgetown Waste Management Site,WA,Bridgetown,Bridgetown to Boyup Road,6255,2921,Waste Treatment and Disposal Services,Landfill,33987205639,,http://www.bridgetown.wa.gov.au,2023/2024,http://www.npi.gov.au/npidata/action/load/individual-facility-detail/criteria/state/WA/year/2024/jurisdiction-facility/WA1310
SHIRE OF BROOME,Shire of Broome Landfill Facility,WA,Waterbank,Lot 228 Buckleys Rd,6725,2921,Waste Treatment and Disposal Services,Landfill,94526654007,,https://www.broome.wa.gov.au,2023/2024,http://www.npi.gov.au/npidata/action/load/individual-facility-detail/criteria/state/WA/year/2024/jurisdiction-facility/WA1299
SHIRE OF CHITTERING,Muchea Landfill and Recycling Centre,WA,Lower Chittering,Lot 16 Wandena Road,6084,2921,Waste Treatment and Disposal Services,"Land fill disposal, municipal waste.",48445751800,,http://www.chittering.wa.gov.au,2023/2024,http://www.npi.gov.au/npidata/action/load/individual-facility-detail/criteria/state/WA/year/2024/jurisdiction-facility/WA1289
SHIRE OF COLLIE,Collie Waste Facility Site,WA,Collie,Gibbs Road,6225,2921,Waste Treatment and Disposal Services,Waste transfer site,80581297683,,http://www.collie.wa.gov.au,2023/2024,http://www.npi.gov.au/npidata/action/load/individual-facility-detail/criteria/state/WA/year/2024/jurisdiction-facility/WA1292
SHIRE OF DARDANUP,Banksia Road Waste Disposal Facility,WA,Dardanup,Banksia Road,6236,2921,Waste Treatment and Disposal Services,"MUNICIPAL SOLID WASTE DISPOSAL FACILITY (CLASS II) - closed in 2006/2007 waste now going to private facility at Lot 2 Banksia Road, Dardanup run by South West Waste Landfill.",57305829653,,,2005/2006,http://www.npi.gov.au/npidata/action/load/individual-facility-detail/criteria/state/WA/year/2006/jurisdiction-facility/WA0511
SHIRE OF DERBY/WEST KIMBERLEY,Derby Waste Management Facility,WA,Derby,Steel Street,6728,2921,Waste Treatment and Disposal Services,Landfill,99934203062,,http://www.sdwk.wa.gov.au/,2020/2021,http://www.npi.gov.au/npidata/action/load/individual-facility-detail/criteria/state/WA/year/2021/jurisdiction-facility/WA1307
SHIRE OF DONNYBROOK-BALINGUP,Donnybrook Waste Management Facility,WA,Paynedale,State Forrest 27 Goodwood Road,6239,2921,Waste Treatment and Disposal Services,Putrescible Landfill Site,88470935824,,http://www.donnybrook-balingup.wa.gov.au,2021/2022,http://www.npi.gov.au/npidata/action/load/individual-facility-detail/criteria/state/WA/year/2022/jurisdiction-facility/WA1291
SHIRE OF EAST PILBARA,"Windell Refuse Site, Newman",WA,Newman,Reserve 44274 Kalgan Drive,6753,2921,Waste Treatment and Disposal Services,Municipal Solid Waste Landfill,47854334350,,,2023/2024,http://www.npi.gov.au/npidata/action/load/individual-facility-detail/criteria/state/WA/year/2024/jurisdiction-facility/WA0310
SHIRE OF ESPERANCE,Wylie Bay Waste Management Facility,WA,Bandy Creek,Lot 5 Wylie Bay Rd,6450,2921,Waste Treatment and Disposal Services,Materials Recovery Centre and Landfill,60034434085,,http://www.esperance.wa.gov.au,2023/2024,http://www.npi.gov.au/npidata/action/load/individual-facility-detail/criteria/state/WA/year/2024/jurisdiction-facility/WA1301
SHIRE OF HARVEY,Richardson Road Landfill Site,WA,Harvey,Richardson Road,6220,2921,Waste Treatment and Disposal Services,Class 2 Landfill,97518812885,,,2021/2022,http://www.npi.gov.au/npidata/action/load/individual-facility-detail/criteria/state/WA/year/2022/jurisdiction-facility/WA1304
SHIRE OF MANJIMUP,Manjimup Recycling and Refuse Centre,WA,Manjimup,62 Ralston Road,6258,2921,Waste Treatment and Disposal Services,Landfill,36453349691,,,2023/2024,http://www.npi.gov.au/npidata/action/load/individual-facility-detail/criteria/state/WA/year/2024/jurisdiction-facility/WA1306
SHIRE OF MERREDIN,Chandler Rd Landfill Site,WA,Merredin,"Lot 500, Chandler Road",6415,2921,Waste Treatment and Disposal Services,Landfill Site,87065676484,,http://www.merredin.wa.gov.au,2023/2024,http://www.npi.gov.au/npidata/action/load/individual-facility-detail/criteria/state/WA/year/2024/jurisdiction-facility/WA1295
SHIRE OF NARROGIN,Narrogin Waste Management Facility,WA,Narrogin,"Reserve 8410, White Road",6312,2921,Waste Treatment and Disposal Services,Landfill Site,46564581944,,http://www.narrogin.wa.gov.au,2023/2024,http://www.npi.gov.au/npidata/action/load/individual-facility-detail/criteria/state/WA/year/2024/jurisdiction-facility/WA1288
SHIRE OF NORTHAM,Old Quarry Road Landfill Facility,WA,Northam,Reserve No. 26840 Old Quarry Road,6401,2921,Waste Treatment and Disposal Services,Landfill and Waste Management Facility,42826617380,,http://www.northam.wa.gov.au,2023/2024,http://www.npi.gov.au/npidata/action/load/individual-facility-detail/criteria/state/WA/year/2024/jurisdiction-facility/WA1298
SHIRE OF PLANTAGENET,Mount Barker Waste Management Facility,WA,Mount Barker,"Reserve 23969, O'Neill Road",6324,2921,Waste Treatment and Disposal Services,Municipal Landfill Site,29084782574,,http://www.plantagenet.wa.gov.au,2023/2024,http://www.npi.gov.au/npidata/action/load/individual-facility-detail/criteria/state/WA/year/2024/jurisdiction-facility/WA1309
SHIRE OF WYNDHAM-EAST KIMBERLEY,Kununurra Waste Disposal Site,WA,Kununurra,Lot 2464 Victoria Highway,6743,2921,Waste Treatment and Disposal Services,Waste Disposal Site,35647145756,,http://www.swek.wa.gov.au,2023/2024,http://www.npi.gov.au/npidata/action/load/individual-facility-detail/criteria/state/WA/year/2024/jurisdiction-facility/WA1296
SHOALHAVEN CITY COUNCIL,Bamarang Water Treatment Plant,NSW,Bamarang,Yalwal Road,2540,2811,Water Supply,Water treatment.,59855182344,,http://www.shoalwater.nsw.gov.au,2023/2024,http://www.npi.gov.au/npidata/action/load/individual-facility-detail/criteria/state/NSW/year/2024/jurisdiction-facility/46
SHOALHAVEN COAL PTY LTD,Cullen Valley Mine,NSW,Cullen Bullen,Portland Road,2795,0600,Coal Mining,Coal mining,91070863893,,http://www.cetresources.com,2022/2023,http://www.npi.gov.au/npidata/action/load/individual-facility-detail/criteria/state/NSW/year/2023/jurisdiction-facility/1300
SHOWERAMA PRODUCTS PTY LTD,Showerama Pty Ltd,QLD,Narangba,600 Old Gympie,4504,2511,Wooden Furniture and Upholstered Seat Manufacturing,Bathroom Product Manufacturing,40009799848,009799848,http://www.showerama.com.au,2015/2016,http://www.npi.gov.au/npidata/action/load/individual-facility-detail/criteria/state/QLD/year/2016/jurisdiction-facility/Q030SHO001
SIBELCO AUSTRALIA LIMITED,Beechworth Quarry,VIC,Beechworth,FLAT ROCK RD,3747,0990,Other Non-Metallic Mineral Mining and Quarrying,Mining of granite and processing of feldspar and other tailings products,20000971844,000971844,http://www.sibelco.com.au,2014/2015,http://www.npi.gov.au/npidata/action/load/individual-facility-detail/criteria/state/VIC/year/2015/jurisdiction-facility/00029415
SIBELCO LIME (VICTORIA) PTY LTD,Lilydale Lime Manufacturing Plant,VIC,Lilydale,CAVE HILL RD,3140,2031,Cement and Lime Manufacturing,Quarrying limestone and producing crushed limestone products. Calcining limestone to produce quicklime. Hydrating quicklime to produce hydrated lime.,78055274569,055274569,http://www.sibelco.com.au,2015/2016,http://www.npi.gov.au/npidata/action/load/individual-facility-detail/criteria/state/VIC/year/2016/jurisdiction-facility/00004005
SIG COMBIBLOC AUSTRALIA PTY LTD,Beverage Packaging,VIC,Broadmeadows,1-7 RIGGALL ST,3047,1611,Printing,"Manufacture of fresh and long shelf-life cartons. Main processes include printing, coating and laminating, cutting, creasing and flame sealing.",47095321592,095321592,,2020/2021,http://www.npi.gov.au/npidata/action/load/individual-facility-detail/criteria/state/VIC/year/2021/jurisdiction-facility/00004064
SIGMA PHARMACEUTICALS P/L,SIGMA PHARMACEUTICALS P/L,VIC,Clayton,1408 CENTRE RD,3168,1841,Human Pharmaceutical and Medicinal Product Manufacturing,"Manufacture, filling, and packaging of liquid and cream pharmaceuticals, both sterile and non-sterile grade.",88004118594,004118594,,2006/2007,http://www.npi.gov.au/npidata/action/load/individual-facility-detail/criteria/state/VIC/year/2007/jurisdiction-facility/00024801
SIMCOA OPERATIONS PTY LTD,Simcoa Operations Pty Ltd,WA,Wellesley,Lot 22 Marriott Rd,6233,2139,Other Basic Non-Ferrous Metal Manufacturing,Silicon production,42009064653,009064653,http://www.simcoa.com.au,2023/2024,http://www.npi.gov.au/npidata/action/load/individual-facility-detail/criteria/state/WA/year/2024/jurisdiction-facility/WA0358
SIMON PTY LTD,MORGAN H SIMON & COMPANY,QLD,Chinchilla,AUBURN RD,4413,1411,Log Sawmilling,Sawmilling,36009667725,009667725,,2006/2007,http://www.npi.gov.au/npidata/action/load/individual-facility-detail/criteria/state/QLD/year/2007/jurisdiction-facility/Q039SMN001
SIMPLOT AUSTRALIA (PROPERTIES) PTY LIMITED,Top Cut Foods - Gilbertson Laverton,VIC,Laverton,20 GILBERTSON RD,3028,1111,Meat Processing,Meat processing,68070579485,070579485,http://www.simplot.com.au,2015/2016,http://www.npi.gov.au/npidata/action/load/individual-facility-detail/criteria/state/VIC/year/2016/jurisdiction-facility/00030633
SINGH SAMRA PTY LTD,Park Ridge Logan City Council,QLD,Park Ridge,77 Park Ridge Road,4125,0171,Poultry Farming (Meat),Meat Chicken Facility,58077869473,,,2009/2010,http://www.npi.gov.au/npidata/action/load/individual-facility-detail/criteria/state/QLD/year/2010/jurisdiction-facility/Q086ILB045
SINGH'S ENTERPRISES PTY LTD,Farm 1,QLD,Beaudesert,Markwell Creek Road,4285,0171,Poultry Farming (Meat),Meat Chicken Facility,40010768948,,,2017/2018,http://www.npi.gov.au/npidata/action/load/individual-facility-detail/criteria/state/QLD/year/2018/jurisdiction-facility/Q086ILB031
SINGLETON SHIRE COUNCIL,Singleton Council Waste Management Facility,NSW,Singleton,53 Dyrring Road ,2330,2911,Solid Waste Collection Services,Landfill,52877492396,,http://www.singleton.nsw.gov.au/,2023/2024,http://www.npi.gov.au/npidata/action/load/individual-facility-detail/criteria/state/NSW/year/2024/jurisdiction-facility/1513
SIVAD PTY LTD,Toorbull Farm,QLD,Toorbul,1147 Pumicetone Road,4510,0171,Poultry Farming (Meat),Meat Chicken Facility,44146933083,,,2016/2017,http://www.npi.gov.au/npidata/action/load/individual-facility-detail/criteria/state/QLD/year/2017/jurisdiction-facility/Q086ILB022
SLACKS HARDWOOD MILLING PTY LTD,Slack's Hardwood,QLD,Gayndah,26 Guyatts Road,4625,1411,Log Sawmilling,Sawmilling,73151619117,151619117,,2016/2017,http://www.npi.gov.au/npidata/action/load/individual-facility-detail/criteria/state/QLD/year/2017/jurisdiction-facility/Q039SAW002
SMITHFIELD POWER GENERATION PTY LTDON PTY LTD,Smithfield Power Generation,NSW,Smithfield,33 Herbert Place,2164,2611,Fossil Fuel Electricity Generation,Electricity generation using mineral gas including coal gas,45616835682,616835682,http://www.iberdrola.com.au,2023/2024,http://www.npi.gov.au/npidata/action/load/individual-facility-detail/criteria/state/NSW/year/2024/jurisdiction-facility/905
SNOWY HYDRO LIMITED,HEZ Power Station,NSW,Abermain,105 BROMAGE RD,2326,2611,Fossil Fuel Electricity Generation,Power generation,17090574431,090574431,https://www.snowyhydro.com.au,2023/2024,http://www.npi.gov.au/npidata/action/load/individual-facility-detail/criteria/state/NSW/year/2024/jurisdiction-facility/1190
SOJITZ GREGORY MINING PTY LTD,Gregory Crinium Mine,QLD,Emerald,GREGORY MINE LILYVALE RD,4720,0600,Coal Mining,Coal mining,31630511125,630511125,,2023/2024,http://www.npi.gov.au/npidata/action/load/individual-facility-detail/criteria/state/QLD/year/2024/jurisdiction-facility/Q020BHP005
SOJITZ MDS MINING PTY LTD,Meteor Downs South Mine,QLD,Meteor Downs,Dawson highway,4702,0600,Coal Mining,Coal mining,94610971027,610971027,,2023/2024,http://www.npi.gov.au/npidata/action/load/individual-facility-detail/criteria/state/QLD/year/2024/jurisdiction-facility/Q020MEO001
SOJITZ MINERVA MINING PTY LTD,Minerva Mine,QLD,Springsure,593 Wurba Road,4722,0600,Coal Mining,Coal mining,35108510309,108510309,,2021/2022,http://www.npi.gov.au/npidata/action/load/individual-facility-detail/criteria/state/QLD/year/2022/jurisdiction-facility/Q020MIN001
SORBENT PAPER COMPANY PTY LTD,SORBENT PAPER COMPANY PTY LTD,VIC,Box Hill,19 AILSA ST,3128,1510,"Pulp, Paper and Paperboard Manufacturing",Manufacture of paper tissue products,62004191324,004191324,http://www.sorbent.com,2023/2024,http://www.npi.gov.au/npidata/action/load/individual-facility-detail/criteria/state/VIC/year/2024/jurisdiction-facility/00004010
SOUTH AUSTRALIAN WATER CORP,HINDMARSH VALLEY CHLORINATION STATION,SA,Hindmarsh Valley,RESERVOIR RD,5211,2811,Water Supply,Water Chlorination,69336525019,,http://www.sawater.com.au,2006/2007,http://www.npi.gov.au/npidata/action/load/individual-facility-detail/criteria/state/SA/year/2007/jurisdiction-facility/SA0070
SOUTH AUSTRALIAN WATER CORPORATION,Anstey Hill Water Treatment Plant,SA,Vista,EXTN OF LOWER NORTH EAST RD,5091,2811,Water Supply,Water Filtration,69336525019,,http://www.sawater.com.au,2023/2024,http://www.npi.gov.au/npidata/action/load/individual-facility-detail/criteria/state/SA/year/2024/jurisdiction-facility/SA0077
SOUTH GIPPSLAND SHIRE COUNCIL,Foster Landfill,VIC,Foster,SOUTH GIPPSLAND HWY,3960,2921,Waste Treatment and Disposal Services,Waste disposal,67816770786,,,2002/2003,http://www.npi.gov.au/npidata/action/load/individual-facility-detail/criteria/state/VIC/year/2003/jurisdiction-facility/00007000
SOUTH32 WORSLEY ALUMINA PTY LTD,Worsley Refinery,WA,Collie,GASTALDO RD,6225,2131,Alumina Production,Aluminium Production,58008905155,008905155,,2023/2024,http://www.npi.gov.au/npidata/action/load/individual-facility-detail/criteria/state/WA/year/2024/jurisdiction-facility/WA0198
SOUTHERN CROSS FERTILISERS PTY LTD,Mount Isa,QLD,Mount Isa,OBAN RD,4825,1831,Fertiliser Manufacturing,Fishmeal fertiliser manufacturing,30004936850,004936850,,2023/2024,http://www.npi.gov.au/npidata/action/load/individual-facility-detail/criteria/state/QLD/year/2024/jurisdiction-facility/Q027WMC002
SOUTHERN CROSS POULTRY FUND OPERATIONS PTY LTD,Murray Bridge Poultry,SA,Kepa,46 Jordan Lane,5259,0171,Poultry Farming (Meat),Poultry Farming (Broiler),,620466364,,2023/2024,http://www.npi.gov.au/npidata/action/load/individual-facility-detail/criteria/state/SA/year/2024/jurisdiction-facility/SA0781
SOUTHERN DOWNS REGIONAL COUNCIL,Allora Landfill,QLD,Allora,Burges Road,4362,2921,Waste Treatment and Disposal Services,Municipal solid waste landfill,59786792651,,http://www.sdrc.qld.gov.au,2023/2024,http://www.npi.gov.au/npidata/action/load/individual-facility-detail/criteria/state/QLD/year/2024/jurisdiction-facility/Q058SOU003
SOUTHERN GRAMPIANS SHIRE COUNCIL,HAMILTON LANDFILL,VIC,Hamilton,CNR ELIJAH ST & DALE ST,3300,2921,Waste Treatment and Disposal Services,Landfill and resource recovery facility,55135536448,,http://www.sthgrampians.vic.gov.au,2019/2020,http://www.npi.gov.au/npidata/action/load/individual-facility-detail/criteria/state/VIC/year/2020/jurisdiction-facility/00006997
SOUTHERN MEATS PTY LTD,Southern Meats Goulburn Abattoir,NSW,Goulburn,Mazamet Road,2580,1111,Meat Processing,"Animal slaughter, rendering, livestock processing for export.",51003111528,003111528,http://www.southernmeats.com.au,2023/2024,http://www.npi.gov.au/npidata/action/load/individual-facility-detail/criteria/state/NSW/year/2024/jurisdiction-facility/894
SOUTHERN MIDLANDS COUNCIL,Oatlands Waste Disposal Site,TAS,Oatlands,RA 25 INGLEWOOD RD,7120,2921,Waste Treatment and Disposal Services,Municipal Waste Landfill site.,68653459589,,,2003/2004,http://www.npi.gov.au/npidata/action/load/individual-facility-detail/criteria/state/TAS/year/2004/jurisdiction-facility/TAS+371
SOUTHERN QUARRIES PTY. LTD.,Clinton Sandpit,SA,Clinton Centre,2931 Clinton Road,5570,0911,Gravel and Sand Quarrying,Quarrying activities,26007726909,007726909,https://www.southernquarries.com.au/,2019/2020,http://www.npi.gov.au/npidata/action/load/individual-facility-detail/criteria/state/SA/year/2020/jurisdiction-facility/SA0732
SOUTHERN REGION WASTE RESOURCE AUTHORITY,Southern Region Waste Resource Authority,SA,Mclaren Vale,Wheaton Road,5171,2921,Waste Treatment and Disposal Services,Sanitary disposal service,37443975085,,srwra.com.au,2023/2024,http://www.npi.gov.au/npidata/action/load/individual-facility-detail/criteria/state/SA/year/2024/jurisdiction-facility/SA0571
SOUTHERN WASTE RESOURCECO PTY LTD,Southern Waste Resourceco,SA,Mclaren Vale,Tatachilla Road,5171,2921,Waste Treatment and Disposal Services,Waste Depot,46151241093,151241093,https://www.resourceco.com.au,2023/2024,http://www.npi.gov.au/npidata/action/load/individual-facility-detail/criteria/state/SA/year/2024/jurisdiction-facility/SA0456
SPRINGVALE COAL PTY LTD,Springvale Colliery,NSW,Lidsdale,Castlereagh Highway,2790,0600,Coal Mining,Underground coal mining using longwall methods and coal beneficiation - coal washery and reject emplacement.,39052096769,052096769,http://www.centennialcoal.com.au,2023/2024,http://www.npi.gov.au/npidata/action/load/individual-facility-detail/criteria/state/NSW/year/2024/jurisdiction-facility/712
ST OLIVE AND SONS PTY LTD,ST OLIVE & SONS PTY LTD,QLD,Dingo,Mount Flora Road,4702,1411,Log Sawmilling,Sawmilling,45009826957,,,2006/2007,http://www.npi.gov.au/npidata/action/load/individual-facility-detail/criteria/state/QLD/year/2007/jurisdiction-facility/Q039OLI001
STANBROKE BEEF AUSTRALIA,Valley Beef,QLD,Grantham,GRANTHAM SCRUB RD,4347,1111,Meat Processing,"Beef Slaughter, Beef Boning, Freezing and Storage and Rendering.",51109533535,,,2023/2024,http://www.npi.gov.au/npidata/action/load/individual-facility-detail/criteria/state/QLD/year/2024/jurisdiction-facility/Q033VBC001
STANMORE IP COAL PTY LTD,Isaac Downs Coal Mine,QLD,Moranbah,Peak Downs Highway,4744,0600,Coal Mining,Coal Mining,79606244615,606244615,https://www.stanmore.net.au,2021/2022,http://www.npi.gov.au/npidata/action/load/individual-facility-detail/criteria/state/QLD/year/2022/jurisdiction-facility/Q020ICM002
STANMORE SMC PTY LTD,South Walker Creek Mine Operations,QLD,Nebo,PEAK DOWNS HWY,4742,0600,Coal Mining,Coal Mining,34009713875,009713875,,2023/2024,http://www.npi.gov.au/npidata/action/load/individual-facility-detail/criteria/state/QLD/year/2024/jurisdiction-facility/Q020BHP006
STANWELL CORPORATION LIMITED,Mackay Gas Turbine,QLD,Mackay,8A HUME ST,4740,2611,Fossil Fuel Electricity Generation,Electricity generation using mineral gas including coal gas,37078848674,078848674,https://www.stanwell.com,2020/2021,http://www.npi.gov.au/npidata/action/load/individual-facility-detail/criteria/state/QLD/year/2021/jurisdiction-facility/Q019SCL002
STAPYLTON RESOURCE RECOVERY PTY LTD,Stapylton,QLD,Stapylton,144 ROSSMAN RD,4207,2921,Waste Treatment and Disposal Services,"Waste, solid, collection service",82611003724,611003724,https://www.bmigroup.com.au/,2023/2024,http://www.npi.gov.au/npidata/action/load/individual-facility-detail/criteria/state/QLD/year/2024/jurisdiction-facility/Q056BOL003
STEELE & LINCOLN FOUNDRY (VIC) P/L,STEELE & LINCOLN FOUNDRY (VIC) P/L,VIC,Dandenong,318 HAMMOND RD,3175,2110,Iron Smelting and Steel Manufacturing,Steel and iron casting,85005086984,005086984,http://www.steelinc.com.au,2000/2001,http://www.npi.gov.au/npidata/action/load/individual-facility-detail/criteria/state/VIC/year/2001/jurisdiction-facility/00006761
STERICORP LIMITED,STERICORP,ACT,Canberra,"9 SANDFORD STREET, MITCHELL",2911,2921,Waste Treatment and Disposal Services,INCINERATION OF BIO-MEDICAL WASTE AND ELECTRO-THERMAL DEACTIVATION OF CLINICAL AND RELATED WASTE EXCLUDING CYTOTOXIC AND ANOTOMICAL WASTE,83060871249,060871249,http://www.stericorp.com.au,2004/2005,http://www.npi.gov.au/npidata/action/load/individual-facility-detail/criteria/state/ACT/year/2005/jurisdiction-facility/ACT011
STOCKLEIGH POULTRY PTY LTD,Stockleigh Poultry,QLD,Stockleigh,885 Stockleigh Road,4280,0171,Poultry Farming (Meat),Chicken Farming,53651704139,,,2023/2024,http://www.npi.gov.au/npidata/action/load/individual-facility-detail/criteria/state/QLD/year/2024/jurisdiction-facility/Q086ILB002
STRATFORD COAL PTY LTD,Stratford Coal,NSW,Stratford,3364 Bucketts Way,2422,0600,Coal Mining,Brown coal mining,26064016164,064016164,,2023/2024,http://www.npi.gov.au/npidata/action/load/individual-facility-detail/criteria/state/NSW/year/2024/jurisdiction-facility/514
STRIKE SOUTH WEST PTY LTD,Walyering Production Facility,WA,Cataby,Brand Highway,6507,0700,Oil and Gas Extraction,Gas production,,118251497,https://strikeenergy.au/,2023/2024,http://www.npi.gov.au/npidata/action/load/individual-facility-detail/criteria/state/WA/year/2024/jurisdiction-facility/WA1743
STUART PETROLEUM COOPER BASIN GAS PTY LTD,Roma North Gas Field,QLD,43km Ne Roma,Mount Hope Road,4455,0700,Oil and Gas Extraction,Petroleum Production,20130588055,130588055,http://www.senexenergy.com.au,2023/2024,http://www.npi.gov.au/npidata/action/load/individual-facility-detail/criteria/state/QLD/year/2024/jurisdiction-facility/Q012SEN002
SUEZ MEDICAL SOLUTIONS PTY LTD,Suez Medical Solutions,WA,Welshpool,1 FELSPAR STREET,6106,2921,Waste Treatment and Disposal Services,Management of medical and related waste,54119885700,,https://www.veolia.com.au,2018/2019,http://www.npi.gov.au/npidata/action/load/individual-facility-detail/criteria/state/WA/year/2019/jurisdiction-facility/WA0174
SUEZ RECYCLING & RECOVERY PTY LTD,Chullora Resource Recovery Park,NSW,Chullora,Chullora Recycling Park Muir Road,2190,2921,Waste Treatment and Disposal Services,"Waste storage, transfer, separating or processing. Hazardous, Industrial or Group A waste generation or storage.",70002902650,,http://www.suez.com.au,2019/2020,http://www.npi.gov.au/npidata/action/load/individual-facility-detail/criteria/state/NSW/year/2020/jurisdiction-facility/721
SUEZ WATER PTY LTD & VENTIA UTILITY SERVICES PTY LTD,Victorian Desalination Plant – WATERSURE,VIC,Wonthaggi,400 LOWER POWLETT RD ,3995,2811,Water Supply,Desalination plant,87254654139,,,2023/2024,http://www.npi.gov.au/npidata/action/load/individual-facility-detail/criteria/state/VIC/year/2024/jurisdiction-facility/00030644
SUMMIT KWINANA POWER PTY LTD & ERM KWINANA POWER PTY LTD,Newgen Power Kwinana Partnership,WA,Naval Base,Lot 22 Leath Road,6165,2611,Fossil Fuel Electricity Generation,Electrical power generation,24808796430,,http://newgenpowerkwinana.com.au/,2023/2024,http://www.npi.gov.au/npidata/action/load/individual-facility-detail/criteria/state/WA/year/2024/jurisdiction-facility/WA1205
SUN PHARMACEUTICAL INDUSTRIES (AUSTRALIA) PTY LTD,Sun Pharma Controlled Substances Division,VIC,Port Fairy,199 PRINCES HWY,3284,1841,Human Pharmaceutical and Medicinal Product Manufacturing,Extraction of bulk narcotic pharmaceuticals from poppies. Synthesis of narcotic derivatives.,64130119603,130119603,,2023/2024,http://www.npi.gov.au/npidata/action/load/individual-facility-detail/criteria/state/VIC/year/2024/jurisdiction-facility/00004374
SUNSET POWER INTERNATIONAL PTY LTD TRADING AS DELTA ELECTRICITY,Vales Point Power Station,NSW,Mannering Park,Off Vales Road,2259,2611,Fossil Fuel Electricity Generation,Electricity generation,75162696335,,https://www.deltapae.com.au/,2023/2024,http://www.npi.gov.au/npidata/action/load/individual-facility-detail/criteria/state/NSW/year/2024/jurisdiction-facility/106
SUNSHINE COAST REGIONAL COUNCIL,Buderim Landfill Cell 1,QLD,Buderim,SYD LINGARD DR,4556,2921,Waste Treatment and Disposal Services,Landfill,37876973913,,http://www.sunshinecoast.qld.gov.au/,2011/2012,http://www.npi.gov.au/npidata/action/load/individual-facility-detail/criteria/state/QLD/year/2012/jurisdiction-facility/Q058MSC002
SUNSTATE CEMENT LTD,SUNSTATE CEMENT LTD,QLD,Wynnum,BULK TERMINALS DR FISHERMANS ISLAND,4178,2031,Cement and Lime Manufacturing,"Cement Grinding ie. the production of Portland and Blended Cements by the intergrinding of Portland cement clinker, blastfurnace slag, flyash, gypsum and limestone.",58010421879,010421879,http://www.sunstatecement.com.au,2023/2024,http://www.npi.gov.au/npidata/action/load/individual-facility-detail/criteria/state/QLD/year/2024/jurisdiction-facility/Q050SCE001
SUNSTATE SANDS BUNDABERG PTY LTD,Bundaberg Sand Mine,QLD,Coonarr,Palm Beach Road,4670,0990,Other Non-Metallic Mineral Mining and Quarrying,Mining and processing of silica sand,96062194405,062194405,http://www.sunstatesands.com.au,2020/2021,http://www.npi.gov.au/npidata/action/load/individual-facility-detail/criteria/state/QLD/year/2021/jurisdiction-facility/Q056SSB001
SUPERIOR WOOD PTY LTD,Melawondi Dry Mill (Mary Valley Operations),QLD,Imbil,217 Melawondi Road,4570,1413,Timber Resawing and Dressing,Value adding and kiln drying of sawn hoop pine,95154686772,154686772,,2023/2024,http://www.npi.gov.au/npidata/action/load/individual-facility-detail/criteria/state/QLD/year/2024/jurisdiction-facility/Q039HYN006
SURF COAST SHIRE COUNCIL,Anglesea Landfill,VIC,Anglesea,COALMINE RD,3230,2921,Waste Treatment and Disposal Services,Landfill and transfer station,18078461409,,http://www.surfcoast.vic.gov.au,2014/2015,http://www.npi.gov.au/npidata/action/load/individual-facility-detail/criteria/state/VIC/year/2015/jurisdiction-facility/00006993
SUSTAINABLE ENERGY INFRASTRUCTURE PTY LTD,SEI Moranbah Power Station,QLD,Moranbah,LOT 54 GOONYELLA RD,4744,2611,Fossil Fuel Electricity Generation,Burning of coal seam methane to produce electricity,50746683694,,https://www.carbonlogica.com/,2023/2024,http://www.npi.gov.au/npidata/action/load/individual-facility-detail/criteria/state/QLD/year/2024/jurisdiction-facility/Q019ERG035
SUVO MINERALS AUSTRALIA PTY LTD,Pittong,VIC,Linton,PARISH OF ARGYLE C/A D4 & D5,3360,0990,Other Non-Metallic Mineral Mining and Quarrying,"Non-metallic mineral product manufacturing including mining, wet refining and drying of kaolin",51004584141,004584141,,2023/2024,http://www.npi.gov.au/npidata/action/load/individual-facility-detail/criteria/state/VIC/year/2024/jurisdiction-facility/00007639
SWAN REGIONAL SERVICES PTY LTD,Swan Regional Services,WA,Hazelmere,141 TALBOT RD,6055,1111,Meat Processing,Animal by-products manufacturing,,008779735,http://www.swanregionalservices.com.au,2010/2011,http://www.npi.gov.au/npidata/action/load/individual-facility-detail/criteria/state/WA/year/2011/jurisdiction-facility/WA0671
SWICKERS KINGAROY BACON FACTORY PTY LTD,Swickers Kingaroy Bacon Factory,QLD,Kingaroy,206 KINGAROY BARKERS CREEK ROAD,4610,1111,Meat Processing,Pork killing and boning,35009678693,,,2023/2024,http://www.npi.gov.au/npidata/action/load/individual-facility-detail/criteria/state/QLD/year/2024/jurisdiction-facility/Q033SWI001
SYDNEY WATER CORPORATION,Cascade Water Filtration Plant,NSW,Katoomba,off Mort Street,2780,2811,Water Supply,"Coagulation and flocculation, filtration (dual media), chlorination, fluoridation.",49776225038,,http://www.sydneywater.com.au,2023/2024,http://www.npi.gov.au/npidata/action/load/individual-facility-detail/criteria/state/NSW/year/2024/jurisdiction-facility/676
SYNERGEN POWER PTY LIMITED,Dry Creek Gas Power Station,SA,Dry Creek,Rumble Road,5094,2611,Fossil Fuel Electricity Generation,Generation of electrical energy,66092560819,092560819,,2023/2024,http://www.npi.gov.au/npidata/action/load/individual-facility-detail/criteria/state/SA/year/2024/jurisdiction-facility/SA0061
SYNTECH HOLDINGS PTY LTD,Yancoal - Cameby Downs,QLD,Chinchilla,Ryalls Road,4413,0600,Coal Mining,Coal mining,21123782445,123782445,,2023/2024,http://www.npi.gov.au/npidata/action/load/individual-facility-detail/criteria/state/QLD/year/2024/jurisdiction-facility/Q020SYN001
TA ANN TASMANIA,Huon Mill,TAS,Geeveston,Southwood Road,7116,1493,Veneer and Plywood Manufacturing,Rotary Veneer Mill,58115743345,115743345,,2016/2017,http://www.npi.gov.au/npidata/action/load/individual-facility-detail/criteria/state/TAS/year/2017/jurisdiction-facility/TAS+446
TABRO MEAT PTY LTD,Tabro Meat,VIC,Lance Creek,2140 KORUMBURRA-WONTHAGGI RD,3995,1111,Meat Processing,Meat processing,85005517019,005517019,,2012/2013,http://www.npi.gov.au/npidata/action/load/individual-facility-detail/criteria/state/VIC/year/2013/jurisdiction-facility/00004390
TAGHLEEF INDUSTRIES PTY LTD,Taghleef Industries - Wodonga,VIC,Wodonga,11 MOLONEY DR,3690,1911,Polymer Film and Sheet Packaging Material Manufacturing,Manufacture of polypropylene film,51005893112,005893112,http://www.ti-films.com,2023/2024,http://www.npi.gov.au/npidata/action/load/individual-facility-detail/criteria/state/VIC/year/2024/jurisdiction-facility/00020295
TAHMOOR COAL PTY LIMITED,Tahmoor Coal Mine,NSW,Tahmoor,Remembrance Drive,2574,0600,Coal Mining,Underground coal mine; coal preparation plant; reject (stone) disposal area (landfill site).,97076663968,,https://www.tahmoorcolliery.com.au/,2023/2024,http://www.npi.gov.au/npidata/action/load/individual-facility-detail/criteria/state/NSW/year/2024/jurisdiction-facility/473
TAMAREE LIME PTY LTD,Tamaree,QLD,Gympie,276 Tamaree Road,4570,2031,Cement and Lime Manufacturing,Lime manufacturing,71009955864,009955864,http://www.graymont.com,2023/2024,http://www.npi.gov.au/npidata/action/load/individual-facility-detail/criteria/state/QLD/year/2024/jurisdiction-facility/Q056DML001
TAMWORTH REGIONAL COUNCIL,Calala Water Treatment Plant Tamworth,NSW,Tamworth,Calala Lane,2340,2811,Water Supply,Water treatment for potable town water supply,52631074450,,,2023/2024,http://www.npi.gov.au/npidata/action/load/individual-facility-detail/criteria/state/NSW/year/2024/jurisdiction-facility/922
TARMAC (S.A.) PTY. LTD.,Tarmac SA,SA,North Plympton,51 Kinkaid Ave,5037,1413,Timber Resawing and Dressing,"Sawmilling, timber treatment, timber drying, timber sales",17008013901,008013901,http://www.tarmac.com.au,2023/2024,http://www.npi.gov.au/npidata/action/load/individual-facility-detail/criteria/state/SA/year/2024/jurisdiction-facility/SA0215
TARRAWONGA COAL PTY LTD,Tarrawonga Coal Mine,NSW,Boggabri,Goonbri Road,2382,0600,Coal Mining,Open cut coal mining,73100742185,100742185,http://www.whitehavencoal.com.au,2023/2024,http://www.npi.gov.au/npidata/action/load/individual-facility-detail/criteria/state/NSW/year/2024/jurisdiction-facility/1075
TAS PAPER PTY LTD,Australian Paper Wesley Vale Mill,TAS,Wesley Vale,226 MILL RD,7307,1510,"Pulp, Paper and Paperboard Manufacturing",Pulp and Paper Manufacture,65135318204,135318204,http://www.paperlinx.com.au,2009/2010,http://www.npi.gov.au/npidata/action/load/individual-facility-detail/criteria/state/TAS/year/2010/jurisdiction-facility/TAS+12
TASMAN GROUP SERVICES P/L,TASMAN GROUP SERVICES P/L,VIC,Yarrawonga,HICKS LA,3730,1111,Meat Processing,Meat Processing (Beef),65005062082,005062082,http://www.tasmangroup.com.au,2007/2008,http://www.npi.gov.au/npidata/action/load/individual-facility-detail/criteria/state/VIC/year/2008/jurisdiction-facility/00004454
TASMANIA MINES LTD,Kara Mine,TAS,Hampshire,683 Kara Road,7321,0990,Other Non-Metallic Mineral Mining and Quarrying,mining,,009491990,http://www.tasmines.com.au,2023/2024,http://www.npi.gov.au/npidata/action/load/individual-facility-detail/criteria/state/TAS/year/2024/jurisdiction-facility/TAS+476
TASMANIAN ALKALOIDS P/L,Tasmanian Alkaloids Pty. Ltd. Trading as Extractas Bioscience,TAS,Westbury,160 BIRRALEE RD,7303,1841,Human Pharmaceutical and Medicinal Product Manufacturing,Fully integrated manufacturer of plant derived controlled substances including opiate based alkaloid raw materials and medicinal cannabis. Poppy seed processing as a raw agricultural commodity.,98009502283,009502283,http://www.extractas.com.au/,2023/2024,http://www.npi.gov.au/npidata/action/load/individual-facility-detail/criteria/state/TAS/year/2024/jurisdiction-facility/TAS+140
TASMANIAN WATER AND SEWERAGE CORPORATION (NORTHERN REGION) PTY LIMITED,Chimney Saddle Treatment Plant,TAS,Blessington,BLESSINGTON RD,7258,2811,Water Supply,Potable Water Treatment,,133655062,http://www.taswater.com.au,2012/2013,http://www.npi.gov.au/npidata/action/load/individual-facility-detail/criteria/state/TAS/year/2013/jurisdiction-facility/TAS+294
TASMANIAN WATER AND SEWERAGE CORPORATION PTY LIMITED,Bryn Estyn Water Treatment Plant,TAS,New Norfolk,PLENTY RD,7140,2811,Water Supply,Treatment of  drinking water,,162220653,http://www.taswater.com.au,2023/2024,http://www.npi.gov.au/npidata/action/load/individual-facility-detail/criteria/state/TAS/year/2024/jurisdiction-facility/TAS+293
TEC COAL PTY LTD,Lake Vermont,QLD,Dysart ,Golden Mile Road,4745,0600,Coal Mining,Open cut coal mining,55119063900,119063900,,2023/2024,http://www.npi.gov.au/npidata/action/load/individual-facility-detail/criteria/state/QLD/year/2024/jurisdiction-facility/Q020VER001
TEC DESERT PTY LTD,Kalgoorlie Power Station,WA,Feysville,Kalgoorlie Kambalda Highway,6431,2611,Fossil Fuel Electricity Generation,Fossil fuel electricity generation,47084695661,084695661,https://transalta.com,2023/2024,http://www.npi.gov.au/npidata/action/load/individual-facility-detail/criteria/state/WA/year/2024/jurisdiction-facility/WA0322
TEC HEDLAND PTY LTD,South Hedland Power Station,WA,Boodarie,Lot 601 Deposited Plan 70566,6722,2611,Fossil Fuel Electricity Generation,Fossil fuel electricity generation,81169777404,169777404,https://transalta.com,2023/2024,http://www.npi.gov.au/npidata/action/load/individual-facility-detail/criteria/state/WA/year/2024/jurisdiction-facility/WA1526
TEC OPERATIONS PTY LTD,Parkeston Power Station,WA,Parkeston,Lot 244 Bulong Rd,6434,2611,Fossil Fuel Electricity Generation,Fossil fuel electricity generation,46062135871,062135871,https://transalta.com,2023/2024,http://www.npi.gov.au/npidata/action/load/individual-facility-detail/criteria/state/WA/year/2024/jurisdiction-facility/WA0146
TEKAI AUSTRALIA PTY LTD,CORBEK TIMBER PRESERVATION,QLD,Arundel,7 SUPPLY CT,4214,1411,Log Sawmilling,Tanalth E (ECOWOOD) treatment LOSP timber treatment,48090645024,090645024,http://www.corbek.com,2005/2006,http://www.npi.gov.au/npidata/action/load/individual-facility-detail/criteria/state/QLD/year/2006/jurisdiction-facility/Q039WMS001
TELLUS HOLDINGS LTD,Sandy Ridge Facility,WA,Boorabbin,Lot 510 on Deposited Plan 413497,6429,2921,Waste Treatment and Disposal Services,Geological Repository for Class IV and Class V Waste,97138119829,138119829,https://tellusholdings.com,2023/2024,http://www.npi.gov.au/npidata/action/load/individual-facility-detail/criteria/state/WA/year/2024/jurisdiction-facility/WA1706
TERREQUIP ENVIRONMENTAL PTY LTD,Warwick Limestone Mine and Processing Plant,QLD,Warwick,401  O’Deas Road,4370,0990,Other Non-Metallic Mineral Mining and Quarrying,Mining,26634030185,634030185,http://www.terrequip.com,2023/2024,http://www.npi.gov.au/npidata/action/load/individual-facility-detail/criteria/state/QLD/year/2024/jurisdiction-facility/Q020SIB003
TERRITORY GENERATION,Channel Island Power Station,NT,Darwin,CHANNEL ISLAND RD,0822,2611,Fossil Fuel Electricity Generation,Generation of electricity,72687980755,,http://territorygeneration.com.au/,2023/2024,http://www.npi.gov.au/npidata/action/load/individual-facility-detail/criteria/state/NT/year/2024/jurisdiction-facility/NT326
TESLA CORPORATION MANAGEMENT PTY LTD,Hardisty Court Power Station,WA,East Picton,7 Hardisty Court,6229,2611,Fossil Fuel Electricity Generation,Fossil Fuel Electricity Generation,90135785394,135785394,,2023/2024,http://www.npi.gov.au/npidata/action/load/individual-facility-detail/criteria/state/WA/year/2024/jurisdiction-facility/WA1337
TESLA GERALDTON PTY LTD,Geraldton Peak Lopping Power Station,WA,Geraldton,Portion of Lot 101 Deepdale Road,6532,2611,Fossil Fuel Electricity Generation,Fossil Fuel Electricity Generation,61146754289,146754289,,2023/2024,http://www.npi.gov.au/npidata/action/load/individual-facility-detail/criteria/state/WA/year/2024/jurisdiction-facility/WA1335
TESLA KEMERTON PTY LTD,Kemerton Peak Lopping Power Station,WA,Wellesley,574  Marriot Road,6233,2611,Fossil Fuel Electricity Generation,Fossil Fuel Electricity Generation,80146754305,146754305,,2023/2024,http://www.npi.gov.au/npidata/action/load/individual-facility-detail/criteria/state/WA/year/2024/jurisdiction-facility/WA1336
TESLA NORTHAM PTY LTD,Avon Industrial Park Peak Power Station,WA,Grass Valley,"Lot 5 on Plan 25370, Leeming Road",6403,2611,Fossil Fuel Electricity Generation,Fossil Fuel Electricity Generation,63146754298,146754298,,2023/2024,http://www.npi.gov.au/npidata/action/load/individual-facility-detail/criteria/state/WA/year/2024/jurisdiction-facility/WA1334
TEYS AUSTRALIA BEENLEIGH PTY LTD,Teys Australia Beenleigh,QLD,Beenleigh,Logan River Rd,4207,1111,Meat Processing,Meat processing and rendering plant,97009672459,009672459,http://www.teysgroup.com/au/,2023/2024,http://www.npi.gov.au/npidata/action/load/individual-facility-detail/criteria/state/QLD/year/2024/jurisdiction-facility/Q033TEY001
TEYS AUSTRALIA BILOELA PTY LTD,Teys Australia Biloela,QLD,Biloela,CALLIDE HWY,4715,1111,Meat Processing,Meat processing and rendering plant,17009669265,009669265,https://au.teysgroup.com,2023/2024,http://www.npi.gov.au/npidata/action/load/individual-facility-detail/criteria/state/QLD/year/2024/jurisdiction-facility/Q033TEY002
TEYS AUSTRALIA MEAT GROUP PTY LTD,Teys Australia Rockhampton,QLD,Rockhampton,LAKES CREEK RD,4700,1111,Meat Processing,"Meat Processing, Incl. Rendering",65065093709,065093709,https://au.teysgroup.com,2023/2024,http://www.npi.gov.au/npidata/action/load/individual-facility-detail/criteria/state/QLD/year/2024/jurisdiction-facility/Q033CMG002
TEYS AUSTRALIA NARACOORTE PTY LTD,TEYS AUSTRALIA NARACOORTE PTY LTD,SA,Hynam,LOT 388  Wimmera Hwy,5262,1111,Meat Processing,Meat Processing and Rendering Plant,80010807986,010807986,,2023/2024,http://www.npi.gov.au/npidata/action/load/individual-facility-detail/criteria/state/SA/year/2024/jurisdiction-facility/SA0040
TEYS AUSTRALIA SOUTHERN PTY LTD,Teys Australia Tamworth,NSW,Tamworth,32-90 Phoenix Street,2340,1111,Meat Processing,"Slaughtering and processing animals (beef), rendering of animal by-products",53084034695,084034695,http://www.teysgroup.com/au,2023/2024,http://www.npi.gov.au/npidata/action/load/individual-facility-detail/criteria/state/NSW/year/2024/jurisdiction-facility/604
THE AUSTRAL BRICK CO PTY LTD,Austral Bowral,NSW,Bowral,Kiama Street,2576,2021,Clay Brick Manufacturing,"Mining, crushing, forming, drying, firing, packaging (brickmaking).",52000005550,000005550,http://www.australbricks.com.au,2023/2024,http://www.npi.gov.au/npidata/action/load/individual-facility-detail/criteria/state/NSW/year/2024/jurisdiction-facility/544
THE AUSTRALIAN STEEL COMPANY (OPERATIONS) PTY LTD,Infrabuild Steel,VIC,Laverton North,105-123 DOHERTYS RD,3026,2110,Iron Smelting and Steel Manufacturing,Secondary steel manufacture,89069426955,069426955,https://www.infrabuild.com,2023/2024,http://www.npi.gov.au/npidata/action/load/individual-facility-detail/criteria/state/VIC/year/2024/jurisdiction-facility/00004152
THE CORNWALL COAL COMPANY PTY LTD,Blackwood,TAS,Cornwall,Cornwall Road,7215,0600,Coal Mining,Coal mining,48009485518,009485518,http://www.cemaust.com.au,2023/2024,http://www.npi.gov.au/npidata/action/load/individual-facility-detail/criteria/state/TAS/year/2024/jurisdiction-facility/TAS+454
THE CRAFTSMAN PRESS P/L,Blue Star Print,VIC,Burwood,125 HIGHBURY RD,3125,1611,Printing,Commercial sheet fed printing,53004125231,004125231,,2005/2006,http://www.npi.gov.au/npidata/action/load/individual-facility-detail/criteria/state/VIC/year/2006/jurisdiction-facility/00006708
THE DUHA GROUP P/L,THE DUHA GROUP P/L,VIC,Heidelberg West,137 MCEWAN RD,3081,1611,Printing,Manufacture and supply of colour sampling materials.,96060235878,060235878,http://www.duhagroup.com,2007/2008,http://www.npi.gov.au/npidata/action/load/individual-facility-detail/criteria/state/VIC/year/2008/jurisdiction-facility/00024270
THE EGG MERCHANT PTY LTD T/A MASONS FAMILY FARM,Masons Family Farm,WA,Oakford,118 Tuart Road,6121,0171,Poultry Farming (Meat),Chicken raising for meat production,90394104941,,,2023/2024,http://www.npi.gov.au/npidata/action/load/individual-facility-detail/criteria/state/WA/year/2024/jurisdiction-facility/WA0688
THE GRIFFIN COAL MINING COMPANY PTY LIMITED,Ewington Mine,WA,Collie,Coalfields Rd,6225,0600,Coal Mining,Coal Mining,16008667285,008667285,http://www.griffincoal.com.au,2023/2024,http://www.npi.gov.au/npidata/action/load/individual-facility-detail/criteria/state/WA/year/2024/jurisdiction-facility/WA0504
THE KING ISLAND COMPANY PTY. LTD.,King Island Dairy,TAS,Loorana,869  NORTH RD,7256,1131,Milk and Cream Processing,"Cheese, Cream and Dessert manufacturing",36006658500,,https://www.kingislanddairy.com.au/,2023/2024,http://www.npi.gov.au/npidata/action/load/individual-facility-detail/criteria/state/TAS/year/2024/jurisdiction-facility/TAS+88
THE NEW MATPINE P/L,The New Matpine P/L,TAS,Exeter,120 FRANKFORD RD,7275,1413,Timber Resawing and Dressing,"Sawmilling, kiln drying, timber machining & furniture components",47102197660,102197660,http://www.matpine.com,2005/2006,http://www.npi.gov.au/npidata/action/load/individual-facility-detail/criteria/state/TAS/year/2006/jurisdiction-facility/TAS+97
THE NEWCASTLE WALLSEND COAL COMPANY PTY LTD,New Wallsend No.2 Colliery,NSW,Wallsend,Bulkara Street,2287,0600,Coal Mining,"Underground coal mining, mine decommissioning activities and rehabilitation activities",85000245901,000245901,,2004/2005,http://www.npi.gov.au/npidata/action/load/individual-facility-detail/criteria/state/NSW/year/2005/jurisdiction-facility/855
THE S R TREEBY FAMILY TRUST,S & F TREEBY,WA,Mandogalup,Lot 312 Anketell Road,6167,0171,Poultry Farming (Meat),Chicken raising for meat production.,55367276946,,,2004/2005,http://www.npi.gov.au/npidata/action/load/individual-facility-detail/criteria/state/WA/year/2005/jurisdiction-facility/WA0645
THE STANLEY WORKS P/L,The Stanley works Pty Ltd,VIC,Heidelberg West,58 DOUGHARTY RD,3081,2299,Other Fabricated Metal Product Manufacturing n.e.c.,Manufacturer & Distributor of hand tools and Tool Boxes,,009485170,,1999/2000,http://www.npi.gov.au/npidata/action/load/individual-facility-detail/criteria/state/VIC/year/2000/jurisdiction-facility/00006121
THE TRUSTEE FOR BERNARDI FAMILY TRUST,Salisbury Brick Pty Ltd,SA,Direk,340 Diment Road,5110,2021,Clay Brick Manufacturing,Manufacture clay bricks & pavers,60733746478,,,2009/2010,http://www.npi.gov.au/npidata/action/load/individual-facility-detail/criteria/state/SA/year/2010/jurisdiction-facility/SA0238
THE TRUSTEE FOR CENTURY FAMILY TRUST,Century Family Trust,SA,Kangaroo Flat,630 Redbanks Road,5118,0171,Poultry Farming (Meat),Raising of broiler chickens,48540836425,,,2017/2018,http://www.npi.gov.au/npidata/action/load/individual-facility-detail/criteria/state/SA/year/2018/jurisdiction-facility/SA0589
THE TRUSTEE FOR DRESS CIRCLE FARM UNIT TRUST,Dress Circle Farm Pty Ltd,WA,Nowergup,79 Dayrell Rd,6032,0171,Poultry Farming (Meat),Chicken raising for meat production,63821938039,,,2023/2024,http://www.npi.gov.au/npidata/action/load/individual-facility-detail/criteria/state/WA/year/2024/jurisdiction-facility/WA0588
THE TRUSTEE FOR FLETCHER UNIT TRUST,Fletcher International WA,WA,Narrikup,520 Settlement Road,6326,1111,Meat Processing,"Meat processing (abattoir), rendering operation, fell mongering",50878814356,,http://www.fletchint.com.au,2023/2024,http://www.npi.gov.au/npidata/action/load/individual-facility-detail/criteria/state/WA/year/2024/jurisdiction-facility/WA0620
THE TRUSTEE FOR GERALDTON MEAT EXPORTS TRUST,GERALDTON MEAT EXPORTS P/L,WA,Moonyoonooka,63 Abattoir Road,6532,1111,Meat Processing,"Slaughtering, boning, chilling/freezing of goats and sheep, rendering of waste materials.",33404686686,,,2011/2012,http://www.npi.gov.au/npidata/action/load/individual-facility-detail/criteria/state/WA/year/2012/jurisdiction-facility/WA0580
THE TRUSTEE FOR HITECH PRODUCTS MARKETING UNIT TRUST,CHICKEN CITY,WA,Maddington,LOT 269 KELVIN ROAD,6109,0171,Poultry Farming (Meat),CHICKEN RAISING FOR MEAT PRODUCTION,87004469174,,,2012/2013,http://www.npi.gov.au/npidata/action/load/individual-facility-detail/criteria/state/WA/year/2013/jurisdiction-facility/WA0599
THE TRUSTEE FOR J C FAMILY TRUST,J.C. NOMINEES (SA) PTY LTD,SA,Korunye,1126 Mallala Road,5502,0171,Poultry Farming (Meat),poultry farming,74304151145,,,2022/2023,http://www.npi.gov.au/npidata/action/load/individual-facility-detail/criteria/state/SA/year/2023/jurisdiction-facility/SA0591
THE TRUSTEE FOR JEFFREY P W FAMILY TRUST,CHICKEN DELICIOUS,WA,Wangara,LOT 21 WANNEROO ROAD,6065,0171,Poultry Farming (Meat),CHICKEN RAISING FOR MEAT PRODUCTION,81246996923,,,2004/2005,http://www.npi.gov.au/npidata/action/load/individual-facility-detail/criteria/state/WA/year/2005/jurisdiction-facility/WA0667
THE TRUSTEE FOR M & J TRELOAR FAMILY TRUST,Chandala Poultry,WA,Gingin,3688 Airfield Rd,6503,0171,Poultry Farming (Meat),Chicken raising for meat production,34678584179,,,2023/2024,http://www.npi.gov.au/npidata/action/load/individual-facility-detail/criteria/state/WA/year/2024/jurisdiction-facility/WA0585
THE TRUSTEE FOR PAUL WEBB FAMILY TRUST,Darmad Pty Ltd,WA,Serpentine,440 Henderson Rd,6125,0171,Poultry Farming (Meat),Chicken raising for meat production,32067665144,,,2023/2024,http://www.npi.gov.au/npidata/action/load/individual-facility-detail/criteria/state/WA/year/2024/jurisdiction-facility/WA0596
THE TRUSTEE FOR PROTEN BROILER TRUST,Proten - Farm 1,SA,Beaufort,114 Mail Road,5550,0171,Poultry Farming (Meat),Poultry farming (for meat),29490047563,,,2023/2024,http://www.npi.gov.au/npidata/action/load/individual-facility-detail/criteria/state/SA/year/2024/jurisdiction-facility/SA0699
THE TRUSTEE FOR PROTEN HANWOOD AND LETHBRIDGE TRUST,Farm 53,NSW,Hanwood,Millis Rd,2680,0171,Poultry Farming (Meat),Broiler chicken growing,77448559735,,https://www.proten.com.au,2023/2024,http://www.npi.gov.au/npidata/action/load/individual-facility-detail/criteria/state/NSW/year/2024/jurisdiction-facility/1184
THE TRUSTEE FOR SHREEM TRUST,Shreem Pty Ltd,SA,Murray Bridge,73 Rocky Gully Road ,5253,0171,Poultry Farming (Meat),Chicken broiler,99289331050,,,2023/2024,http://www.npi.gov.au/npidata/action/load/individual-facility-detail/criteria/state/SA/year/2024/jurisdiction-facility/SA0533
THE TRUSTEE FOR SOUTH EAST PINE SALES TRUST,South East Pine Sales Pty Ltd,SA,Glencoe,Kangaroo Flat Road,5291,1411,Log Sawmilling,Sawmilling,69390152527,,,2023/2024,http://www.npi.gov.au/npidata/action/load/individual-facility-detail/criteria/state/SA/year/2024/jurisdiction-facility/SA0569
THE TRUSTEE FOR STEVECHRIS FAMILY TRUST,Betta Broilers,WA,Gingin,Lot 3683 Duffy Road,6503,0171,Poultry Farming (Meat),Chicken raising for meat production,16718263612,,,2023/2024,http://www.npi.gov.au/npidata/action/load/individual-facility-detail/criteria/state/WA/year/2024/jurisdiction-facility/WA0637
THE TRUSTEE FOR THE BILLABONG TRUST,Wunderwy,WA,Serpentine,47 Manning Rd,6125,0171,Poultry Farming (Meat),Chicken raising for meat production,78360012214,,,2023/2024,http://www.npi.gov.au/npidata/action/load/individual-facility-detail/criteria/state/WA/year/2024/jurisdiction-facility/WA0601
THE TRUSTEE FOR THE BLOTT FAMILY TRUST,Double B Farm,SA,Beaufort,432 Wheat Road,5550,0171,Poultry Farming (Meat),Growing Broiler Chickens,63483865963,,,2023/2024,http://www.npi.gov.au/npidata/action/load/individual-facility-detail/criteria/state/SA/year/2024/jurisdiction-facility/SA0583
THE TRUSTEE FOR THE BRYMAG TRUST & THE TRUSTEE FOR THE RYMER FAMILY TRUST T/A CHICKENMATE FARMS,CHICKENMATE FARM,SA,Dublin,128 Thompson Road,5501,0171,Poultry Farming (Meat),Chicken Broiler,16594309986,,,2023/2024,http://www.npi.gov.au/npidata/action/load/individual-facility-detail/criteria/state/SA/year/2024/jurisdiction-facility/SA0581
THE TRUSTEE FOR THE CARTER FAMILY TRUST,Terrigal Park,WA,Forrestdale,358 Taylor Road,6112,0171,Poultry Farming (Meat),Chicken raising for meat production,45876961432,,,2023/2024,http://www.npi.gov.au/npidata/action/load/individual-facility-detail/criteria/state/WA/year/2024/jurisdiction-facility/WA0587
THE TRUSTEE FOR THE DINGLE FAMILY DISCRETIONARY TRUST,Corymbia,QLD,Coominya,165 Wills Road,4311,0171,Poultry Farming (Meat),Meat Chicken Facility,86174927714,,,2013/2014,http://www.npi.gov.au/npidata/action/load/individual-facility-detail/criteria/state/QLD/year/2014/jurisdiction-facility/Q086ILB080
THE TRUSTEE FOR THE ED MORGAN FAMILY TRUST & THE TRUSTEE FOR THE LUKE MORGAN FAMILY TRUST,Riverland Treated Pine,SA,Loxton North,Balfour Ogilvy Avenue,5333,1413,Timber Resawing and Dressing,CCA Timber Preservation,95597417453,,,2023/2024,http://www.npi.gov.au/npidata/action/load/individual-facility-detail/criteria/state/SA/year/2024/jurisdiction-facility/SA0164
THE TRUSTEE FOR THE LA & JB CROOK FAMILY TRUST,Jocton Poultry Farm,WA,Jandabup,81 Ross St,6077,0171,Poultry Farming (Meat),Chicken raising for meat production,70191005429,,http://www.baiada.com.au/,2023/2024,http://www.npi.gov.au/npidata/action/load/individual-facility-detail/criteria/state/WA/year/2024/jurisdiction-facility/WA0589
THE TRUSTEE FOR THE NITSCHKE FAMILY TRUST,Jemindy,QLD,Biboohra,1004 Bilwon Road,4880,0171,Poultry Farming (Meat),Meat Chicken Facility,20628640596,,,2023/2024,http://www.npi.gov.au/npidata/action/load/individual-facility-detail/criteria/state/QLD/year/2024/jurisdiction-facility/Q086ILB050
THE TRUSTEE FOR V&V UNIT TRUST AND VERNON WALSH PTY LTD,V & V Walsh,WA,Bunbury,Rawling Rd,6230,1111,Meat Processing,Beef and sheep abattoir,66258009281,,,2023/2024,http://www.npi.gov.au/npidata/action/load/individual-facility-detail/criteria/state/WA/year/2024/jurisdiction-facility/WA0608
THE WALLERAWANG COLLIERIES LIMITED,Wallerawang Colliery,NSW,Via Lithgow,Blackman's Flat Castlereagh Highway,2790,0600,Coal Mining,Rehabilitation and coal tailings reclamation to briquettes to be sold to domestic market.,,000001436,,2001/2002,http://www.npi.gov.au/npidata/action/load/individual-facility-detail/criteria/state/NSW/year/2002/jurisdiction-facility/690
THE WILLIAMS FAMILY TRUST AND THE VARNEY FAMILY TRUST AND CA FERGUSON,Catambo Spring,WA,Muchea,Lot 2463 Brand Hwy,6501,0171,Poultry Farming (Meat),Chicken raising for meat production,70336771636,,,2023/2024,http://www.npi.gov.au/npidata/action/load/individual-facility-detail/criteria/state/WA/year/2024/jurisdiction-facility/WA0595
THIESS PTY LIMITED,Ravensworth East Mine,NSW,Ravensworth,Hebden Road,2330,0600,Coal Mining,Open cut coal mining,87010221486,,,2007/2008,http://www.npi.gov.au/npidata/action/load/individual-facility-detail/criteria/state/NSW/year/2008/jurisdiction-facility/392
THIESS SERVICES PTY LTD,Belconnen Landfill Operations Contract,ACT,Canberra,"PO BOX 145, RED HILL",2603,2921,Waste Treatment and Disposal Services,Disposal of muncipal & some special waste,69010725247,010725247,,2001/2002,http://www.npi.gov.au/npidata/action/load/individual-facility-detail/criteria/state/ACT/year/2002/jurisdiction-facility/ACT015
THOMAS BORTHWICK & SONS (AUSTRALIA) PTY LTD,Thomas Borthwick & Sons,QLD,Bakers Creek,113a MAIN ST,4740,1111,Meat Processing,Meat processing,12006525104,006525104,,2021/2022,http://www.npi.gov.au/npidata/action/load/individual-facility-detail/criteria/state/QLD/year/2022/jurisdiction-facility/Q033TBS001
THOMAS FOODS INTERNATIONAL BOURKE PTY LIMITED,Thomas Foods International Bourke Pty Ltd,NSW,North Bourke,Lot 17 Mitchell Highway,2840,1111,Meat Processing,Livestock processing activities,94654997001,654997001,https://thomasfoods.com,2023/2024,http://www.npi.gov.au/npidata/action/load/individual-facility-detail/criteria/state/NSW/year/2024/jurisdiction-facility/1656
THOMAS FOODS INTERNATIONAL LOBETHAL PTY LIMITED,Thomas Foods International Lobethal,SA,Lobethal,Ridge Road,5241,1111,Meat Processing,Abattoir,67105579511,105579511,http://thomasfoods.com/,2023/2024,http://www.npi.gov.au/npidata/action/load/individual-facility-detail/criteria/state/SA/year/2024/jurisdiction-facility/SA0711
THOMAS FOODS INTERNATIONAL MURRAY BRIDGE PTY LIMITED,Thomas Foods International Lagoon Road,SA,Murray Bridge,LAGOON RD,5253,1111,Meat Processing,Export/Domestic meat processing,34085672457,085672457,http://thomasfoods.com.au/,2023/2024,http://www.npi.gov.au/npidata/action/load/individual-facility-detail/criteria/state/SA/year/2024/jurisdiction-facility/SA0041
THOMAS FOODS INTERNATIONAL STAWELL PTY LIMITED,Thomas Foods International Stawell PTY LTD,VIC,Stawell,46 ABATTOIR RD,3380,1111,Meat Processing,"Sheep, lamb and goat abattoir",69004967800,004967800,,2023/2024,http://www.npi.gov.au/npidata/action/load/individual-facility-detail/criteria/state/VIC/year/2024/jurisdiction-facility/00004425
THOMAS FOODS INTERNATIONAL TAMWORTH PTY LIMITED,Thomas Foods International Tamworth,NSW,Tamworth,51-89 Phoenix Street,2340,1111,Meat Processing,Sheep and lamb processing,82089140634,089140634,,2023/2024,http://www.npi.gov.au/npidata/action/load/individual-facility-detail/criteria/state/NSW/year/2024/jurisdiction-facility/1421
THOMAS FOODS INTERNATIONAL WALLANGARA,Southern Qld Exporters,QLD,Wallangarra,Longs Lane,4383,1111,Meat Processing,"Lamb, Mutton & Goat Processing Factory",25000481363,000481363,http://thomasfoods.com/,2015/2016,http://www.npi.gov.au/npidata/action/load/individual-facility-detail/criteria/state/QLD/year/2016/jurisdiction-facility/Q033SQE001
THOMSEN MC,MC THOMSEN,QLD,"Teebar, Brooweena",94 Thomsen Rd,4620,1411,Log Sawmilling,Sawmilling,49831528425,,,2004/2005,http://www.npi.gov.au/npidata/action/load/individual-facility-detail/criteria/state/QLD/year/2005/jurisdiction-facility/Q039TMC001
TIMBER TREATERS BRIDGETOWN (WA) PTY LTD,Timber Treaters Bridgetown,WA,Bridgetown,444 Hester Rd,6255,1413,Timber Resawing and Dressing,Timber preservation,95844683755,,,2023/2024,http://www.npi.gov.au/npidata/action/load/individual-facility-detail/criteria/state/WA/year/2024/jurisdiction-facility/WA0682
TIMBERLINK AUSTRALIA PTY LTD,Bell Bay Sawmill,TAS,Bell Bay,331 Old Bell Bay Road,7253,1411,Log Sawmilling,Timber Sawmilling,12161713015,,http://timberlinkaustralia.com.au/,2023/2024,http://www.npi.gov.au/npidata/action/load/individual-facility-detail/criteria/state/TAS/year/2024/jurisdiction-facility/TAS+507
TINAMBA POULTRY PTY LTD,Tinamba Poultry,QLD,Beaudesert,52 Brooklands Road,4285,0171,Poultry Farming (Meat),Meat Chicken Facility,93131582226,131582226,,2023/2024,http://www.npi.gov.au/npidata/action/load/individual-facility-detail/criteria/state/QLD/year/2024/jurisdiction-facility/Q086ILB024
TONGALLERY P/L,Niara,QLD,Anstead,12 Hornsey Road,4070,0171,Poultry Farming (Meat),Meat Chicken Facility,59210182902,,,2004/2005,http://www.npi.gov.au/npidata/action/load/individual-facility-detail/criteria/state/QLD/year/2005/jurisdiction-facility/Q086ILB063
TOOWOOMBA REGIONAL COUNCIL,Mt Kynoch Water Treatment Plant,QLD,Toowoomba,7-67 NEW ENGLAND HWY,4350,2811,Water Supply,Potable water treatment,99788305360,,https://www.tr.qld.gov.au/,2021/2022,http://www.npi.gov.au/npidata/action/load/individual-facility-detail/criteria/state/QLD/year/2022/jurisdiction-facility/Q023TCC003
TOWN OF PORT HEDLAND,South Hedland Landfill,WA,South Hedland,Reserve 41342,6722,2921,Waste Treatment and Disposal Services,Class 2 Putrescible Landfill,19220085226,,https://www.porthedland.wa.gov.au,2023/2024,http://www.npi.gov.au/npidata/action/load/individual-facility-detail/criteria/state/WA/year/2024/jurisdiction-facility/WA1319
TOWNSVILLE CITY COUNCIL,Hervey Range Waste Facility,QLD,Alice River ,Hervey Range Road ,4817,2921,Waste Treatment and Disposal Services,"Waste Treatment and Disposal Services:
Landfilling, waste transfer and resource recovery
",44741992072,,https://www.townsville.qld.gov.au/,2023/2024,http://www.npi.gov.au/npidata/action/load/individual-facility-detail/criteria/state/QLD/year/2024/jurisdiction-facility/Q058TVL002
TOYOTA MOTOR CORPORATION AUSTRALIA LIMITED,Altona Manufacturing Plant,VIC,Altona North,282-320 GRIEVE PDE,3025,2311,Motor Vehicle Manufacturing,Vehicle manufacture,64009686097,009686097,http://www.toyota.com.au,2017/2018,http://www.npi.gov.au/npidata/action/load/individual-facility-detail/criteria/state/VIC/year/2018/jurisdiction-facility/00004046
TRANSPACIFIC CLEANAWAY PTY LTD,Transpacific Cleanaway,VIC,Wangaratta,"TRADE WASTE TREATMENT PLANT, SANDFORD RD",3677,2921,Waste Treatment and Disposal Services,Textile wastewater treatment,79000164938,000164938,http://www.transpacific.com.au,2013/2014,http://www.npi.gov.au/npidata/action/load/individual-facility-detail/criteria/state/VIC/year/2014/jurisdiction-facility/00004585
TRANSPACIFIC INDUSTRIES,"Narangba, Nationwide Oil",QLD,Narangba,26-32 Potassium St,4504,2921,Waste Treatment and Disposal Services,Oil recycling and waste treatment,40010745383,010745383,http://www.cleanaway.com.au,2023/2024,http://www.npi.gov.au/npidata/action/load/individual-facility-detail/criteria/state/QLD/year/2024/jurisdiction-facility/Q058TPI001
TRANSPACIFIC TECHNICAL SERVICES,Transpacific Solvent Recycling Plant,NSW,Albury,819 Knights Road,2640,2921,Waste Treatment and Disposal Services,Solvent recycling,40010745383,,http://www.transpac.com.au,2008/2009,http://www.npi.gov.au/npidata/action/load/individual-facility-detail/criteria/state/NSW/year/2009/jurisdiction-facility/21
TRANSPACIFIC WASTE MANAGEMENT PTY LTD,Banksia Road Landfill Facility,WA,Crooked Brook,Lot 2 Banksia Road,6236,2921,Waste Treatment and Disposal Services,Putrescible Landfill,55120175635,120175635,http://www.cleanaway.com.au,2023/2024,http://www.npi.gov.au/npidata/action/load/individual-facility-detail/criteria/state/WA/year/2024/jurisdiction-facility/WA1241
TRANSPORT CANBERRA AND CITY SERVICES DIRECTORATE,MUGGA LANE LANDFILL,ACT,Canberra,MUGGA LANE,2603,2921,Waste Treatment and Disposal Services,Disposal of municipal & some special wastes,37307569373,,https://www.cityservices.act.gov.au/,2023/2024,http://www.npi.gov.au/npidata/action/load/individual-facility-detail/criteria/state/ACT/year/2024/jurisdiction-facility/ACT014
TRANSWASTE TECHNOLOGIES PTY LTD,Transwaste Technologies,VIC,Dandenong,88-90 & 92-94 ORDISH RD,3175,2921,Waste Treatment and Disposal Services,Waste Management,88078935109,078935109,http://www.transpacific.com.au,2023/2024,http://www.npi.gov.au/npidata/action/load/individual-facility-detail/criteria/state/VIC/year/2024/jurisdiction-facility/00004252
TRI-STAR ENERGY COMPANY,Reids Dome Gas Field,QLD,Rolleston,50km SW of Rolleston,4702,0700,Oil and Gas Extraction,Exploration for and development of natural gas,86089539695,089539695,http://www.tri-starpetroleum.com.au,2000/2001,http://www.npi.gov.au/npidata/action/load/individual-facility-detail/criteria/state/QLD/year/2001/jurisdiction-facility/Q012TEC001
TRI-STAR PETROLEUM COMPANY,Dawson Coal Seam Methane Field,QLD,Rolleston,Dawson Highway 46 km SE of Rolleston,4702,0700,Oil and Gas Extraction,"Exploration and development of coal seam methane, ie, petroleum drilling.",08005415739,050415739,http://www.tri-starpetroleum.com.au,2000/2001,http://www.npi.gov.au/npidata/action/load/individual-facility-detail/criteria/state/QLD/year/2001/jurisdiction-facility/Q012TSP003
TRIANGLE ENERGY (OPERATIONS) PTY LTD,Cliff Head and Arrowsmith Plant,WA,Dongara,Lot 12 Brand Hwy,6525,0700,Oil and Gas Extraction,Natural gas extraction,83083143382,083143382,http://triangleenergy.com.au/,2023/2024,http://www.npi.gov.au/npidata/action/load/individual-facility-detail/criteria/state/WA/year/2024/jurisdiction-facility/WA1235
TRILITY MACARTHUR OPERATIONS PTY LTD,Macarthur Water Filtration Plant,NSW,Appin,Wilton Road,2571,2811,Water Supply,Water treatment,17057185421,057185421,http://www.TRILITY.com.au,2023/2024,http://www.npi.gov.au/npidata/action/load/individual-facility-detail/criteria/state/NSW/year/2024/jurisdiction-facility/647
TRILITY PTY LTD,Agnes Water / 1770 Water Treatment Plant,QLD,Agnes Water,Lot 40 Springs Rd,4677,2811,Water Supply,Water Treatment,48053122562,053122562,http://www.TRILITY.com.au,2023/2024,http://www.npi.gov.au/npidata/action/load/individual-facility-detail/criteria/state/QLD/year/2024/jurisdiction-facility/Q046UUA001
TRILITY WATER PTY LTD,Barwon Water Biosolids Management Project,VIC,Connewarre,400 BLACKROCK RD,3227,2922,Waste Remediation and Materials Recovery Services,Processing biosolids into pellets.,94004012873,004012873,,2023/2024,http://www.npi.gov.au/npidata/action/load/individual-facility-detail/criteria/state/VIC/year/2024/jurisdiction-facility/00030570
TRONOX MANAGEMENT PTY LTD,KMK Cogeneration Plant,WA,Kwinana Beach,PART LOT 10 30 MASON RD,6167,2611,Fossil Fuel Electricity Generation,Electrical power and steam generation,59009343364,009343364,http://www.tronox.com/titanium-dioxide-pigment/operations/kwinana-australia/,2023/2024,http://www.npi.gov.au/npidata/action/load/individual-facility-detail/criteria/state/WA/year/2024/jurisdiction-facility/WA0181
TRUSTEE FOR THE KEMBAH TRUST,Kembah Enterprises,WA,Bullsbrook,2411 Great Northern Highway,6084,0171,Poultry Farming (Meat),CHICKEN RAISING FOR MEAT PRODUCTION,87459942467,,,2010/2011,http://www.npi.gov.au/npidata/action/load/individual-facility-detail/criteria/state/WA/year/2011/jurisdiction-facility/WA0689
TURI FOODS FARMING DIVISION PTY LTD,FARM 4,VIC,Bannockburn,FARM 4 - 595 BURNSIDE RD,3331,0171,Poultry Farming (Meat),Meet breeder production facility,,078145909,http://www.turifoods.com.au,2011/2012,http://www.npi.gov.au/npidata/action/load/individual-facility-detail/criteria/state/VIC/year/2012/jurisdiction-facility/00029297
TURNER BROTHERS,CHINCHILLA TIMBERS,QLD,Chinchilla,"RANGE LOGGING, AUBURN RD",4413,1411,Log Sawmilling,Sawmilling,19797802445,093110288,,2006/2007,http://www.npi.gov.au/npidata/action/load/individual-facility-detail/criteria/state/QLD/year/2007/jurisdiction-facility/Q039LLO001
TURNER BROTHERS SAWMILLERS & BUILDERS PTY LTD,TURNER BROTHERS SAWMILLERS & BUILDERS PTY LTD,QLD,Chinchilla,"DOWNS TOWN, EDWARD ST",4413,1411,Log Sawmilling,Sawmilling/Timber Preservation,51093110288,093110288,,2006/2007,http://www.npi.gov.au/npidata/action/load/individual-facility-detail/criteria/state/QLD/year/2007/jurisdiction-facility/Q039TUB001
TUROSI FARMING PTY LTD,Bannockburn Farming,VIC,Bannockburn,FARM 7 - 687 BURNSIDE RD,3331,0171,Poultry Farming (Meat),Meat breeder production facility,43626773126,626773126,,2023/2024,http://www.npi.gov.au/npidata/action/load/individual-facility-detail/criteria/state/VIC/year/2024/jurisdiction-facility/00029300
TUROSI PTY LTD,Turosi Eagle Farm,QLD,Eagle Farm,28-32 Qantas Drive,4009,1111,Meat Processing,Meat and Poultry Processing,92620198165,620198165,https://turosi.com.au/,2023/2024,http://www.npi.gov.au/npidata/action/load/individual-facility-detail/criteria/state/QLD/year/2024/jurisdiction-facility/Q033TPL001
ULAN COAL MINES LIMITED,Ulan Coal Mine,NSW,Ulan,4505 Ulan Road,2850,0600,Coal Mining,Underground and open cut mining (in care and maintenance). Run of mine coal processed at a coal handling and preparation plant onsite before being loaded onto trains for export.,80000189248,000189248,http://www.ulancoal.com.au,2023/2024,http://www.npi.gov.au/npidata/action/load/individual-facility-detail/criteria/state/NSW/year/2024/jurisdiction-facility/551
ULTRASTAK AUST PTY LTD,ULTRASTAK AUST PTY LTD,QLD,Delta Via Bowen,PETER DELAMOTHE ROAD (RN 30 Collinsville Rd),4805,1821,Synthetic Resin and Synthetic Rubber Manufacturing,Manufacture of polystyrene products,60006793942,006793942,,2009/2010,http://www.npi.gov.au/npidata/action/load/individual-facility-detail/criteria/state/QLD/year/2010/jurisdiction-facility/Q060ULT001
UNIDRIVE P/L,UNIDRIVE P/L,VIC,Clayton,45-49 MCNAUGHTON RD,3168,2299,Other Fabricated Metal Product Manufacturing n.e.c.,"Forging, machining and assembly of automotive components",86000109820,000109820,http://www.unidrive.com,2009/2010,http://www.npi.gov.au/npidata/action/load/individual-facility-detail/criteria/state/VIC/year/2010/jurisdiction-facility/00016654
UNIMIN (AUSTRALIA) LIMITED,Unimin Granville Operations,NSW,Granville,Cnr Unwin & Shirley Streets,2142,0990,Other Non-Metallic Mineral Mining and Quarrying,Mineral processing and gas treatment,20000971844,,http://www.unimin.com.au,2001/2002,http://www.npi.gov.au/npidata/action/load/individual-facility-detail/criteria/state/NSW/year/2002/jurisdiction-facility/689
UNIMIN AUST LTD,Unimin Pt Parham,SA,Parham,PORT PARHAM PLANT GOVERNMENT RD,5501,0990,Other Non-Metallic Mineral Mining and Quarrying,Drying & crushing shellgrit,20000971844,000971844,,2003/2004,http://www.npi.gov.au/npidata/action/load/individual-facility-detail/criteria/state/SA/year/2004/jurisdiction-facility/SA0345
UNIMIN AUSTRALIA LIMITED,Miles Bentonite Operations,QLD,Via Miles,"Australian Bentonite, Gurulmundi Road",4415,0990,Other Non-Metallic Mineral Mining and Quarrying,Bentonite mining & processing,20000971844,000971844,,1999/2000,http://www.npi.gov.au/npidata/action/load/individual-facility-detail/criteria/state/QLD/year/2000/jurisdiction-facility/Q056UAL001
UNITED COLLIERIES PTY LTD,United Collieries,NSW,Warkworth,134 Jerry's Plains Road,2330,0600,Coal Mining,Open cut coal mine,67001990209,001990209,https://www.glencore.com.au/operations-and-projects/coal/current-operations/united-wambo-open-cut,2023/2024,http://www.npi.gov.au/npidata/action/load/individual-facility-detail/criteria/state/NSW/year/2024/jurisdiction-facility/594
UNITED MILK TASMANIA LTD. (SUBSIDIARY OF BONLAC FOODS LIMITED),Legerwood Factory,TAS,Legerwood,Main St,7261,1131,Milk and Cream Processing,Manufacture of milk powder.,79009475932,009475932,,1999/2000,http://www.npi.gov.au/npidata/action/load/individual-facility-detail/criteria/state/TAS/year/2000/jurisdiction-facility/TAS+169
URGENTLY PTY LTD,Mary Valley Timber,QLD,Dagun,Dagun Road,4570,1411,Log Sawmilling,Sawmilling,39074395654,074395654,,2007/2008,http://www.npi.gov.au/npidata/action/load/individual-facility-detail/criteria/state/QLD/year/2008/jurisdiction-facility/Q039URG001
V. NITSCHKE,Nitschke Farm,QLD,Park Ridge,144 Park Ridge Road,4125,0171,Poultry Farming (Meat),Meat Chicken Facility,26376487634,,,2013/2014,http://www.npi.gov.au/npidata/action/load/individual-facility-detail/criteria/state/QLD/year/2014/jurisdiction-facility/Q086ILB054
VALLEY POWER PTY LTD,Valley Power,VIC,Traralgon,VALLEY POWER GAS STATION BARTONS LA,3844,2611,Fossil Fuel Electricity Generation,Power generation,16083964470,083964470,https://www.snowyhydro.com.au,2023/2024,http://www.npi.gov.au/npidata/action/load/individual-facility-detail/criteria/state/VIC/year/2024/jurisdiction-facility/00019800
VAN HESSEN AUSTRALIA PTY LTD,Van Hessen Australia Pty Ltd,VIC,Wangaratta,79 SHANLEY ST,3677,1111,Meat Processing,Sausage casings manufacturer,39006312616,006312616,,2023/2024,http://www.npi.gov.au/npidata/action/load/individual-facility-detail/criteria/state/VIC/year/2024/jurisdiction-facility/00004433
VAN LEER (AUSTRALIA) PTY LTD,Van Leer (Australia) Pty Ltd,NSW,Seven Hills,29 Foundry Road,2147,2110,Iron Smelting and Steel Manufacturing,"Steel drum and component manufacture, internal and external painting.",45008415478,008415478,,2000/2001,http://www.npi.gov.au/npidata/action/load/individual-facility-detail/criteria/state/NSW/year/2001/jurisdiction-facility/30
VEEM LTD,VEEM Ltd,WA,Canning Vale,22 Baile Road,6155,2139,Other Basic Non-Ferrous Metal Manufacturing,Manufacturing machining/Engineering services/foundry/Fabrication,51008944009,,http://www.veem.com.au,2023/2024,http://www.npi.gov.au/npidata/action/load/individual-facility-detail/criteria/state/WA/year/2024/jurisdiction-facility/WA1062
VEOLIA ENVIRONMENTAL SERVICES (AUSTRALIA) PTY LTD,Banksmeadow Transfer Terminal,NSW,Banksmeadow,34-36 McPherson St,2019,2921,Waste Treatment and Disposal Services,Waste transfer activities,20051316584,051316584,http://www.veolia.com.au,2023/2024,http://www.npi.gov.au/npidata/action/load/individual-facility-detail/criteria/state/NSW/year/2024/jurisdiction-facility/1521
VEOLIA RECYCLING & RECOVERY PTY LTD,Hallam Rd Landfill,VIC,Hampton Park,274-310 HALLAM RD,3976,2921,Waste Treatment and Disposal Services,Landfilling and Resource Recovery,70002902650,002902650,http://www.veolia.com/anz,2023/2024,http://www.npi.gov.au/npidata/action/load/individual-facility-detail/criteria/state/VIC/year/2024/jurisdiction-facility/00006936
VEOLIA RECYCLING AND RECOVERY (PERTH) PTY LTD,Bibra Lake Resource Recovery Park,WA,Bibra Lake,65 Howson Way,6163,2922,Waste Remediation and Materials Recovery Services,General waste and FOGO waste transfer and recycling,94118828872,118828872,https://www.veolia.com.au,2023/2024,http://www.npi.gov.au/npidata/action/load/individual-facility-detail/criteria/state/WA/year/2024/jurisdiction-facility/WA1678
VEOLIA RECYCLING AND RECOVERY (WELSHPOOL) PTY LTD,Shale Road Landfill,WA,Whitby,LOT 200-201 Shale Road,6123,2921,Waste Treatment and Disposal Services,Class II Putrescrible landfill (not active),84051060890,051060890,http://www.veolia.com.au,2023/2024,http://www.npi.gov.au/npidata/action/load/individual-facility-detail/criteria/state/WA/year/2024/jurisdiction-facility/WA0349
VEOLIA WATER AUSTRALIA,Bendigo Water Treatment Plant,VIC,Kangaroo Flat,PHILLIS ST,3555,2811,Water Supply,Potable water treatment plant,99061161279,,http://www.veolia.com.au/,2023/2024,http://www.npi.gov.au/npidata/action/load/individual-facility-detail/criteria/state/VIC/year/2024/jurisdiction-facility/00021323
VEOLIA WATER AUSTRALIA PTY LTD,Gold Coast Desalination Plant,QLD,Tugun,Boyd Street,4224,2811,Water Supply,Seawater desalination plant,99061161279,,,2023/2024,http://www.npi.gov.au/npidata/action/load/individual-facility-detail/criteria/state/QLD/year/2024/jurisdiction-facility/Q046VEO001
VEOLIA WATER SERVICES (ANZ) PTY LTD,CLUNES WATER TREATMENT PLANT,VIC,Tourello,BALLARAT - MARYBOROUGH RD,3363,2811,Water Supply,Potable Water Treatment,64069471334,069471334,,2023/2024,http://www.npi.gov.au/npidata/action/load/individual-facility-detail/criteria/state/VIC/year/2024/jurisdiction-facility/00029418
VERMILION OIL & GAS AUSTRALIA PTY LTD,Wandoo,WA,Karratha,Offshore Wandoo Facilities via,6714,0700,Oil and Gas Extraction,Natural gas extraction,29113023591,113023591,,2023/2024,http://www.npi.gov.au/npidata/action/load/individual-facility-detail/criteria/state/WA/year/2024/jurisdiction-facility/WA0183
VH OPERATIONS P/L,Anne Caudle Centre Cogeneration Plant,VIC,Bendigo,100 BARNARD ST,3550,2611,Fossil Fuel Electricity Generation,Electricity and process steam generation (cogeneration).,72095427820,095427820,,2009/2010,http://www.npi.gov.au/npidata/action/load/individual-facility-detail/criteria/state/VIC/year/2010/jurisdiction-facility/00004036
VIADUX PTY LTD,Viadux Currumbin,QLD,Currumbin ,63 Currumbin Creek Road,4223,2121,Iron and Steel Casting,"Electric Furnace Melting of scrap steel which is then treated and poured into moulds to form castings. The castings are then fettled coated and assembled into various Valves, fittings and flanges for use mainly in the water conveyance industry.",75087415745,087415745,http://www.,2015/2016,http://www.npi.gov.au/npidata/action/load/individual-facility-detail/criteria/state/QLD/year/2016/jurisdiction-facility/Q003TYC002
VICKERY COAL PTY LTD,Vickery Coal Mine,NSW,Boggabri,Blue Vale Road,2382,0600,Coal Mining,Coal mining,74626224495,626224495,https://whitehavencoal.com.au/,2023/2024,http://www.npi.gov.au/npidata/action/load/individual-facility-detail/criteria/state/NSW/year/2024/jurisdiction-facility/1668
VICPAC FLEXIBLES AUSTRALIA PTY LTD,VICPAC - Oakleigh,VIC,Oakleigh,37 FRANKLYN ST,3166,1611,Printing,Manufacturing of printed plastics,,142214631,http://www.vicpac.com.au,2011/2012,http://www.npi.gov.au/npidata/action/load/individual-facility-detail/criteria/state/VIC/year/2012/jurisdiction-facility/00029028
VICTOR HARBOR QUARRIES PTY LTD,Victor Harbor Quarry,SA,Victor Harbor,155 Inman Valley Road,5211,0919,Other Construction Material Mining,Quarry Rock Processing,34609949466,609949466,http://www.victorharborquarries.com.au/,2023/2024,http://www.npi.gov.au/npidata/action/load/individual-facility-detail/criteria/state/SA/year/2024/jurisdiction-facility/SA0725
VICTORIA WOOL PROCESSORS (AUST) PTY LTD,VICTORIA WOOL PROCESSORS (AUST) PTY LTD,VIC,Laverton North,38-44 DOHERTYS RD,3026,1311,Wool Scouring,Wool scouring,38050032356,050032356,,2023/2024,http://www.npi.gov.au/npidata/action/load/individual-facility-detail/criteria/state/VIC/year/2024/jurisdiction-facility/00029246
VIRIDIAN GLASS PTY LTD,Viridian Clayton,VIC,Clayton South,13-27 WHITESIDE RD,3169,2010,Glass and Glass Product Manufacturing,Manufacture of glass products,68006904052,006904052,http://www.viridianglass.com/default.aspx,2018/2019,http://www.npi.gov.au/npidata/action/load/individual-facility-detail/criteria/state/VIC/year/2019/jurisdiction-facility/00029088
VISY BOARD (WODONGA) PTY LTD,Visy Board Wodonga,VIC,Wodonga,299 MCKOY ST,3690,1521,Corrugated Paperboard and Paperboard Container Manufacturing,Corrugating and converting cardboard,34098839402,098839402,http://www.visy.com.au,2023/2024,http://www.npi.gov.au/npidata/action/load/individual-facility-detail/criteria/state/VIC/year/2024/jurisdiction-facility/00021303
VISY BOARD P/L,The Packaging Company,VIC,Reservoir,262-266 EDWARDES ST,3073,1521,Corrugated Paperboard and Paperboard Container Manufacturing,Making corrugated cardboard from recycled paper and converting it into cardboard boxes.,58005787913,005787913,http://www.visy.com.au,2003/2004,http://www.npi.gov.au/npidata/action/load/individual-facility-detail/criteria/state/VIC/year/2004/jurisdiction-facility/00004845
VISY BOARD PROPRIETARY LIMITED,VISY BOARD GEPPS CROSS,SA,Gepps Cross,24-26 WHITE ST,5094,1521,Corrugated Paperboard and Paperboard Container Manufacturing,The production of Card board products manufactured from paper and starch by a corrugating machine. The process uses heat produced by a boiler. The printing process uses water based inks.,58005787913,005787913,http://www.visy.com.au,2023/2024,http://www.npi.gov.au/npidata/action/load/individual-facility-detail/criteria/state/SA/year/2024/jurisdiction-facility/SA0265
VISY GLASS OPERATIONS (AUSTRALIA) PTY LTD,Visy Melbourne Plant,VIC,Spotswood,BOOKER ST,3015,2010,Glass and Glass Product Manufacturing,Manufacture of glass containers,94004230326,004230326,http://www.visy.com,2023/2024,http://www.npi.gov.au/npidata/action/load/individual-facility-detail/criteria/state/VIC/year/2024/jurisdiction-facility/00004231
VISY INDUSTRIES AUSTRALIA PTY LTD,Laverton North,VIC,Laverton North,46-52 DOHERTYS RD,3026,2922,Waste Remediation and Materials Recovery Services,Reprocessing of glass,74004337615,004337615,,2023/2024,http://www.npi.gov.au/npidata/action/load/individual-facility-detail/criteria/state/VIC/year/2024/jurisdiction-facility/00030904
VISY PAPER PTY LTD,Visy Paper 2,VIC,Reservoir,22 RADFORD RD,3073,1510,"Pulp, Paper and Paperboard Manufacturing",Paper recycling plant converting waste paper into new paper for use in the corrugated box industry.,63005803234,005803234,http://www.visy.com.au,2023/2024,http://www.npi.gov.au/npidata/action/load/individual-facility-detail/criteria/state/VIC/year/2024/jurisdiction-facility/00004702
VISY PULP AND PAPER PTY LTD,Visy Pulp and Paper Mill Tumut,NSW,Tumut,1302 Snowy Mountains Highway,2720,1510,"Pulp, Paper and Paperboard Manufacturing",Integrated unbleached Kraft pulp and paper manufacturing,30086513144,086513144,http://www.visy.com.au,2023/2024,http://www.npi.gov.au/npidata/action/load/individual-facility-detail/criteria/state/NSW/year/2024/jurisdiction-facility/476
VITRINITE PTY LTD,Vulcan,QLD,Dysart,4093 Saraji Road,4745,0600,Coal Mining,"Coal Mining
",46167744578,167744578,,2023/2024,http://www.npi.gov.au/npidata/action/load/individual-facility-detail/criteria/state/QLD/year/2024/jurisdiction-facility/Q020VCM001
VIVA ENERGY POLYMERS,Geelong Polypropylene Plant,VIC,Corio,REFINERY RD,3214,1821,Synthetic Resin and Synthetic Rubber Manufacturing,"Manufacture of polypropylene resins. The processes include monomer storage, catalytic polymerisation, separation and extrusion of polymer powder and product storage.",42004327762,004327762,,2023/2024,http://www.npi.gov.au/npidata/action/load/individual-facility-detail/criteria/state/VIC/year/2024/jurisdiction-facility/00020353
VOLVO GROUP AUSTRALIA PTY LTD,Volvo GTO Cab facility,QLD,Wacol,29 Industrial Avenue,4076,2311,Motor Vehicle Manufacturing,Truck Cab painting vehicle adaptation,27000761259,,,2023/2024,http://www.npi.gov.au/npidata/action/load/individual-facility-detail/criteria/state/QLD/year/2024/jurisdiction-facility/Q041VOL002
W.W. ADERMANN,W.W. ADERMANN,QLD,Augathella,Boggerella,4477,1411,Log Sawmilling,Saw milling.,32810707449,,,2000/2001,http://www.npi.gov.au/npidata/action/load/individual-facility-detail/criteria/state/QLD/year/2001/jurisdiction-facility/Q039WWA001
WA WATER CORP,Conjurunup Dam Surface Water Treatment Plant,WA,North Dandalup,DEL PARK RD,6207,2811,Water Supply,Water treatment (chlorination) and water supply,28003434917,,http://www.watercorporation.com.au,2008/2009,http://www.npi.gov.au/npidata/action/load/individual-facility-detail/criteria/state/WA/year/2009/jurisdiction-facility/WA0627
WAGGA WAGGA CITY COUNCIL,Gregadoo Waste Management Centre,NSW,Wagga Wagga,132 ASHFORDS ROAD,2650,2921,Waste Treatment and Disposal Services,Landfill flare,56044159537,,http://www.wagga.nsw.gov.au,2023/2024,http://www.npi.gov.au/npidata/action/load/individual-facility-detail/criteria/state/NSW/year/2024/jurisdiction-facility/1358
WALKER CYPRESS MILLS PTY LTD,WALKER CYPRESS MILLS PTY LTD,QLD,Cecil Plains,118 TAYLOR ST,4407,1411,Log Sawmilling,Sawmilling,52001157008,001157008,,2007/2008,http://www.npi.gov.au/npidata/action/load/individual-facility-detail/criteria/state/QLD/year/2008/jurisdiction-facility/Q039WCM001
WAMBO COAL PTY LIMITED,Wambo Mine,NSW,Warkworth,Jerrys Plains Road,2330,0600,Coal Mining,"Underground mining of coal, processing of coal in on-site coal handling and preparation plant and train loading of product coal.",13000668057,000668057,http://www.peabodyenergy.com.au/nsw/wambo-mine.html,2023/2024,http://www.npi.gov.au/npidata/action/load/individual-facility-detail/criteria/state/NSW/year/2024/jurisdiction-facility/596
WANGARATTA RURAL CITY COUNCIL,Bowser Landfill,VIC,Bowser,COLEMAN RD,3678,2921,Waste Treatment and Disposal Services,Landfill,67784981354,,http://www.wangaratta.vic.gov.au,2020/2021,http://www.npi.gov.au/npidata/action/load/individual-facility-detail/criteria/state/VIC/year/2021/jurisdiction-facility/00007012
WANNON REGION WATER CORPORATION,Portland Water Treatment Plant,VIC,Portland,404 MADEIRA PACKET RD,3305,2811,Water Supply,Potable Water Treatment (water disinfection),94007404851,,http://www.wannonwater.com.au,2023/2024,http://www.npi.gov.au/npidata/action/load/individual-facility-detail/criteria/state/VIC/year/2024/jurisdiction-facility/00029427
WARWICK BRICK WORKS PTY LTD,Warwick Brick Works P/L,QLD,Warwick,Cnr McEvoy and Conrad Street,4370,2021,Clay Brick Manufacturing,Brick Manufacturing,66009883309,009883309,http://www.warwickbrickworks.com.au,2022/2023,http://www.npi.gov.au/npidata/action/load/individual-facility-detail/criteria/state/QLD/year/2023/jurisdiction-facility/Q001WBW001
WASTE ASSETS MANAGEMENT CORPORATION,Belrose Waste Management Centre (Landfill),NSW,Belrose,Crozier Road,2085,2921,Waste Treatment and Disposal Services,Solid waste landfill.,56784733957,,,2017/2018,http://www.npi.gov.au/npidata/action/load/individual-facility-detail/criteria/state/NSW/year/2018/jurisdiction-facility/732
WASTE MANAGEMENT (WA),Intractable Waste Disposal Facility Mt Walton East,WA,Coolgardie,480 KM NE OF PERTH,6429,2921,Waste Treatment and Disposal Services,Shallow land burial of intractable wastes originating in Western Australia,12740143260,,,2001/2002,http://www.npi.gov.au/npidata/action/load/individual-facility-detail/criteria/state/WA/year/2002/jurisdiction-facility/WA0569
WASTE MANAGEMENT PACIFIC (S.A.) PTY LIMITED,Northward Fill,SA,Inkerman,Cnr Primes Road/Menadues Road,5550,2921,Waste Treatment and Disposal Services,Landfill,94097829644,097829644,http://www.cleanaway.com.au,2023/2024,http://www.npi.gov.au/npidata/action/load/individual-facility-detail/criteria/state/SA/year/2024/jurisdiction-facility/SA0555
WASTE MANAGEMENT PACIFIC P/L,Clean Earth Liquid Waste Management,VIC,Thomastown,11 CHAFFEY ST,3074,2921,Waste Treatment and Disposal Services,Treatment of liquid waste (grease trap),97095545814,095545814,,2004/2005,http://www.npi.gov.au/npidata/action/load/individual-facility-detail/criteria/state/VIC/year/2005/jurisdiction-facility/00006890
WASTE RECYCLING AND PROCESSING CORPORATION,Grange Avenue Waste and Recycling Centre (closed Landfill),NSW,Marsden Park,Grange Avenue (West),2765,2921,Waste Treatment and Disposal Services,Solid waste landfill - closed in February 2001,93524709106,,http://www.wsn.com.au,2004/2005,http://www.npi.gov.au/npidata/action/load/individual-facility-detail/criteria/state/NSW/year/2005/jurisdiction-facility/724
WATER CORPORATION,Albany Water Treatment Plant,WA,Albany Dc,"RESERVE 25550, LOC 8153, FRENCHMANS BAY ROAD",6330,2811,Water Supply,Water treatment (chlorination & fluoridation) and water supply,28003434917,,http://www.watercorporation.com.au,2013/2014,http://www.npi.gov.au/npidata/action/load/individual-facility-detail/criteria/state/WA/year/2014/jurisdiction-facility/WA0626
WATER NSW,Broughton’s Pass Chlorinator,NSW,Appin,Broughton’s Pass,2560,2811,Water Supply,Water chlorination,21147934787,,http://www.waternsw.com.au,2023/2024,http://www.npi.gov.au/npidata/action/load/individual-facility-detail/criteria/state/NSW/year/2024/jurisdiction-facility/1485
WEDGEWOOD NOMINEES PTY LTD,WEDGEWOOD NOMINEES PTY LTD,WA,Carabooda,265 Carabooda Road,6033,0171,Poultry Farming (Meat),Chicken raising for meat production.,87758195127,008899447,,2006/2007,http://www.npi.gov.au/npidata/action/load/individual-facility-detail/criteria/state/WA/year/2007/jurisdiction-facility/WA0646
WEIR MINERALS AUSTRALIA LTD,Weir Minerals Artarmon,NSW,Artarmon,1 Marden Street,2064,2121,Iron and Steel Casting,"Pattern making; iron and steel melting and casting; Mould making; Heat treatment and machining; Manufacture of patterns used in foundry; Manufacture of rubber; Manufacture of Elastomers, Painting.",69009701802,009701802,https://www.global.weir/australia/,2023/2024,http://www.npi.gov.au/npidata/action/load/individual-facility-detail/criteria/state/NSW/year/2024/jurisdiction-facility/543
WELLINGTON SHIRE COUNCIL,KILMANY LANDFILL,VIC,Kilmany,KILMANY LANDFILL LOT 1 & PART LOT 2 LP 79840 PARISH OF WOOUN DELLAH,3851,2921,Waste Treatment and Disposal Services,Landfill,18420243468,,http://www.wellington.vic.gov.au,2023/2024,http://www.npi.gov.au/npidata/action/load/individual-facility-detail/criteria/state/VIC/year/2024/jurisdiction-facility/00006950
WERRIS CREEK COAL PTY LTD,Werris Creek No 2 Coal Mine,NSW,Werris Creek,Quirindi Road,2341,0600,Coal Mining,Open cut coal mine.,69107169102,107169102,http://www.whitehavencoal.com.au,2023/2024,http://www.npi.gov.au/npidata/action/load/individual-facility-detail/criteria/state/NSW/year/2024/jurisdiction-facility/1067
WESFARMERS LPG PTY LTD,"Kleenheat Gas, Kwinana Production Facility",WA,Kwinana,Donaldson Road,6167,1811,Industrial Gas Manufacturing,"Liquified petroleum gas extraction plant. LPG extracted from natural gas and stored on site - 
a) Atmospheric pressure 
b) Ambient vapour pressure",32009214831,009214831,https://www.kleenheat.com.au,2023/2024,http://www.npi.gov.au/npidata/action/load/individual-facility-detail/criteria/state/WA/year/2024/jurisdiction-facility/WA0185
WESPINE INDUSTRIES PTY LTD,Wespine Industries Pty Ltd,WA,Dardanup,241 Moore Road,6236,1411,Log Sawmilling,Softwood log sawmilling and sawn board processing,88052954337,,http://www.wespine.com.au,2023/2024,http://www.npi.gov.au/npidata/action/load/individual-facility-detail/criteria/state/WA/year/2024/jurisdiction-facility/WA0346
WEST COAST COUNCIL,Zeehan Landfill,TAS,Zeehan,HENTY MAIN RD,7469,2921,Waste Treatment and Disposal Services,Public landfill,20448787926,,,2003/2004,http://www.npi.gov.au/npidata/action/load/individual-facility-detail/criteria/state/TAS/year/2004/jurisdiction-facility/TAS+363
WEST TAMAR COUNCIL,Beaconsfield Landfill,TAS,Beaconsfield,Crowther Street,7270,2921,Waste Treatment and Disposal Services,Municipal landfill,21731249084,,,2003/2004,http://www.npi.gov.au/npidata/action/load/individual-facility-detail/criteria/state/TAS/year/2004/jurisdiction-facility/TAS+288
WESTERN AUSTRALIAN MEAT MARKETING CO-OPERATIVE LIMITED,WAMMCO International,WA,Katanning,28013 Great Southern Hwy,6315,1111,Meat Processing,Abattoir,54048449698,,http://www.wammco.com.au,2023/2024,http://www.npi.gov.au/npidata/action/load/individual-facility-detail/criteria/state/WA/year/2024/jurisdiction-facility/WA0639
WESTERN AUSTRALIAN SPECIALTY ALLOYS PTY LTD,Western Australian Specialty Alloys,WA,Canning Vale,2-4 HOPEWELL ST,6155,2139,Other Basic Non-Ferrous Metal Manufacturing,Manufacture of nickel and cobalt based superalloys for the aerospace and land based power generation industries,14053910188,053910188,http://www.wasa.com.au,2023/2024,http://www.npi.gov.au/npidata/action/load/individual-facility-detail/criteria/state/WA/year/2024/jurisdiction-facility/WA0186
WESTERN ENERGY PTY LTD,Western Energy Kwinana Swift Power Station,WA,Kwinana Beach,Cnr Burton Place & Donaldson Road,6167,2611,Fossil Fuel Electricity Generation,Electricity Generation,64102984252,102984252,,2023/2024,http://www.npi.gov.au/npidata/action/load/individual-facility-detail/criteria/state/WA/year/2024/jurisdiction-facility/WA1270
WESTERN EXPORTERS PTY LTD,WESTERN EXPORTERS PTY LTD,QLD,Charleville,Lot 60 Warrego Hway,4470,1111,Meat Processing,Meat Processing,98069328543,,,2005/2006,http://www.npi.gov.au/npidata/action/load/individual-facility-detail/criteria/state/QLD/year/2006/jurisdiction-facility/Q033WES001
WESTERN LAND RECLAMATION P/L,Western Recycle,VIC,Brooklyn,JONES RD,3012,2921,Waste Treatment and Disposal Services,Waste disposal services,49005369086,005369086,http://www.sunshinegroupe.com.au,2021/2022,http://www.npi.gov.au/npidata/action/load/individual-facility-detail/criteria/state/VIC/year/2022/jurisdiction-facility/00019290
WESTERN POWER CORP,Cue Power Station,WA,Cue,LOT 593 AUSTIN ST,6640,2611,Fossil Fuel Electricity Generation,Electricity generation and supply,38362983875,,,2002/2003,http://www.npi.gov.au/npidata/action/load/individual-facility-detail/criteria/state/WA/year/2003/jurisdiction-facility/WA0062
WESTERN POWER CORPORATION,Bunbury Power Station,WA,Bunbury,Turkey Point,6230,2611,Fossil Fuel Electricity Generation,Electricity Generation,38362983875,000124360,http://www.westernpower.com.au,1999/2000,http://www.npi.gov.au/npidata/action/load/individual-facility-detail/criteria/state/WA/year/2000/jurisdiction-facility/WA0043
WESTERN POWER CORPORATIONORATION,Meekatharra Power Station,WA,Meekatharra,LOT 839 SAVAGE ST,6642,2611,Fossil Fuel Electricity Generation,Power generation and distribution,38362983875,,,2003/2004,http://www.npi.gov.au/npidata/action/load/individual-facility-detail/criteria/state/WA/year/2004/jurisdiction-facility/WA0113
WESTERN RIVERLANDS POULTRY,Western Riverlands Poultry,WA,Mogumber,Lot 10 Mogumber West Rd,6506,0171,Poultry Farming (Meat),Poultry (Broiler chicken farms - growing chickens only),74744758907,,,2019/2020,http://www.npi.gov.au/npidata/action/load/individual-facility-detail/criteria/state/WA/year/2020/jurisdiction-facility/WA1570
WESTKON PRECAST P/L,WESTKON PRECAST P/L,VIC,Sunshine,528A BALLARAT RD,3020,2034,Concrete Product Manufacturing,Manufacture of pre-cast concrete elements.,92107423156,107423156,http://www.westkon.com.au,2007/2008,http://www.npi.gov.au/npidata/action/load/individual-facility-detail/criteria/state/VIC/year/2008/jurisdiction-facility/00007110
WESTSIDE CORPORATION PTY LIMITED,Meridian Seam Gas,QLD,Kianga,Gibihi Rd,4718,0700,Oil and Gas Extraction,Natural gas extraction,74117145516,117145516,https://www.westsidecorporation.com,2023/2024,http://www.npi.gov.au/npidata/action/load/individual-facility-detail/criteria/state/QLD/year/2024/jurisdiction-facility/Q012WCL001
"WHITE, NOEL J & PATRICIA F",Ellenbank Enterprises,TAS,Nugent,1056 NUGENT RD,7172,0171,Poultry Farming (Meat),Intensive Livestock-Poultry Raising,61225381562,,,2012/2013,http://www.npi.gov.au/npidata/action/load/individual-facility-detail/criteria/state/TAS/year/2013/jurisdiction-facility/Tas+396
WHITEHAVEN COAL MINING PTY LIMITED,Canyon Coal Mine (formerly Whitehaven),NSW,Boggabri,Hoads Lane,2382,0600,Coal Mining,Open cut coal mining,65086426253,086426253,http://www.whitehavencoal.com.au,2009/2010,http://www.npi.gov.au/npidata/action/load/individual-facility-detail/criteria/state/NSW/year/2010/jurisdiction-facility/892
WHITEHEADS TIMBER SALES PTY LTD,Whiteheads Timber Sales,SA,Mount Gambier,CNR LAKE TERRACE EAST & LEWIS AV,5290,1411,Log Sawmilling,Saw Mill and Timber Preservation Site,91055540611,055540611,,2023/2024,http://www.npi.gov.au/npidata/action/load/individual-facility-detail/criteria/state/SA/year/2024/jurisdiction-facility/SA0520
WIDEBAY WATER CORP,Howard Water Treatment Plant,QLD,Howard,LOT 1 PLAN RP13653 STELEY ST,4659,2811,Water Supply,Water Treatment,98380729010,,http://www.widebaywater.qld.gov.au,2005/2006,http://www.npi.gov.au/npidata/action/load/individual-facility-detail/criteria/state/QLD/year/2006/jurisdiction-facility/Q046WBW001
WILGAHURST PTY LTD,Injune Cypress,QLD,Injune,126 Womblebank Gap Road,4454,1411,Log Sawmilling,Sawmilling,30260957573,,,2023/2024,http://www.npi.gov.au/npidata/action/load/individual-facility-detail/criteria/state/QLD/year/2024/jurisdiction-facility/Q039SAW012
WILKINS TIMBER PTY LTD,MGG & GA WILKINS,QLD,Inglewood,5 Regent Street,4387,1411,Log Sawmilling,Sawmilling,65109526696,109526696,,2003/2004,http://www.npi.gov.au/npidata/action/load/individual-facility-detail/criteria/state/QLD/year/2004/jurisdiction-facility/Q039WMG001
WILLOWGOLD HOLDINGS PTY LTD,Willowgold Holdings Pty Ltd,WA,Kenwick,246 Victoria Road,6107,0171,Poultry Farming (Meat),Chicken raising for meat production.,63059866867,059866867,,2022/2023,http://www.npi.gov.au/npidata/action/load/individual-facility-detail/criteria/state/WA/year/2023/jurisdiction-facility/WA0648
WILPINJONG COAL PTY LTD,Wilpinjong Coal Mine,NSW,Ulan,Ulan Wollar Road,2850,0600,Coal Mining,Open cut coal mining,87104594694,104594694,https://www.peabodyenergy.com/Operations/Australia-Mining/New-South-Wales-Mining/Wilpinjong-Mine,2023/2024,http://www.npi.gov.au/npidata/action/load/individual-facility-detail/criteria/state/NSW/year/2024/jurisdiction-facility/1095
WILTON COKING COAL PTY LTD,Wilton Coal,QLD,Emerald,Wilton Mine Fairhill Road,4720,0600,Coal Mining,Black Coal Mining,16147034277,147034277,http://www.futuraresources.com.au,2023/2024,http://www.npi.gov.au/npidata/action/load/individual-facility-detail/criteria/state/QLD/year/2024/jurisdiction-facility/Q020WCC001
WINCHESTER AUST LTD,WINCHESTER AUST LTD,VIC,Point Henry,65 HAYS RD,3221,2299,Other Fabricated Metal Product Manufacturing n.e.c.,Ammunition manufacturing,50004645318,004645318,,2018/2019,http://www.npi.gov.au/npidata/action/load/individual-facility-detail/criteria/state/VIC/year/2019/jurisdiction-facility/00020305
WING PLASTICS PTY LTD,Wing Plastics,SA,Lonsdale,12 Waddikee Road,5160,1911,Polymer Film and Sheet Packaging Material Manufacturing,Manufacture of Printed Flexographic Flexible Packaging,58660087294,660087294,,2023/2024,http://www.npi.gov.au/npidata/action/load/individual-facility-detail/criteria/state/SA/year/2024/jurisdiction-facility/SA0636
WINGHAM BEEF EXPORTS PTY LIMITED,Wingham Beef Exports Pty Ltd,NSW,Wingham,1295 Gloucester Road,2429,1111,Meat Processing,Beef processing facility and refrigeration,19002954789,002954789,,2023/2024,http://www.npi.gov.au/npidata/action/load/individual-facility-detail/criteria/state/NSW/year/2024/jurisdiction-facility/837
WIRRAWAY HOLDINGS PTY LTD,Wirraway Holdings Pty Ltd,WA,Forrestdale,Lot 507 Hale Road,6112,0171,Poultry Farming (Meat),Chicken raising for meat production,56009306021,009306021,,2021/2022,http://www.npi.gov.au/npidata/action/load/individual-facility-detail/criteria/state/WA/year/2022/jurisdiction-facility/WA0591
WISHBONE PTY LTD,Wishbone Farm,QLD,Glasshouse Mountains,1047 Steve Irwin Way,4518,0171,Poultry Farming (Meat),Meat Chicken Facility,79848848757,,,2016/2017,http://www.npi.gov.au/npidata/action/load/individual-facility-detail/criteria/state/QLD/year/2017/jurisdiction-facility/Q086ILB061
WODONGA QUARRIES PTY LTD,Wodonga,VIC,West Wodonga,136 EDWARDS RD,3690,0911,Gravel and Sand Quarrying,"Sand quarrying, washing or screening",26006795857,006795857,,2023/2024,http://www.npi.gov.au/npidata/action/load/individual-facility-detail/criteria/state/VIC/year/2024/jurisdiction-facility/00030851
WODONGA RENDERING PTY LTD,Wodonga Rendering,VIC,Wodonga,54 KELLY ST,3690,1111,Meat Processing,"Processing livestock (beef, goats and sheep) in abattoir primarily for the export market. Rendering abattoir material to produce tallow, meat & bone meal and blood meal for the domestic and export market.
Salting small-stock skins for the export market.",67074885457,074885457,https://www.wodongaabattoir.com.au/,2023/2024,http://www.npi.gov.au/npidata/action/load/individual-facility-detail/criteria/state/VIC/year/2024/jurisdiction-facility/00004409
WODONGA RURAL CITY COUNCIL,Beechworth Road Landfill,VIC,Wodonga,BEECHWORTH RD,3690,2921,Waste Treatment and Disposal Services,Landfill,63277160265,,http://www.wodonga.vic.gov.au,2008/2009,http://www.npi.gov.au/npidata/action/load/individual-facility-detail/criteria/state/VIC/year/2009/jurisdiction-facility/00007011
WOHLFAHRT CHOOKS PTY LTD,WOHLFAHRT CHOOKS PTY LTD,QLD,Arriga,1664 Dimbulah Road,4880,0171,Poultry Farming (Meat),Meat Chicken Facility,59651247326,651247326,,2021/2022,http://www.npi.gov.au/npidata/action/load/individual-facility-detail/criteria/state/QLD/year/2022/jurisdiction-facility/Q086ILB001
WOHLFAHRT GRACELAND PTY LTD,WOHLFAHRT GRACELAND PTY LTD,QLD,Mareeba,90 North Walsh Road,4880,0171,Poultry Farming (Meat),Meat Chicken Facility,28657398813,657398813,,2021/2022,http://www.npi.gov.au/npidata/action/load/individual-facility-detail/criteria/state/QLD/year/2022/jurisdiction-facility/Q086ILB070
WOLLAM PTY LTD,Hillside,TAS,Forcet,525 WHITE HILLS ROAD,7173,0171,Poultry Farming (Meat),Intensive Livestock-Poultry raising,,104107931,,2012/2013,http://www.npi.gov.au/npidata/action/load/individual-facility-detail/criteria/state/TAS/year/2013/jurisdiction-facility/TAS+412
WOLLONGONG RESOURCES PTY LTD,Russell Vale Colliery,NSW,Russell Vale,Cnr Princes Highway and Bellambi Lane,2517,0600,Coal Mining,Coal mining,28111244896,,https://wollongongresources.net.au/,2023/2024,http://www.npi.gov.au/npidata/action/load/individual-facility-detail/criteria/state/NSW/year/2024/jurisdiction-facility/472
WOMBLEBANK SAWMILLING PTY LTD,Womblebank Sawmilling Company,QLD,Injune,116 WOMBLEBANK GAP RD,4454,1411,Log Sawmilling,Sawmilling/Timber Preservation,,114766451,,2015/2016,http://www.npi.gov.au/npidata/action/load/individual-facility-detail/criteria/state/QLD/year/2016/jurisdiction-facility/Q039HNK001
WONBINDI COAL PTY LIMITED,Baralaba Coal Mine,QLD,Baralaba,Baralaba - Woorabinda Road,4702,0600,Coal Mining,"Open cut coal mining, workshops",62114668941,114668941,baralabacoal.com.au,2023/2024,http://www.npi.gov.au/npidata/action/load/individual-facility-detail/criteria/state/QLD/year/2024/jurisdiction-facility/Q020BAR001
WONGAWILLI COAL PTY LTD,Wongawilli Colliery,NSW,West Dapto,Jersey Farm Road,2530,0600,Coal Mining,Underground coal mining; coal stockpile (coal handling and loading).,77111928762,,,2023/2024,http://www.npi.gov.au/npidata/action/load/individual-facility-detail/criteria/state/NSW/year/2024/jurisdiction-facility/362
WOODBRAE HOLDINGS PTY LTD,Harden Abattoir,NSW,Harden,Saleyard Road,2587,1111,Meat Processing,Animal slaughter and livestock processing. Export lamb abattoir. CURRENTLY CLOSED FOR THE FORSEEABLE FUTURE.,25991891059,079846316,,2003/2004,http://www.npi.gov.au/npidata/action/load/individual-facility-detail/criteria/state/NSW/year/2004/jurisdiction-facility/893
WOODLANDS ENTERPRISES PTY,Broiler Farm 1C,QLD,Beerwah,206 Pine Camp Road,4519,0171,Poultry Farming (Meat),Meat Chicken Facility,48009759746,009759746,http://www.woodlandsfeed.com.au,2006/2007,http://www.npi.gov.au/npidata/action/load/individual-facility-detail/criteria/state/QLD/year/2007/jurisdiction-facility/Q086ILE032
WOODLANDS ENTERPRISES PTY LTD,Breeder Farm B3,QLD,Harlin,36 Ruckers Lane,4306,0171,Poultry Farming (Meat),Poultry Breeder (Meat),48009759746,009759746,,2023/2024,http://www.npi.gov.au/npidata/action/load/individual-facility-detail/criteria/state/QLD/year/2024/jurisdiction-facility/Q086ILB099
WOODSIDE ENERGY GLOBAL PTY LTD,Macedon Gas Project,WA,Talandji,Lot 500 on DP69197 via Onslow Road,6710,0700,Oil and Gas Extraction,An offshore gas field with gas piped to an onshore gas processing facility located 10 km south-west of Onslow in Western Australia. Natural gas is transported south via the Dampier-Bunbury Natural Gas Pipeline. ,97006918832,006918832,http://www.woodside.com.au,2023/2024,http://www.npi.gov.au/npidata/action/load/individual-facility-detail/criteria/state/WA/year/2024/jurisdiction-facility/WA1425
WOODSIDE ENERGY LIMITED,Marine 500 Drill Rig - Enfield 3 Well,WA,Via Dampier,North West Shelf,6713,0700,Oil and Gas Extraction,"Exploration of oil and gas, drilling and production testing.",,005482986,http://www.woodside.com.au,2000/2001,http://www.npi.gov.au/npidata/action/load/individual-facility-detail/criteria/state/WA/year/2001/jurisdiction-facility/WA0431
WOODSIDE ENERGY LTD,Alaric-1,WA,Exmouth,353 km NW Exmouth,6753,0700,Oil and Gas Extraction,Mobile Offshore Drilling and Diesel Consumption by the MODU Maersk Discoverer.,63005482986,005482986,http://www.woodside.com.au/,2010/2011,http://www.npi.gov.au/npidata/action/load/individual-facility-detail/criteria/state/WA/year/2011/jurisdiction-facility/WA1242
WOODSIDE OFFSHORE PETROLEUM,Ocean Bounty - Wanaea 1 Intervention,WA,Offshore,Offshore,9999,0700,Oil and Gas Extraction,Intervention operations including re-perforations and replacement of downhole equipment,,005482986,,2001/2002,http://www.npi.gov.au/npidata/action/load/individual-facility-detail/criteria/state/WA/year/2002/jurisdiction-facility/WA0555
WOODWARD FOODS AUSTRALIA PTY LTD,Swan Hill Abattoirs,VIC,Swan Hill,334C RIVER RD,3585,1111,Meat Processing,Meat processing & rendering,93623470575,623470575,https://www.woodwardfoods.com.au/,2023/2024,http://www.npi.gov.au/npidata/action/load/individual-facility-detail/criteria/state/VIC/year/2024/jurisdiction-facility/00004457
WORLEY POWER SERVICES PTY LTD,Alfred Hospital Cogeneration Plant,VIC,Melbourne,ALFRED HOSPITAL COMMERCIAL RD,3004,2611,Fossil Fuel Electricity Generation,Electricity and process steam generation (cogeneration).,50112723181,112723181,,2023/2024,http://www.npi.gov.au/npidata/action/load/individual-facility-detail/criteria/state/VIC/year/2024/jurisdiction-facility/00004021
WYNDHAM CITY COUNCIL,Wests Road Landfill,VIC,Werribee,"WERRIBEE LANDFILL, WESTS RD",3030,2921,Waste Treatment and Disposal Services,Waste disposal (Non-prescribed waste only),38393903860,,http://www.wyndham.vic.gov.au,2015/2016,http://www.npi.gov.au/npidata/action/load/individual-facility-detail/criteria/state/VIC/year/2016/jurisdiction-facility/00006959
XSTRATA COAL PTY LTD,Cumnock No.1 Colliery,NSW,Ravensworth,Off Old New England Highway,2330,0600,Coal Mining,Black coal mining,18051932122,051932122,http://www.xstratacoal.com.au/,2010/2011,http://www.npi.gov.au/npidata/action/load/individual-facility-detail/criteria/state/NSW/year/2011/jurisdiction-facility/547
XSTRATA MANGOOLA PTY LIMITED,Mangoola Coal,NSW,Muswellbrook,Wybong Road,2333,0600,Coal Mining,Coal mining,54127535755,127535755,http://www.mangoolamine.com.au,2023/2024,http://www.npi.gov.au/npidata/action/load/individual-facility-detail/criteria/state/NSW/year/2024/jurisdiction-facility/1250
YAN YEAN WATER PTY LTD,Yan Yean Water Treatment Plant,VIC,Yan Yean,CNR RECREATION RD & ARTHURS CREEK RD,3755,2811,Water Supply,Potable water treatment.,16055222770,055222770,http://www.melbournewater.com.au,2012/2013,http://www.npi.gov.au/npidata/action/load/individual-facility-detail/criteria/state/VIC/year/2013/jurisdiction-facility/00019816
YARA PILBARA FERTILISERS PTY LTD,Yara Pilbara Fertiliser Plant,WA,Burrup Peninsular,"LOT Vol 3125 , Folio 243 King Bay-Hearson Cove Industrial Area",6714,1831,Fertiliser Manufacturing,Synthesis of Ammonia from natural gas for use in manufacture of fertiliser,74095441151,095441151,http://www.yara.com.au/about-yara/about-yara-local/yara-pilbara/fertilisers/,2023/2024,http://www.npi.gov.au/npidata/action/load/individual-facility-detail/criteria/state/WA/year/2024/jurisdiction-facility/WA0940
YARA PILBARA NITRATES PTY LTD,Yara Pilbara Nitrates Plant,WA,Burrup,Lot 3017 on DP 50979 Village Road,6714,1831,Fertiliser Manufacturing,Synthesis of technical ammonium nitrate from ammonia,33127391422,127391422,http://www.yara.com.au,2023/2024,http://www.npi.gov.au/npidata/action/load/individual-facility-detail/criteria/state/WA/year/2024/jurisdiction-facility/WA1498
YARRA RANGES SHIRE COUNCIL,Coldstream Landfill & Waste Transfer Centre,VIC,Coldstream,CNR INGRAM RD & LEONARD RD,3770,2921,Waste Treatment and Disposal Services,"Landfill operations, and the recovery and recycling of waste deposited at the recovery and waste transfer centre.",21973226012,,,2004/2005,http://www.npi.gov.au/npidata/action/load/individual-facility-detail/criteria/state/VIC/year/2005/jurisdiction-facility/00006999
YARRABEE COAL COMPANY PTY LTD,Yancoal - Yarrabee,QLD,Blackwater,YARRABEE MINE; VIA,4717,0600,Coal Mining,Coal mining,30010849402,010849402,,2023/2024,http://www.npi.gov.au/npidata/action/load/individual-facility-detail/criteria/state/QLD/year/2024/jurisdiction-facility/Q020YCC001
YOLARNO PTY LIMITED,Bindaree Beef Inverell,NSW,Inverell,Warialda Road,2360,1111,Meat Processing,Meat Processing,42056599163,056599163,http://www.bindareebeefgroup.com.au,2023/2024,http://www.npi.gov.au/npidata/action/load/individual-facility-detail/criteria/state/NSW/year/2024/jurisdiction-facility/888
YOLARNO PTY LTD,South Burnett Beef,QLD,Murgon,20 Mickan Street,4605,1111,Meat Processing,Meat Processing,95002255183,002255183,http://www.bindareebeef.com.au,2005/2006,http://www.npi.gov.au/npidata/action/load/individual-facility-detail/criteria/state/QLD/year/2006/jurisdiction-facility/Q033SBB001
