Name,Phone,Address,Website,ABN,URL
Able Mobile Sawmill,(02) 4782 9829,Katoomba NSW 2780,,26120575337,https://www.yellowpages.com.au/nsw/katoomba/able-mobile-sawmill-12390018-listing.html
Amalgamated Timber,0408 457 156,"PO Box 32, Highfields QLD 4352",,70767327919,https://www.yellowpages.com.au/qld/highfields/amalgamated-timber-13932465-listing.html
Robertson Bros Sawmills Pty Ltd,(07) 5482 2943,"30 Old Wolvi Rd, Gympie QLD 4570",http://www.robsaw.com.au,80010242083,https://www.yellowpages.com.au/qld/gympie/robertson-bros-sawmills-pty-ltd-13303353-listing.html
Adam's Sawmill Pty Ltd,(02) 6653 4216,"314 Gleniffer Rd, Bonville NSW 2450",http://www.adamssawmill.com,98002757477,https://www.yellowpages.com.au/nsw/bonville/adams-sawmill-pty-ltd-14959528-listing.html
Hogan Sawmill,(02) 6632 1173,"77 Kyogle Rd, Kyogle NSW 2474",,75001585682,https://www.yellowpages.com.au/nsw/kyogle/hogan-sawmill-11925338-listing.html
Gympie Timber Co Pty Ltd,(07) 5482 4699,"129 North Deep Creek Rd, Gympie QLD 4570",http://www.gympietimber.com.au,47009684342,https://www.yellowpages.com.au/qld/gympie/gympie-timber-co-pty-ltd-15019212-listing.html
Peachester Sawmilling Company Pty Ltd,(07) 5494 9515,"Commissioner's Flat Rd, Peachester QLD 4519",,51009710258,https://www.yellowpages.com.au/qld/peachester/peachester-sawmilling-company-pty-ltd-12182110-listing.html
Platypus Timbers,(07) 4954 0144,"393 Kuttabul-Mt Jukes Rd, Kuttabul QLD 4741",http://www.platypustimbers.com,60618320145,https://www.yellowpages.com.au/qld/kuttabul/platypus-timbers-14575985-listing.html
GRANTS SAWMILLING CO Pty Ltd,(02) 6959 1700,"140 River St, Narrandera NSW 2700",http://www.grantscypress.com.au/default.asp?_=Home,33108003229,https://www.yellowpages.com.au/nsw/narrandera/grants-sawmilling-co-pty-ltd-13001577-listing.html
Walker Cypress Mills Pty Ltd,(07) 4668 0138,"118 Taylor St, Cecil Plains QLD 4407",http://www.cypressmills.com.au,52001157008,https://www.yellowpages.com.au/qld/cecil-plains/walker-cypress-mills-pty-ltd-12453709-listing.html
Central Coast Saw milling,0418 408 150,Kulnura NSW 2250,http://www.ccsm.com.au,50655156605,https://www.yellowpages.com.au/nsw/kulnura/central-coast-saw-milling-14601988-listing.html
Dovetail Timbers,0429 132 929,Bonnet Hill TAS 7053,http://www.dovetailtimbers.com,67147644442,https://www.yellowpages.com.au/tas/bonnet-hill/dovetail-timbers-13926584-listing.html
North East Hardwoods,0439 664 743,Tyndale NSW 2460,http://www.northeasthardwoods.net,38769864372,https://www.yellowpages.com.au/nsw/tyndale/north-east-hardwoods-12821027-listing.html
Penrose Pine Products Pty Ltd,(02) 4884 4355,"1 Penrose Rd, Penrose NSW 2579",http://www.penrosepine.com.au,59153232574,https://www.yellowpages.com.au/nsw/penrose/penrose-pine-products-pty-ltd-12117114-listing.html
EyeWood,(03) 6393 2472,"13 Deviation Rd, Westbury TAS 7303",https://www.facebook.com/EyeWood-533670583422992,72372966506,https://www.yellowpages.com.au/tas/westbury/eyewood-1000002188300-listing.html
Wade Sawmill Pty Ltd,(07) 4122 3699,"7 Production Street,, Maryborough QLD 4650",http://www.wadesawmill.com.au,46011062034,https://www.yellowpages.com.au/qld/maryborough/wade-sawmill-pty-ltd-12333432-listing.html
McFadzen K I & J R,(07) 4950 5164,"537 Airstrip Rd, Nebo QLD 4742",,58079108930,https://www.yellowpages.com.au/qld/nebo/mcfadzen-k-i-j-r-11920179-listing.html
Log Check Forestry,0427 795 224,,,67620598209,https://www.yellowpages.com.au/sup/log-check-forestry-1000002822690-listing.html
Bowraville Sawmilling,0427 687 005,"Rodeo Dr, Bowraville NSW 2449",,95095489553,https://www.yellowpages.com.au/nsw/bowraville/bowraville-sawmilling-14249916-listing.html
Industrial Timber Sales Pty Ltd,(07) 3888 8827,"42 Ferrier Rd, Narangba QLD 4504",,47147889058,https://www.yellowpages.com.au/qld/narangba/industrial-timber-sales-pty-ltd-1000000757041-listing.html
S.T. Olive & Sons (Dingo) Pty Ltd,,,,71168433547,https://www.yellowpages.com.au/sup/st-olive-sons-dingo-pty-ltd-1000002776100-listing.html
Banana Road Timbers Pty Ltd,0408 066 127,"96 Banana Rd, Mororo NSW 2469",,26614879015,https://www.yellowpages.com.au/nsw/mororo/banana-road-timbers-pty-ltd-13772761-listing.html
Benaraby Sawmill,(07) 4975 0154,"199 Awoonga Dam Rd, Benaraby QLD 4680",,64140074951,https://www.yellowpages.com.au/qld/benaraby/benaraby-sawmill-13835963-listing.html
McKay Timber,(03) 6272 6941,"Wrights Ave, Glenorchy TAS 7010",,33009587964,https://www.yellowpages.com.au/tas/glenorchy/mckay-timber-1000002912515-listing.html
Henson Sawmilling,(02) 6644 7801,"230 Orchard Rd, Mountain View NSW 2460",,61006554543,https://www.yellowpages.com.au/nsw/mountain-view/henson-sawmilling-11954401-listing.html
Complete Greenwaste Services,0427 994 559,,,80431176722,https://www.yellowpages.com.au/sup/complete-greenwaste-services-13388939-listing.html
Schwabenforest Pty Ltd,(03) 6394 4395,Rosevears TAS 7277,,91881074645,https://www.yellowpages.com.au/tas/rosevears/schwabenforest-pty-ltd-12398064-listing.html
Radial Timber Australia,(03) 5182 6355,Yarram VIC 3971,,67007284380,https://www.yellowpages.com.au/vic/yarram/radial-timber-australia-13069148-listing.html
Sawnrite,(03) 5573 5269,Croxton East VIC 3301,,93070819179,https://www.yellowpages.com.au/vic/croxton-east/sawnrite-14825521-listing.html
LONG FLAT TIMBERS,(02) 6587 7253,Yarras NSW 2446,http://longflattimbers.com.au,59578772927,https://www.yellowpages.com.au/nsw/yarras/long-flat-timbers-1000002313811-listing.html
Hayter L M & Sons Pty Ltd,(02) 4653 1352,"950 Silverdale Rd, Werombi NSW 2570",,75070498074,https://www.yellowpages.com.au/nsw/werombi/hayter-l-m-sons-pty-ltd-12799743-listing.html
Dent Timbers Pty ltd,(02) 6644 7013,"56 Clark Rd, Trenayr NSW 2460",,15082157328,https://www.yellowpages.com.au/nsw/trenayr/dent-timbers-pty-ltd-13002758-listing.html
Townsville Pallet & Crate Manufacturers,(07) 4774 5284,"Enterprise St, Bohle QLD 4818",,28053241553,https://www.yellowpages.com.au/qld/bohle/townsville-pallet-crate-manufacturers-13517734-listing.html
Woodford Timbers Pty Ltd,(07) 5496 1008,"Sawmill Rd, Woodford QLD 4514",,58658339223,https://www.yellowpages.com.au/qld/woodford/woodford-timbers-pty-ltd-14993254-listing.html
Howard Sawmill,(07) 4129 4976,"10 Old Bruce Hwy, Howard QLD 4659",,20010602285,https://www.yellowpages.com.au/qld/howard/howard-sawmill-12186000-listing.html
Milwise Pty Ltd,0417 985 318,Bedfordale WA 6112,,39079908973,https://www.yellowpages.com.au/wa/bedfordale/milwise-pty-ltd-12406292-listing.html
A E Girle & Sons,(07) 4675 1104,"Taloom St, Yelarbon QLD 4388",,22478985281,https://www.yellowpages.com.au/qld/yelarbon/a-e-girle-sons-12284196-listing.html
Alex Bridge Timber Mill,0428 182 285,"295 Great North Rd, Nillup WA 6288",,48383139258,https://www.yellowpages.com.au/wa/nillup/alex-bridge-timber-mill-13772542-listing.html
Womblebank Sawmilling Co,(07) 4626 1191,"116 Womblebank Gap Rd, Injune QLD 4454",,52606649585,https://www.yellowpages.com.au/qld/injune/womblebank-sawmilling-co-13318987-listing.html
Newells Creek Sawmilling Pty Ltd,(02) 4997 8123,"Markwell Rd, Markwell NSW 2423",,70000215421,https://www.yellowpages.com.au/nsw/markwell/newells-creek-sawmilling-pty-ltd-13174266-listing.html
O'Briens Sawmill,(07) 4947 1503,"Sawmill Dr, Proserpine QLD 4800",,76504690727,https://www.yellowpages.com.au/qld/proserpine/obriens-sawmill-13363703-listing.html
Robertson Bros Sawmills Pty Ltd,(07) 5482 2943,"30 Old Wolvi Rd, Gympie QLD 4570",http://www.robsaw.com.au,80010242083,https://www.yellowpages.com.au/qld/gympie/robertson-bros-sawmills-pty-ltd-13303353-listing.html
Adam's Sawmill Pty Ltd,(02) 6653 4216,"314 Gleniffer Rd, Bonville NSW 2450",http://www.adamssawmill.com,98002757477,https://www.yellowpages.com.au/nsw/bonville/adams-sawmill-pty-ltd-14959528-listing.html
Gympie Timber Co Pty Ltd,(07) 5482 4699,"129 North Deep Creek Rd, Gympie QLD 4570",http://www.gympietimber.com.au,47009684342,https://www.yellowpages.com.au/qld/gympie/gympie-timber-co-pty-ltd-15019212-listing.html
Hogan Sawmill,(02) 6632 1173,"77 Kyogle Rd, Kyogle NSW 2474",,75001585682,https://www.yellowpages.com.au/nsw/kyogle/hogan-sawmill-11925338-listing.html
Peachester Sawmilling Company Pty Ltd,(07) 5494 9515,"Commissioner's Flat Rd, Peachester QLD 4519",,51009710258,https://www.yellowpages.com.au/qld/peachester/peachester-sawmilling-company-pty-ltd-12182110-listing.html
Platypus Timbers,(07) 4954 0144,"393 Kuttabul-Mt Jukes Rd, Kuttabul QLD 4741",http://www.platypustimbers.com,60618320145,https://www.yellowpages.com.au/qld/kuttabul/platypus-timbers-14575985-listing.html
McFadzen K I & J R,(07) 4950 5164,"537 Airstrip Rd, Nebo QLD 4742",,58079108930,https://www.yellowpages.com.au/qld/nebo/mcfadzen-k-i-j-r-11920179-listing.html
GRANTS SAWMILLING CO Pty Ltd,(02) 6959 1700,"140 River St, Narrandera NSW 2700",http://www.grantscypress.com.au/default.asp?_=Home,33108003229,https://www.yellowpages.com.au/nsw/narrandera/grants-sawmilling-co-pty-ltd-13001577-listing.html
Walker Cypress Mills Pty Ltd,(07) 4668 0138,"118 Taylor St, Cecil Plains QLD 4407",http://www.cypressmills.com.au,52001157008,https://www.yellowpages.com.au/qld/cecil-plains/walker-cypress-mills-pty-ltd-12453709-listing.html
Central Coast Saw milling,0418 408 150,Kulnura NSW 2250,http://www.ccsm.com.au,50655156605,https://www.yellowpages.com.au/nsw/kulnura/central-coast-saw-milling-14601988-listing.html
Dovetail Timbers,0429 132 929,Bonnet Hill TAS 7053,http://www.dovetailtimbers.com,67147644442,https://www.yellowpages.com.au/tas/bonnet-hill/dovetail-timbers-13926584-listing.html
North East Hardwoods,0439 664 743,Tyndale NSW 2460,http://www.northeasthardwoods.net,38769864372,https://www.yellowpages.com.au/nsw/tyndale/north-east-hardwoods-12821027-listing.html
Penrose Pine Products Pty Ltd,(02) 4884 4355,"1 Penrose Rd, Penrose NSW 2579",http://www.penrosepine.com.au,59153232574,https://www.yellowpages.com.au/nsw/penrose/penrose-pine-products-pty-ltd-12117114-listing.html
EyeWood,(03) 6393 2472,"13 Deviation Rd, Westbury TAS 7303",https://www.facebook.com/EyeWood-533670583422992,72372966506,https://www.yellowpages.com.au/tas/westbury/eyewood-1000002188300-listing.html
Wade Sawmill Pty Ltd,(07) 4122 3699,"7 Production Street,, Maryborough QLD 4650",http://www.wadesawmill.com.au,46011062034,https://www.yellowpages.com.au/qld/maryborough/wade-sawmill-pty-ltd-12333432-listing.html
Bowraville Sawmilling,0427 687 005,"Rodeo Dr, Bowraville NSW 2449",,95095489553,https://www.yellowpages.com.au/nsw/bowraville/bowraville-sawmilling-14249916-listing.html
Log Check Forestry,0427 795 224,,,67620598209,https://www.yellowpages.com.au/sup/log-check-forestry-1000002822690-listing.html
Able Mobile Sawmill,(02) 4782 9829,Katoomba NSW 2780,,26120575337,https://www.yellowpages.com.au/nsw/katoomba/able-mobile-sawmill-12390018-listing.html
Industrial Timber Sales Pty Ltd,(07) 3888 8827,"42 Ferrier Rd, Narangba QLD 4504",,47147889058,https://www.yellowpages.com.au/qld/narangba/industrial-timber-sales-pty-ltd-1000000757041-listing.html
S.T. Olive & Sons (Dingo) Pty Ltd,,,,71168433547,https://www.yellowpages.com.au/sup/st-olive-sons-dingo-pty-ltd-1000002776100-listing.html
Banana Road Timbers Pty Ltd,0408 066 127,"96 Banana Rd, Mororo NSW 2469",,26614879015,https://www.yellowpages.com.au/nsw/mororo/banana-road-timbers-pty-ltd-13772761-listing.html
Benaraby Sawmill,(07) 4975 0154,"199 Awoonga Dam Rd, Benaraby QLD 4680",,64140074951,https://www.yellowpages.com.au/qld/benaraby/benaraby-sawmill-13835963-listing.html
McKay Timber,(03) 6272 6941,"Wrights Ave, Glenorchy TAS 7010",,33009587964,https://www.yellowpages.com.au/tas/glenorchy/mckay-timber-1000002912515-listing.html
Henson Sawmilling,(02) 6644 7801,"230 Orchard Rd, Mountain View NSW 2460",,61006554543,https://www.yellowpages.com.au/nsw/mountain-view/henson-sawmilling-11954401-listing.html
Complete Greenwaste Services,0427 994 559,,,80431176722,https://www.yellowpages.com.au/sup/complete-greenwaste-services-13388939-listing.html
Schwabenforest Pty Ltd,(03) 6394 4395,Rosevears TAS 7277,,91881074645,https://www.yellowpages.com.au/tas/rosevears/schwabenforest-pty-ltd-12398064-listing.html
Radial Timber Australia,(03) 5182 6355,Yarram VIC 3971,,67007284380,https://www.yellowpages.com.au/vic/yarram/radial-timber-australia-13069148-listing.html
Sawnrite,(03) 5573 5269,Croxton East VIC 3301,,93070819179,https://www.yellowpages.com.au/vic/croxton-east/sawnrite-14825521-listing.html
LONG FLAT TIMBERS,(02) 6587 7253,Yarras NSW 2446,http://longflattimbers.com.au,59578772927,https://www.yellowpages.com.au/nsw/yarras/long-flat-timbers-1000002313811-listing.html
Hayter L M & Sons Pty Ltd,(02) 4653 1352,"950 Silverdale Rd, Werombi NSW 2570",,75070498074,https://www.yellowpages.com.au/nsw/werombi/hayter-l-m-sons-pty-ltd-12799743-listing.html
Dent Timbers Pty ltd,(02) 6644 7013,"56 Clark Rd, Trenayr NSW 2460",,15082157328,https://www.yellowpages.com.au/nsw/trenayr/dent-timbers-pty-ltd-13002758-listing.html
Townsville Pallet & Crate Manufacturers,(07) 4774 5284,"Enterprise St, Bohle QLD 4818",,28053241553,https://www.yellowpages.com.au/qld/bohle/townsville-pallet-crate-manufacturers-13517734-listing.html
Woodford Timbers Pty Ltd,(07) 5496 1008,"Sawmill Rd, Woodford QLD 4514",,58658339223,https://www.yellowpages.com.au/qld/woodford/woodford-timbers-pty-ltd-14993254-listing.html
Howard Sawmill,(07) 4129 4976,"10 Old Bruce Hwy, Howard QLD 4659",,20010602285,https://www.yellowpages.com.au/qld/howard/howard-sawmill-12186000-listing.html
Milwise Pty Ltd,0417 985 318,Bedfordale WA 6112,,39079908973,https://www.yellowpages.com.au/wa/bedfordale/milwise-pty-ltd-12406292-listing.html
A E Girle & Sons,(07) 4675 1104,"Taloom St, Yelarbon QLD 4388",,22478985281,https://www.yellowpages.com.au/qld/yelarbon/a-e-girle-sons-12284196-listing.html
Alex Bridge Timber Mill,0428 182 285,"295 Great North Rd, Nillup WA 6288",,48383139258,https://www.yellowpages.com.au/wa/nillup/alex-bridge-timber-mill-13772542-listing.html
Womblebank Sawmilling Co,(07) 4626 1191,"116 Womblebank Gap Rd, Injune QLD 4454",,52606649585,https://www.yellowpages.com.au/qld/injune/womblebank-sawmilling-co-13318987-listing.html
Newells Creek Sawmilling Pty Ltd,(02) 4997 8123,"Markwell Rd, Markwell NSW 2423",,70000215421,https://www.yellowpages.com.au/nsw/markwell/newells-creek-sawmilling-pty-ltd-13174266-listing.html
O'Briens Sawmill,(07) 4947 1503,"Sawmill Dr, Proserpine QLD 4800",,76504690727,https://www.yellowpages.com.au/qld/proserpine/obriens-sawmill-13363703-listing.html
Lobb Street Sawmill,(07) 2145 0681,"123 Lobb St, Churchill QLD 4305",https://www.lobbstsawmill.com.au,75044048005,https://www.yellowpages.com.au/qld/churchill/lobb-street-sawmill-12518834-listing.html
Gnomes Landscaping & Garden Supplies,(02) 6551 0553,"152 Manning River Dr, Taree South NSW 2430",http://www.gnomes.com.au,67002732158,https://www.yellowpages.com.au/nsw/taree-south/gnomes-landscaping-garden-supplies-1000000740743-listing.html
Warburton Timber Co Pty Ltd,(03) 5966 6272,"22 Hazeldene Rd, Gladysdale VIC 3797",http://www.warburtontimber.com.au,46004527477,https://www.yellowpages.com.au/vic/gladysdale/warburton-timber-co-pty-ltd-13846782-listing.html
LONG FLAT TIMBERS,(02) 6587 7253,Yarras NSW 2446,http://longflattimbers.com.au,59578772927,https://www.yellowpages.com.au/nsw/yarras/long-flat-timbers-1000002313811-listing.html
Belmont Timber NSW Pty Ltd,(02) 9681 2100,"75 Lisbon St, Fairfield NSW 2165",http://www.belmonttimber.com.au,35000136774,https://www.yellowpages.com.au/nsw/fairfield/belmont-timber-nsw-pty-ltd-12359101-listing.html
Perry's Timber & Fencing,(02) 4261 7072,"56 Marshall St, Dapto NSW 2530",https://www.perrysfencing.com.au,65064355330,https://www.yellowpages.com.au/nsw/dapto/perrys-timber-fencing-13405390-listing.html
Tenterfield Timber & Hardware,(02) 6736 5801,"7 Clifton St, Tenterfield NSW 2372",http://tenterfieldtimber.com.au,54673909025,https://www.yellowpages.com.au/nsw/tenterfield/tenterfield-timber-hardware-12262008-listing.html
Timber Training Creswick,(03) 5345 2018,Creswick VIC 3363,http://www.timbertrainingcreswick.com.au,57005752689,https://www.yellowpages.com.au/vic/creswick/timber-training-creswick-15446664-listing.html
A Lewis & Co Pty Ltd,(03) 9578 6218,"302- 308 Jasper Rd, Ormond VIC 3204",http://www.alewistimber.com.au,64004175197,https://www.yellowpages.com.au/vic/ormond/a-lewis-co-pty-ltd-13869640-listing.html
Taminda Timbers,(02) 6765 8285,"24 Avro St, Taminda NSW 2340",,71096208650,https://www.yellowpages.com.au/nsw/taminda/taminda-timbers-12840385-listing.html
Bondi Junction Timber & Hardware Co,(02) 9387 2520,"47 Oxford St, Bondi Junction NSW 2022",,78110365968,https://www.yellowpages.com.au/nsw/bondi-junction/bondi-junction-timber-hardware-co-12000536-listing.html
Blacktown Building Supplies,1300 554 775,"3 Penny Pl, Arndell Park NSW 2148",http://www.blacktownbuildingsupplies.com.au,16055898407,https://www.yellowpages.com.au/nsw/arndell-park/blacktown-building-supplies-14325089-listing.html
Westimber Pty Ltd,(08) 9445 9588,"475 Scarborough Beach Rd, Osborne Park WA 6017",http://westimber.com.au,18042774742,https://www.yellowpages.com.au/wa/osborne-park/westimber-pty-ltd-13984757-listing.html
Bone Timber Industries,(08) 8297 8277,"856 South Rd, Edwardstown SA 5039",http://www.bonetimber.com.au,79653476110,https://www.yellowpages.com.au/sa/edwardstown/bone-timber-industries-12568222-listing.html
Moyle Bendale Timber Pty Ltd,(08) 8347 2751,"17-19 Cheltenham Parade, Cheltenham SA 5014",http://www.mbtimber.com,94007657981,https://www.yellowpages.com.au/sa/cheltenham/moyle-bendale-timber-pty-ltd-13030470-listing.html
Ramiens Timber Co Pty Ltd,(02) 6882 4266,"Cnr Fitzroy St and Cobbora Rd, Dubbo NSW 2830",http://www.ramienstimber.com.au,45001025314,https://www.yellowpages.com.au/nsw/dubbo/ramiens-timber-co-pty-ltd-12485992-listing.html
Williams Timber Pty Ltd,(02) 6652 3427,"291 - 309 Wears Rd, Central Bucca NSW 2450",,40000523982,https://www.yellowpages.com.au/nsw/central-bucca/williams-timber-pty-ltd-14925304-listing.html?isTopOfList=true&premiumProductId=400004922781
Van Steensel Timbers Pty Ltd,(03) 5943 2371,"421 Princes Hwy, Officer VIC 3809",http://www.vansteenseltimbers.com.au,36006322701,https://www.yellowpages.com.au/vic/officer/van-steensel-timbers-pty-ltd-13035238-listing.html
Treecycled,0460 310 510,"25 Malabar Dr, Moruya NSW 2537",https://www.treecycled.com.au,22108687743,https://www.yellowpages.com.au/nsw/moruya/treecycled-1000002952307-listing.html
DeMar H Hardware Timber & Building Supplies,(03) 9481 3200,"420 Hoddle St, Clifton Hill VIC 3068",http://www.demar.com.au,99065385462,https://www.yellowpages.com.au/vic/clifton-hill/demar-h-hardware-timber-building-supplies-15377724-listing.html
Machin's Sawmill,(02) 6553 4422,"Cnr Comboyne and Rifle Range Rds, Wingham NSW 2429",http://www.machinssawmill.com.au,76099038445,https://www.yellowpages.com.au/nsw/wingham/machins-sawmill-13189203-listing.html
Rouse Hill Landscape Supplies,(02) 9679 1218,"805A Windsor Rd, Box Hill NSW 2765",http://www.landscapesupplies.com.au,43055684672,https://www.yellowpages.com.au/nsw/box-hill/rouse-hill-landscape-supplies-12061454-listing.html
Platypus Timbers,(07) 4954 0144,"393 Kuttabul Mount Jukes Rd, Kuttabul QLD 4741",http://www.platypustimbers.com,60618320145,https://www.yellowpages.com.au/qld/kuttabul/platypus-timbers-14777899-listing.html
Whiteheads Timber Sales Portland Pty Ltd,(03) 5523 2789,"611 Henty Hwy, Portland VIC 3305",http://www.wtsales.com.au,61109018733,https://www.yellowpages.com.au/vic/portland/whiteheads-timber-sales-portland-pty-ltd-13200234-listing.html
Freeman Wauchope Pty Ltd,(08) 8294 3388,"93 Morphett Rd, Camden Park SA 5038",http://www.freemanwauchope.com.au/mobile,20007871883,https://www.yellowpages.com.au/sa/camden-park/freeman-wauchope-pty-ltd-12044340-listing.html
Cullity's The Laminex Group,13 2136,,http://www.thelaminexgroup.com.au,84103787958,https://www.yellowpages.com.au/sup/cullitys-the-laminex-group-13600860-listing.html
Crescent Timber & Hardware Pty Ltd,(02) 9660 7133,"Cnr The Crescent and Chapman Rd, Annandale NSW 2038",http://crescenttimber.com.au,73051694789,https://www.yellowpages.com.au/nsw/annandale/crescent-timber-hardware-pty-ltd-11857774-listing.html
Rockbridge Timber,0427 914 016,Manjimup WA 6258,https://www.rockbridgetimber.com.au,24684774301,https://www.yellowpages.com.au/wa/manjimup/rockbridge-timber-14102000-listing.html
Hamilton Sawmills Pty Ltd,(08) 9302 2022,"Unit 4 205 Camboon Rd, Malaga WA 6090",http://www.hamiltonsawmills.com.au,44063994909,https://www.yellowpages.com.au/wa/malaga/hamilton-sawmills-pty-ltd-12061206-listing.html
Gt Pty Ltd Hardwood,(07) 5496 1008,"7 Sawmill Rd, Woodford QLD 4514",,81160917591,https://www.yellowpages.com.au/qld/woodford/gt-pty-ltd-hardwood-14959726-listing.html
Hodgson M J & R J,(02) 6657 3219,"476 McIndoes Rd, Dorrigo NSW 2453",,61265486304,https://www.yellowpages.com.au/nsw/dorrigo/hodgson-m-j-r-j-11934687-listing.html
Gowan Lea Timbers,(07) 5448 7106,"21 Runway Dr, Marcoola QLD 4564",,60292605968,https://www.yellowpages.com.au/qld/marcoola/gowan-lea-timbers-15068718-listing.html
Hornick Cypress,(07) 4622 4249,"44532 Warrego Hwy, Roma QLD 4455",,99163689567,https://www.yellowpages.com.au/qld/roma/hornick-cypress-12442483-listing.html
Injune Cypress,(07) 4626 1155,Injune QLD 4454,,30260957573,https://www.yellowpages.com.au/qld/injune/injune-cypress-11935583-listing.html
Park Road Timber & Hardware Pty Ltd,(03) 8541 9227,Cheltenham VIC 3192,https://www.parkroad.net.au,62006725079,https://www.yellowpages.com.au/vic/cheltenham/park-road-timber-hardware-pty-ltd-12066839-listing.html
Greenmount Timber & Building Supplies,(07) 5513 1555,"11- 15 Enterprise Ave, Tweed Heads South NSW 2486",https://www.greenmounttimber.com.au,37105111984,https://www.yellowpages.com.au/nsw/tweed-heads-south/greenmount-timber-building-supplies-13715735-listing.html
Sweetman's Timber Pty Ltd,(02) 4998 1224,Millfield NSW 2325,http://www.sweetmanstimber.com,47071388586,https://www.yellowpages.com.au/nsw/millfield/sweetmans-timber-pty-ltd-14677770-listing.html
Bendigo Timber Products,1300 131 503,"200 Strickland Rd, Strathdale VIC 3550",http://www.bendigotimber.com.au,25207001890,https://www.yellowpages.com.au/vic/strathdale/bendigo-timber-products-12197872-listing.html
Pilliga Natural Timbers Pty Ltd,(02) 6760 7766,"251-253 Gunnedah Rd, Westdale NSW 2340",http://www.pilliganaturaltimbers.com.au,64128238059,https://www.yellowpages.com.au/nsw/westdale/pilliga-natural-timbers-pty-ltd-14220742-listing.html
Vinsan Salvage,(08) 9279 2040,"25 Katanning St, Bayswater WA 6053",http://www.vinsan.com.au/salvage,55612996700,https://www.yellowpages.com.au/wa/bayswater/vinsan-salvage-12051505-listing.html
Simply Oregon,(03) 9791 9003,"20- 22 Tatterson Rd, Dandenong South VIC 3175",http://www.simplyoregon.com.au,41069123735,https://www.yellowpages.com.au/vic/dandenong-south/simply-oregon-14293322-listing.html
Coffs Harbour Hardwoods,(02) 6649 0853,"161 Tallawudjah Creek Rd, Glenreagh NSW 2450",http://www.coffshardwoods.com.au,86000362167,https://www.yellowpages.com.au/nsw/glenreagh/coffs-harbour-hardwoods-11971683-listing.html
Walker Bros Timber & Building Supplies,(02) 4324 7355,"50-68 Glennie St, Wyoming NSW 2250",http://www.walkerbros.com.au,20000703211,https://www.yellowpages.com.au/nsw/wyoming/walker-bros-timber-building-supplies-13150063-listing.html
Middlesex Mill Pty Ltd,(08) 9777 1996,"212 Middlesex Rd, Manjimup WA 6258",http://www.middlesexmill.com.au,28009233443,https://www.yellowpages.com.au/wa/manjimup/middlesex-mill-pty-ltd-12176652-listing.html
Gympie Timber Co Pty Ltd,(07) 5482 4699,"129 North Deep Creek Rd, Gympie QLD 4570",http://www.gympietimber.com.au,47009684342,https://www.yellowpages.com.au/qld/gympie/gympie-timber-co-pty-ltd-15022533-listing.html
Danaher's Timber & Hardware MITRE10,(03) 9457 2645,"464 Lower Heidelberg Rd, Heidelberg VIC 3084",,93161561584,https://www.yellowpages.com.au/vic/heidelberg/danahers-timber-hardware-mitre10-15379069-listing.html
Virginia Building Supplies,(07) 3633 0724,"75 Yarraman Pl, Virginia QLD 4014",http://www.virginiabuilding.com.au,39054183265,https://www.yellowpages.com.au/qld/virginia/virginia-building-supplies-14931436-listing.html
Barrenjoey Timber,(02) 9997 6236,"107 Darley St, Mona Vale NSW 2103",http://www.barrenjoeytimber.com.au,79001335324,https://www.yellowpages.com.au/nsw/mona-vale/barrenjoey-timber-11913501-listing.html
Perth Timber Co Pty Ltd,,,,88096906142,https://www.yellowpages.com.au/wa/high-wycombe/perth-timber-co-pty-ltd-13020695-listing.html
Williams Group Australia Pty Ltd,(02) 6672 9800,"2-20 Dorrington St, Murwillumbah NSW 2484",http://www.jhwilliams.com.au,28128744990,https://www.yellowpages.com.au/nsw/murwillumbah/williams-group-australia-pty-ltd-12911941-listing.html
Carrolls Timber & Building Supplies,(02) 4394 5291,"Cnr Chelmsford Rd and Pacific Hwy, Charmhaven NSW 2263",http://www.carrollstimber.com.au,21080882426,https://www.yellowpages.com.au/nsw/charmhaven/carrolls-timber-building-supplies-13260530-listing.html
WA Timber Sales,(08) 9302 2311,"57 Triumph Ave, Wangara WA 6065",http://www.watimbersales.com.au,64009371742,https://www.yellowpages.com.au/wa/wangara/wa-timber-sales-12998345-listing.html
Kyneton Plumbing & Building Supplies,(03) 5422 1381,"42 Beauchamp St, Kyneton VIC 3444",https://www.homehardware.com.au,68006779899,https://www.yellowpages.com.au/vic/kyneton/kyneton-plumbing-building-supplies-14688607-listing.html
Timber Wholesale (Tas) Pty Ltd,(03) 6273 3815,"20 Knoll St, Glenorchy TAS 7010",http://www.timberwholesaletas.com.au,16009584141,https://www.yellowpages.com.au/tas/glenorchy/timber-wholesale-tas-pty-ltd-13002926-listing.html
Cutprice Timber,0438 528 347,"4 Tara Rd, Broadmeadow NSW 2292",http://www.cutpricetimber.com.au,76092610636,https://www.yellowpages.com.au/nsw/broadmeadow/cutprice-timber-12247510-listing.html
Greenacres Mill Yornup,(08) 9761 9024,"Donnelley Rd, Yornup WA 6256",http://www.greenacresmill.com.au,22793974161,https://www.yellowpages.com.au/wa/yornup/greenacres-mill-yornup-13495671-listing.html
Trend Timbers,(02) 4577 5277,"15 Railway Rd North, Mulgrave NSW 2756",http://www.trendtimbers.com.au,69124544412,https://www.yellowpages.com.au/nsw/mulgrave/trend-timbers-13713647-listing.html
Arbuthnot Sawmill Pty Ltd,(03) 5453 2401,"12 Punt Rd, Koondrook VIC 3580",,73004118969,https://www.yellowpages.com.au/vic/koondrook/arbuthnot-sawmill-pty-ltd-15678459-listing.html
Malatesta and Sons Sawmill and Firewood,(08) 9734 1383,"172 Preston Rd, Collie WA 6225",,76389375466,https://www.yellowpages.com.au/wa/collie/malatesta-and-sons-sawmill-and-firewood-1000001997577-listing.html
Absolutely Flawless Timber Flooring,0410 604 402,,https://www.absolutelyflawlesstimberflooring.com,32984207738,https://www.yellowpages.com.au/qld/everton-park/absolutely-flawless-timber-flooring-1000002226878-listing.html
Hunter Jet Timber Flooring,0422 219 726,New Lambton Heights NSW 2305,https://www.hunterjetflooring.com.au,91050209606,https://www.yellowpages.com.au/nsw/new-lambton-heights/hunter-jet-timber-flooring-12823103-listing.html
Adelaide Timber Flooring,(08) 8363 2681,"138 Magill Rd, Norwood SA 5067",http://www.adelaidetimberflooring.com,97581508716,https://www.yellowpages.com.au/sa/norwood/adelaide-timber-flooring-12386849-listing.html
Rural Timber Flooring,(08) 9754 2038,"Unit 2 24 Burler Dr, Vasse WA 6280",http://www.ruraltimberflooring.com.au,74163538725,https://www.yellowpages.com.au/wa/vasse/rural-timber-flooring-15227699-listing.html
Hastings Cork & Timber Flooring,0419 496 531,"1 Kentia Close, Port Macquarie NSW 2444",http://www.hastingscorkandtimberflooring.com.au,29110788013,https://www.yellowpages.com.au/nsw/port-macquarie/hastings-cork-timber-flooring-1000002046387-listing.html
Leisure Coast Timber Flooring Pty Ltd,(02) 4256 2862,"Shop 3/ 23 Durgadin Dr, Albion Park Rail NSW 2527",,44161641943,https://www.yellowpages.com.au/nsw/albion-park-rail/leisure-coast-timber-flooring-pty-ltd-15093587-listing.html
A1 Flooring The Timber Flooring Centre,(08) 8333 2999,"228 Magill Rd, Beulah Park SA 5067",http://www.a1flooring.com.au,78008191624,https://www.yellowpages.com.au/sa/beulah-park/a1-flooring-the-timber-flooring-centre-12272374-listing.html
Ryles Timber Flooring - Flooring Contractor,0449 060 561,Marino SA 5049,,95110413592,https://www.yellowpages.com.au/sa/marino/ryles-timber-flooring-flooring-contractor-1000000734086-listing.html
A. 1 Flooring Co The Timber Flooring Centre,(08) 8333 2999,"228 Magill Rd, Beulah Park SA 5067",,78008191624,https://www.yellowpages.com.au/sa/beulah-park/a-1-flooring-co-the-timber-flooring-centre-14669625-listing.html
BJ's Timber Flooring,(08) 9204 2611,"12 Burgay Ct, Osborne Park WA 6017",http://www.bjtf.com.au,92023886452,https://www.yellowpages.com.au/wa/osborne-park/bjs-timber-flooring-12372577-listing.html
AMZ Timber Flooring Pty Ltd,(02) 9418 3455,"Shop 4 102-104 Longueville Rd, Lane Cove NSW 2066",http://www.amztimberflooring.com.au,99623264862,https://www.yellowpages.com.au/nsw/lane-cove/amz-timber-flooring-pty-ltd-1000002288199-listing.html
Anderson's Timber Flooring,(02) 9544 8666,Miranda NSW 2228,http://www.andersonstimberflooring.com.au,69106982003,https://www.yellowpages.com.au/nsw/miranda/andersons-timber-flooring-13006825-listing.html
Infinite Timber Flooring Pty Ltd,(07) 3416 7935,"Unit 6 8 Miller St, Slacks Creek QLD 4127",http://www.infinitetimberflooring.com.au,84632847548,https://www.yellowpages.com.au/qld/slacks-creek/infinite-timber-flooring-pty-ltd-1000002276546-listing.html
Access Timber Flooring,(08) 9388 1194,"Shop 9 Homebase 55 Salvado Rd, Subiaco WA 6008",http://www.accesstimberflooring.com,48238237019,https://www.yellowpages.com.au/wa/subiaco/access-timber-flooring-14192694-listing.html
Titan Timber Flooring,(08) 9204 2700,"Unit 2 37 Hutton St, Osborne Park WA 6017",http://www.titanfloors.com.au,85282770537,https://www.yellowpages.com.au/wa/osborne-park/titan-timber-flooring-1000001803573-listing.html
Eddys Timber Flooring,,,,31227305177,https://www.yellowpages.com.au/nsw/riverwood/eddys-timber-flooring-1000002011705-listing.html
Boss Timber Flooring,0424 425 245,Donvale VIC 3111,http://bosstimberflooring.com.au,36375844172,https://www.yellowpages.com.au/vic/donvale/boss-timber-flooring-1000002203729-listing.html
Buy Timber Flooring Online,1300 739 567,"59 Wigg St, Wodonga VIC 3690",http://www.buytimberflooringonline.com.au,28921616568,https://www.yellowpages.com.au/vic/wodonga/buy-timber-flooring-online-15323474-listing.html
Ozwood Timber Flooring Pty Ltd,0430 420 614,"45 Winterton Rd, Clayton VIC 3168",http://ozwoodtimber.com.au,70623236760,https://www.yellowpages.com.au/vic/clayton/ozwood-timber-flooring-pty-ltd-15359746-listing.html
Sunny's timber flooring,0414 174 443,Wyndham Vale VIC 3024,,42952447154,https://www.yellowpages.com.au/vic/wyndham-vale/sunnys-timber-flooring-1000002968209-listing.html
All Timber Flooring,0418 955 827,Karrinyup WA 6018,,87707886626,https://www.yellowpages.com.au/wa/karrinyup/all-timber-flooring-12139191-listing.html
Contemporary Timber Flooring,0435 550 501,Para Hills SA 5096,http://ctflooring.com.au,96159044398,https://www.yellowpages.com.au/sa/para-hills/contemporary-timber-flooring-13713806-listing.html
Bassendean Timber Flooring,,,,14346255879,https://www.yellowpages.com.au/sup/bassendean-timber-flooring-1000000779849-listing.html
Applebees Timber Flooring,0403 523 281,Keysborough VIC 3173,,45424156991,https://www.yellowpages.com.au/vic/keysborough/applebees-timber-flooring-1000002334142-listing.html
Timber Flooring Concepts,(07) 3822 4941,Birkdale QLD 4159,,77484072236,https://www.yellowpages.com.au/qld/birkdale/timber-flooring-concepts-12953851-listing.html
Aarrans Timber Flooring,(08) 9248 5488,,http://www.aarranstimberflooring.com.au,34148457938,https://www.yellowpages.com.au/sup/aarrans-timber-flooring-14722640-listing.html
Master Glass Industries Pty Ltd,1300 555 644,"2 Wordie Pl, Padstow NSW 2211",http://www.masterglass.com.au,90000714983,https://www.yellowpages.com.au/nsw/padstow/master-glass-industries-pty-ltd-13331775-listing.html
Anlee Industries Pty Ltd,(03) 9761 6794,"Unit 2 44 Burgess Rd, Bayswater North VIC 3153",http://www.anleeindustries.com.au,43121467105,https://www.yellowpages.com.au/vic/bayswater-north/anlee-industries-pty-ltd-12301140-listing.html
Shield's River Redgum Furniture Timbers,0417 415 315,"45D The Back Rd, Porepunkah VIC 3740",http://www.riverredgum.com.au,88378987588,https://www.yellowpages.com.au/vic/porepunkah/shields-river-redgum-furniture-timbers-13189088-listing.html
Sam's Refined Furniture,0428 316 716,"117-119 McDougall St, Toowoomba QLD 4350",,83298792474,https://www.yellowpages.com.au/qld/toowoomba/sams-refined-furniture-15583230-listing.html
Martin's Fine Furniture,(03) 6431 3039,"31 Hopkinson St, South Burnie TAS 7320",,49388511879,https://www.yellowpages.com.au/tas/south-burnie/martins-fine-furniture-1000002203634-listing.html
Lacewood Furniture,(07) 3875 1577,"Unit 5/ 31 Boyland Ave, Coopers Plains QLD 4108",http://www.lacewoodfurniture.com.au,59086204211,https://www.yellowpages.com.au/qld/coopers-plains/lacewood-furniture-15054248-listing.html
Christian Cole Furniture,(03) 9350 3327,"5 Dairy Dr, Coburg North VIC 3058",http://www.christiancolefurniture.com.au,86100171339,https://www.yellowpages.com.au/vic/coburg-north/christian-cole-furniture-13152752-listing.html
R.H. Bullard Custom Timber Furniture,(02) 4324 8700,"26 Wollong St, Gosford NSW 2250",http://www.rhbullard.com.au,43913051647,https://www.yellowpages.com.au/nsw/gosford/rh-bullard-custom-timber-furniture-12057682-listing.html
Valley Barrel Furniture,0447 079 975,"Hunter Bec Corner Merthyr & Barton Streets, Kurri Kurri NSW 2327",,58860354864,https://www.yellowpages.com.au/nsw/kurri-kurri/valley-barrel-furniture-15584892-listing.html
Factory Direct Furniture Sales P/L,(03) 5940 4444,"2 6 Venture Way, Pakenham VIC 3810",,43055094981,https://www.yellowpages.com.au/vic/pakenham/factory-direct-furniture-sales-p-l-15400788-listing.html
Blak Oak,0447 027 961,"Unit 3 46 Lysaght St, Coolum Beach QLD 4573",http://www.blakoak.com.au,21885831585,https://www.yellowpages.com.au/qld/coolum-beach/blak-oak-1000002740676-listing.html
Pfitzner Furniture,(08) 8391 0492,"3 Mt Barker Rd, Totness SA 5250",http://www.pfitzner.com.au,91436577894,https://www.yellowpages.com.au/sa/totness/pfitzner-furniture-13039362-listing.html
Roy Furniture Manufacturers Pty Ltd,(02) 4587 7034,"7 Blackman Crst, South Windsor NSW 2756",http://www.royfurniture.com.au,35000048484,https://www.yellowpages.com.au/nsw/south-windsor/roy-furniture-manufacturers-pty-ltd-13142708-listing.html
Bessant Custom Furniture,(02) 4987 7225,"19 Heather St, Heatherbrae NSW 2324",http://www.bessant.com.au,70728273839,https://www.yellowpages.com.au/nsw/heatherbrae/bessant-custom-furniture-12802689-listing.html
Golden Oak Furniture Design,(07) 4725 0621,"3/ 315 Bayswater Rd, Garbutt QLD 4814",http://www.goldenoakfurnituredesign.com,93684124407,https://www.yellowpages.com.au/qld/garbutt/golden-oak-furniture-design-11984532-listing.html
KW Kitchens & Interiors,(03) 5441 8563,,,14135582288,https://www.yellowpages.com.au/sup/kw-kitchens-interiors-14694632-listing.html
Dewhurst Furniture,(03) 9555 0055,"2/ 30 Cochranes Rd, Moorabbin VIC 3189",http://www.dewhurstfurniture.com.au,14081472442,https://www.yellowpages.com.au/vic/moorabbin/dewhurst-furniture-12750129-listing.html
Caulfield Cabinet Making & Joinery,0417 376 638,Caulfield VIC 3162,http://www.caulfieldcabinets.com.au,60167202136,https://www.yellowpages.com.au/vic/caulfield/caulfield-cabinet-making-joinery-12243963-listing.html
Woodsong Fine Furniture,0407 571 903,"Jue Sue Rd, Tolga QLD 4882",http://woodsongfinefurniture.com.au,20875299593,https://www.yellowpages.com.au/qld/tolga/woodsong-fine-furniture-12817100-listing.html
SP Furniture,0409 939 064,"67 Cromwell St, Perth TAS 7300",,93192771554,https://www.yellowpages.com.au/tas/perth/sp-furniture-12899448-listing.html
The Hardwood Refinery,(02) 4970 5558,"60 Biddulph St, Eraring NSW 2264",http://www.thehardwoodrefinery.com.au,51349204171,https://www.yellowpages.com.au/nsw/eraring/the-hardwood-refinery-12892071-listing.html
Bombora Custom Furniture,0407 906 799,"Unit 5 6 Boneyards Ave, Torquay VIC 3228",http://www.bomboracustomfurniture.com.au,76249169709,https://www.yellowpages.com.au/vic/torquay/bombora-custom-furniture-14865012-listing.html
Interfar Furniture Systems Pty Ltd,,"219 Victoria Rd, Drummoyne NSW 2047",http://www.interfar.com.au,56109487792,https://www.yellowpages.com.au/nsw/drummoyne/interfar-furniture-systems-pty-ltd-14264077-listing.html
Ramons Fine Furniture Pty Ltd,(03) 9719 7965,"Factory 15/ 350 Settlement Rd, Thomastown VIC 3074",https://www.ramonsfinefurniture.com.au,65007281941,https://www.yellowpages.com.au/vic/thomastown/ramons-fine-furniture-pty-ltd-14387351-listing.html
Dan Witts Furniture,0406 194 756,Ranelagh TAS 7109,,39604826390,https://www.yellowpages.com.au/tas/ranelagh/dan-witts-furniture-14963599-listing.html
Harry Howard Fine Furniture,0439 731 889,"7/6 Sheffield Pl, Kelso NSW 2795",http://www.harryhoward.com,96358193693,https://www.yellowpages.com.au/nsw/kelso/harry-howard-fine-furniture-14041480-listing.html
Mark Mathews Furniture,0407 112 289,Berkley Vale NSW 2261,,71873027141,https://www.yellowpages.com.au/nsw/berkley-vale/mark-mathews-furniture-15374735-listing.html
Upcycled Wood Designs,0432 766 331,East Albury NSW 2640,http://www.upcycledwooddesigns.com.au,52650323452,https://www.yellowpages.com.au/nsw/east-albury/upcycled-wood-designs-1000001676696-listing.html
Charlie's Furniture Frames,0414 331 785,"Factory 1/ 8 Merri Con, Campbellfield VIC 3061",http://charliesframes.com.au,70751256542,https://www.yellowpages.com.au/vic/campbellfield/charlies-furniture-frames-1000002023464-listing.html
Zivo Designs,0409 436 376,Jindalee QLD 4074,http://zivo-designs.business.site,65995717841,https://www.yellowpages.com.au/qld/jindalee/zivo-designs-1000002084873-listing.html
RZ Interiors,0413 793 749,"6 Lancewood Ave, Peregian Beach QLD 4573",http://www.rzrestorations.com.au,20179549828,https://www.yellowpages.com.au/qld/peregian-beach/rz-interiors-1000002150458-listing.html
Decor Fusion Design,0403 117 294,Labrador QLD 4215,https://www.decorfusion.com.au,55552024533,https://www.yellowpages.com.au/qld/labrador/decor-fusion-design-1000002212391-listing.html
Geelong Custom Builders,0418 398 745,,http://www.geelongcustombuilders.com.au,20236459758,https://www.yellowpages.com.au/sup/geelong-custom-builders-1000002279587-listing.html
Hausware,(07) 4096 6123,"Pioneer Ave, Malanda QLD 4885",http://hausware.com.au,87455436383,https://www.yellowpages.com.au/qld/malanda/hausware-1000002875699-listing.html
Barmakers,(03) 8790 3399,"3 Golden Leaf Close, Narre Warren South VIC 3805",http://www.barmakers.com.au,39807592966,https://www.yellowpages.com.au/vic/narre-warren-south/barmakers-1000002930773-listing.html
Vibe FM Pty Ltd,(02) 6284 3113,"6 Coal Ct, Beard ACT 2620",https://www.vibefm.com.au,93101542107,https://www.yellowpages.com.au/act/beard/vibe-fm-pty-ltd-12300771-listing.html
Custombuilt Furnishers,(07) 4152 2800,"Activity St, Bundaberg QLD 4670",,18528826069,https://www.yellowpages.com.au/qld/bundaberg/custombuilt-furnishers-12541793-listing.html
Braithwaite Innovative Joinery,0412 995 446,"47 Yass Rd, Queanbeyan ACT 2620",http://www.bij.com.au,53837090562,https://www.yellowpages.com.au/act/queanbeyan/braithwaite-innovative-joinery-12636683-listing.html
Ultimo Interiors,(08) 9201 2479,"4 Hutton St, Osborne Park WA 6017",http://www.ultimointeriors.com.au,34314232765,https://www.yellowpages.com.au/wa/osborne-park/ultimo-interiors-13138745-listing.html
Nannup Furniture Gallery,(08) 9756 0460,"259 Sexton Way, Nannup WA 6275",http://www.nannupfurnituregallery.com.au,78015572538,https://www.yellowpages.com.au/wa/nannup/nannup-furniture-gallery-13742951-listing.html
Nicholas Design,(03) 5976 2220,"21 Speed Cct, Tyabb VIC 3913",http://www.nicholasdesign.com.au,96007069098,https://www.yellowpages.com.au/vic/tyabb/nicholas-design-14129126-listing.html
Damien Hipwell Furniture - Studio Hip,(03) 5862 2079,,http://www.studiohip.com.au,41035659152,https://www.yellowpages.com.au/sup/damien-hipwell-furniture-studio-hip-14636304-listing.html
Easyliving Furniture & Interiors,(08) 9386 6311,"144 Stirling Hwy, Nedlands WA 6009",http://www.easyliving.com.au,80672300999,https://www.yellowpages.com.au/wa/nedlands/easyliving-furniture-interiors-14702191-listing.html
Ross Joinery Kitchens Pty Ltd,(07) 4774 5511,"447-451 Bayswater Rd, Garbutt QLD 4814",http://www.rossjoinery.com.au,94009854200,https://www.yellowpages.com.au/qld/garbutt/ross-joinery-kitchens-pty-ltd-1000002859836-listing.html
Seaside Joinery Pty Ltd,(02) 4367 4403,"Unit 2/ 15 Bonnal Rd, Erina NSW 2250",http://www.seasidejoinery.com.au,45625395762,https://www.yellowpages.com.au/nsw/erina/seaside-joinery-pty-ltd-13017651-listing.html
Design Spec Joinery & Kitchens,(02) 6621 2274,"49- 51 Jubilee St, Lismore NSW 2480",http://www.designspec.net.au,42420827273,https://www.yellowpages.com.au/nsw/lismore/design-spec-joinery-kitchens-12705331-listing.html
The Joinery Store,(02) 6382 4681,"318 Boorowa St, Young NSW 2594",http://www.thejoinerystore.com.au,31109556023,https://www.yellowpages.com.au/nsw/young/the-joinery-store-15117449-listing.html
Dalmeny Designer Kitchens,(02) 4476 7272,"Acacia Cl, Dalmeny NSW 2546",http://www.ddkitchens.com.au,47424687075,https://www.yellowpages.com.au/nsw/dalmeny/dalmeny-designer-kitchens-12598625-listing.html
McEldrew's Joinery,(03) 5338 2011,"Cnr Ring Rd and Trewin St, Ballarat VIC 3350",,28006487181,https://www.yellowpages.com.au/vic/ballarat/mceldrews-joinery-14504361-listing.html
Johnston Joinery,(07) 4035 3692,"113 Newell St, Bungalow QLD 4870",http://www.johnstonjoinery.com.au,12720562109,https://www.yellowpages.com.au/qld/bungalow/johnston-joinery-14924231-listing.html
Rodgers Kitchens Pty Ltd,(03) 6244 6932,"125 Mornington Rd, Mornington TAS 7018",http://www.rodgerskitchens.net.au,23065254284,https://www.yellowpages.com.au/tas/mornington/rodgers-kitchens-pty-ltd-15400217-listing.html
Wizard Kitchens,(03) 6248 4685,"8/205 Kennedy Dr, Cambridge TAS 7170",,80126128443,https://www.yellowpages.com.au/tas/cambridge/wizard-kitchens-14192972-listing.html
Adina Designed Interiors Svensson Heights,(07) 4132 7777,"35 Enterprise St, Bundaberg QLD 4670",https://www.adinainteriors.com.au,16009870071,https://www.yellowpages.com.au/qld/bundaberg/adina-designed-interiors-svensson-heights-1000002621114-listing.html
Dayal Singh Joinery,(02) 6621 2274,Lismore NSW 2480,https://www.designspec.net.au,42420827273,https://www.yellowpages.com.au/nsw/lismore/dayal-singh-joinery-1000002275797-listing.html
Barnard Joinery,(03) 6344 4749,"2 Quarantine Rd, Kings Meadows TAS 7249",https://hipages.com.au/connect/barnardjoinery,26563024462,https://www.yellowpages.com.au/tas/kings-meadows/barnard-joinery-15138239-listing.html
Custom Design Joinery,(02) 9829 4152,,http://www.cdjoinery.com.au,61662197892,https://www.yellowpages.com.au/sup/custom-design-joinery-1000002344434-listing.html
Branxton Joinery,(02) 4938 1903,"44 Russell St, Branxton NSW 2335",https://joinerybranxton.com.au,33002769735,https://www.yellowpages.com.au/nsw/branxton/branxton-joinery-12878528-listing.html
Stansfield Joinery,(08) 8326 7078,Hackham SA 5163,http://www.stansfieldjoinery.com,89134107950,https://www.yellowpages.com.au/sa/hackham/stansfield-joinery-14958765-listing.html
Adina Designed Interiors,(07) 4132 7755,"35 Enterprise St, Svensson Heights QLD 4670",https://www.adinainteriors.com.au,48163834642,https://www.yellowpages.com.au/qld/svensson-heights/adina-designed-interiors-13023432-listing.html
EuroTrend Windows & Doors,(03) 6267 2632,"24 Crescent Dr, Margate TAS 7054",http://www.eurotrend.net.au,43344852566,https://www.yellowpages.com.au/tas/margate/eurotrend-windows-doors-14644484-listing.html
Marrickville Joinery,(02) 9558 2435,"12 Tramway St, Tempe NSW 2044",http://www.marrickvillejoinery.com.au,64857264153,https://www.yellowpages.com.au/nsw/tempe/marrickville-joinery-12058620-listing.html
Ancient Opal Joinery & Stained Glass,0431 790 702,"31 Princes Ave, Charlestown NSW 2290",https://newcastlec4.wixsite.com/mysite,83252702432,https://www.yellowpages.com.au/nsw/charlestown/ancient-opal-joinery-stained-glass-13813703-listing.html
Camden Haven Kitchens & Joinery,(02) 6585 4156,"PO Box 263, Lake Cathie NSW 2445",,54272823733,https://www.yellowpages.com.au/nsw/lake-cathie/camden-haven-kitchens-joinery-12199153-listing.html
Clayton R. M. Joinery Pty Ltd,(03) 5721 5122,"28- 32 Newman St, Wangaratta VIC 3677",,65687298536,https://www.yellowpages.com.au/vic/wangaratta/clayton-r-m-joinery-pty-ltd-13256928-listing.html
Bakers Joinery,(02) 6562 5455,"10-12 Akubra Pl, Kempsey NSW 2440",http://www.bakersjoinery.com.au,31001148894,https://www.yellowpages.com.au/nsw/kempsey/bakers-joinery-12470470-listing.html
H Dallas Industries Pty Ltd,(02) 9771 4200,"47 Marigold St, Revesby NSW 2212",http://www.hdallas.com.au,22001776183,https://www.yellowpages.com.au/nsw/revesby/h-dallas-industries-pty-ltd-12919842-listing.html
Jindabyne Joinery,(02) 6457 2833,"Leesville Industrial Estate 11 Percy Harris St, Jindabyne NSW 2627",http://www.jindabynejoinery.com.au,14954656276,https://www.yellowpages.com.au/nsw/jindabyne/jindabyne-joinery-13742674-listing.html
Mount Barker Joinery,(08) 8391 2706,"31 Oborn Rd, Mt Barker SA 5251",http://www.mountbarkerjoinery.com.au,90008188001,https://www.yellowpages.com.au/sa/mt-barker/mount-barker-joinery-12665030-listing.html
Halton Joinery Pty Ltd,(03) 6227 2411,"16 Ascot Dr, Huntingfield TAS 7055",http://www.haltonjoinery.com.au,27137640389,https://www.yellowpages.com.au/tas/huntingfield/halton-joinery-pty-ltd-15738151-listing.html
Superfinish Designer Coatings Pty Ltd,(02) 4954 5300,"22 Aruma Pl, Cardiff NSW 2285",https://superfinishdc.com.au,13105256451,https://www.yellowpages.com.au/nsw/cardiff/superfinish-designer-coatings-pty-ltd-11936673-listing.html
Kensington Timber Windows & Doors,0438 617 155,"412 Willi Willi Rd, Kempsey NSW 2440",http://www.kensingtonwindows.com.au,85003501728,https://www.yellowpages.com.au/nsw/kempsey/kensington-timber-windows-doors-12872536-listing.html
Kohlen Joinery PTY LTD,(08) 9331 3433,"7 Marsh Cl, Oconnor WA 6163",http://www.kohlenjoinery.com.au,88437215114,https://www.yellowpages.com.au/wa/oconnor/kohlen-joinery-pty-ltd-13833272-listing.html
Midvale Joinery,(08) 9452 1690,"Unit 2/ 20 Alloa Rd, Maddington WA 6109",,49059077049,https://www.yellowpages.com.au/wa/maddington/midvale-joinery-15144003-listing.html
T.OK Carpentry & Partitioning,(02) 6299 3860,"56 Paterson Parade, Queanbeyan West NSW 2620",,60008546398,https://www.yellowpages.com.au/nsw/queanbeyan-west/tok-carpentry-partitioning-11931510-listing.html
Designer Woodworks,0438 663 622,"225 Warrazambil Creek Rd, Kyogle NSW 2474",,64124271414,https://www.yellowpages.com.au/nsw/kyogle/designer-woodworks-12124202-listing.html
Cabinet-Tech Pty Ltd,(08) 8447 1400,"18 Francis St, Port Adelaide SA 5015",http://www.cabtech.com.au,30079085519,https://www.yellowpages.com.au/sa/port-adelaide/cabinet-tech-pty-ltd-13914879-listing.html
Intermain Pty Ltd,(02) 9318 2272,"126-136 Bourke Rd, Alexandria NSW 2015",http://www.intermain.com.au,62096189623,https://www.yellowpages.com.au/nsw/alexandria/intermain-pty-ltd-13939983-listing.html
Merrick Joinery,0422 188 835,Somerville VIC 3912,https://www.instagram.com/merrickjoinery,59674261057,https://www.yellowpages.com.au/vic/somerville/merrick-joinery-1000002256464-listing.html
Moyle Bendale Timber Pty Ltd,(08) 8347 1677,"17 Cheltenham Parade, Cheltenham SA 5014",http://www.mbtimber.com,94007657981,https://www.yellowpages.com.au/sa/cheltenham/moyle-bendale-timber-pty-ltd-15074121-listing.html
Ray's Joinery,(02) 6492 1041,Bega NSW 2550,,68109467585,https://www.yellowpages.com.au/nsw/bega/rays-joinery-15216472-listing.html
Advance Detail Joinery Pty. Ltd.,(02) 6297 6268,"136 Gilmore Rd, Queanbeyan NSW 2620",http://advancedetailjoinery.com.au,95008550525,https://www.yellowpages.com.au/nsw/queanbeyan/advance-detail-joinery-pty-ltd-13500764-listing.html
Signature Joinery & Design,(02) 9625 0282,"Unit 2/ 51 Owen St, Glendenning NSW 2761",,79001432524,https://www.yellowpages.com.au/nsw/glendenning/signature-joinery-design-14257609-listing.html
Karve Kitchens and Joinery,0438 443 990,"Unit 3 Cnr Whitbread and Elizabeth Street, Taree NSW 2430",https://karvekitchens.com.au,85611605648,https://www.yellowpages.com.au/nsw/taree/karve-kitchens-and-joinery-1000002064086-listing.html
KB Joinery,0403 501 260,Kandanga QLD 4570,http://www.facebook.com/kbjoineryqld,49406519858,https://www.yellowpages.com.au/qld/kandanga/kb-joinery-1000002237685-listing.html
BOS JOINERY NSW PTY LTD,(02) 8387 6459,"2 Production Ave, Kogarah NSW 2217",https://www.bosjoinery.com.au,96638101176,https://www.yellowpages.com.au/nsw/kogarah/bos-joinery-nsw-pty-ltd-1000002376474-listing.html
Greg Smith Joinery,(03) 6278 3380,"39A Albert Rd, Moonah TAS 7009",,63386352164,https://www.yellowpages.com.au/tas/moonah/greg-smith-joinery-12322607-listing.html
Sunshine Joinery (VIC) Pty Ltd,(03) 9366 7284,"188 McIntyre Rd, Sunshine North VIC 3020",http://www.sunshinejoinery.com.au,22068847030,https://www.yellowpages.com.au/vic/sunshine-north/sunshine-joinery-vic-pty-ltd-12957173-listing.html
Complete Joinery Solutions Pty Ltd,(07) 3205 6122,"Unit 1/ 34 Terrence St, Brendale QLD 4500",http://www.completejoinery.com,43107416035,https://www.yellowpages.com.au/qld/brendale/complete-joinery-solutions-pty-ltd-14591097-listing.html
Rest Interior Pty Ltd,(02) 9708 0733,"20 Clements Ave, Bankstown NSW 2200",http://www.restinterior.com.au,32078753876,https://www.yellowpages.com.au/nsw/bankstown/rest-interior-pty-ltd-12317890-listing.html
Classic Shopfitting,(03) 6236 9074,"209 Murray St, Hobart TAS 7000",http://www.classicshopfitting.com,21781585627,https://www.yellowpages.com.au/tas/hobart/classic-shopfitting-13312380-listing.html
Carls Joinery Contracting,0407 463 578,"8 / 103 Quarry Rd, Murwillumbah NSW 2484",http://www.carlsjoinery.com.au,13813146528,https://www.yellowpages.com.au/nsw/murwillumbah/carls-joinery-contracting-14636632-listing.html
Bismac Pty Ltd,(02) 9814 8912,"150 Queen St, Beaconsfield NSW 2015",http://www.bismac.com.au,27001705282,https://www.yellowpages.com.au/nsw/beaconsfield/bismac-pty-ltd-13201749-listing.html
VeneerForm Pty Ltd,(03) 9354 0304,"2 Guilfoyle Ave, Coburg North VIC 3058",http://www.veneerform.com.au,57441796507,https://www.yellowpages.com.au/vic/coburg-north/veneerform-pty-ltd-14981028-listing.html
Plyboard Distributors Pty Ltd,(03) 9793 4233,"222- 224 Frankston Dandenong Rd South, Dandenong South VIC 3175",http://www.plyboard.com.au,75099040865,https://www.yellowpages.com.au/vic/dandenong-south/plyboard-distributors-pty-ltd-14766365-listing.html
D.M.K. Forest Products Pty Ltd,(02) 9938 4166,"46-48 Chard Rd, Brookvale NSW 2100",http://www.dmkforestproducts.com.au,87001002428,https://www.yellowpages.com.au/nsw/brookvale/dmk-forest-products-pty-ltd-12575934-listing.html
Austral Plywoods Pty Ltd,(07) 3426 8600,"1 Curzon St, Tennyson QLD 4105",http://www.australply.com.au,19726524324,https://www.yellowpages.com.au/qld/tennyson/austral-plywoods-pty-ltd-14872084-listing.html
Plymaster,(02) 9604 0506,"Unit 2/ 465 Victoria St, Wetherill Park NSW 2164",http://www.plymaster.com.au,13141726776,https://www.yellowpages.com.au/nsw/wetherill-park/plymaster-14870687-listing.html
Janden Wood Panels,(07) 3889 6300,"5 Leonard Cres, Brendale QLD 4500",https://www.jandenwp.com.au,83612554533,https://www.yellowpages.com.au/qld/brendale/janden-wood-panels-12169753-listing.html
BGB Marine Plywood,0416 851 590,"Unit 2 10 Jay Gee Ct, Nerang QLD 4211",http://www.marineplywood.com.au,98625122107,https://www.yellowpages.com.au/qld/nerang/bgb-marine-plywood-1000002028788-listing.html
Briggs Veneers,(02) 9732 7888,"409 Victoria St, Wetherill Park NSW 2164",http://www.briggs.com.au,48000059067,https://www.yellowpages.com.au/nsw/wetherill-park/briggs-veneers-13121714-listing.html
Glyph Design,(08) 8367 7788,"74 Wilpena Ave, Vale Park SA 5081",http://www.glyph.markshearer.org,76628295679,https://www.yellowpages.com.au/sa/vale-park/glyph-design-13155681-listing.html
Lismore Timber & Plywood,(02) 6621 2565,"8 Arthur St, North Lismore NSW 2480",,88498119273,https://www.yellowpages.com.au/nsw/north-lismore/lismore-timber-plywood-15420345-listing.html
Balsacentral,(08) 8276 4482,"11 Emanuel Ct, Melrose Park SA 5039",https://www.balsacentral.com,81088537697,https://www.yellowpages.com.au/sa/melrose-park/balsacentral-1000002229787-listing.html
Proveneer Pty Ltd,(07) 3818 0055,"61 River Rd, Redbank QLD 4301",http://www.proveneer.com.au,71062470071,https://www.yellowpages.com.au/qld/redbank/proveneer-pty-ltd-1000002860000-listing.html
Boss Better Living Systems,(02) 6040 2211,"517 Dallinger Rd, Lavington NSW 2641",http://www.bossbetterlivingsystems.com.au,56373831147,https://www.yellowpages.com.au/nsw/lavington/boss-better-living-systems-14215205-listing.html
Rodgers Kitchens Pty Ltd,(03) 6244 6932,"125 Mornington Rd, Mornington TAS 7018",http://www.rodgerskitchens.net.au,23065254284,https://www.yellowpages.com.au/tas/mornington/rodgers-kitchens-pty-ltd-12488182-listing.html
Thomas Ludi-Schutz,0408 087 159s only,Tanunda SA 5352,http://www.ludi-schutz.com.au,72227464451,https://www.yellowpages.com.au/sa/tanunda/thomas-ludi-schutz-12538648-listing.html
Burleigh Kitchens & Joinery,0431 062 661,"Factory 8 68-70 Township Dr, Burleigh Heads QLD 4220",https://www.burleighkitchens.com,32358724787,https://www.yellowpages.com.au/qld/burleigh-heads/burleigh-kitchens-joinery-14858478-listing.html
Liberty Kitchens,(03) 5831 2620,"60 Williams Rd, Shepparton VIC 3630",http://www.libertykitchens.com.au,25621507505,https://www.yellowpages.com.au/vic/shepparton/liberty-kitchens-12082212-listing.html
Veneer Panels Pty Ltd,(08) 8281 3444,"27 Nylex Ave, Salisbury South SA 5106",http://www.veneerpanels.com.au,30099949596,https://www.yellowpages.com.au/sa/salisbury-south/veneer-panels-pty-ltd-12644766-listing.html
Albart Trading Co Pty Ltd,(02) 9362 1044,"""Business Cntr"" Lvl 5/ 203 New South Head Rd, Edgecliff NSW 2027",,12000399511,https://www.yellowpages.com.au/nsw/edgecliff/albart-trading-co-pty-ltd-12393334-listing.html
Drive Technical Service,(02) 9533 5470,"32 Bridgeview Rd, Beverly Hills NSW 2209",,92654543370,https://www.yellowpages.com.au/nsw/beverly-hills/drive-technical-service-12803494-listing.html
Isis Pine 'N' Ply,(07) 4126 3545,"Blacksmith Ct, Doolbi QLD 4660",,92106648882,https://www.yellowpages.com.au/qld/doolbi/isis-pine-n-ply-12891381-listing.html
LifeTime Industries,(02) 9518 5901,"Unit 3 / 56 John St, Leichhardt NSW 2040",,16064960612,https://www.yellowpages.com.au/nsw/leichhardt/lifetime-industries-13525209-listing.html
New Age Veneers Pty Ltd,(02) 9457 9622,Mt Kuring Gai NSW 2080,,85002707502,https://www.yellowpages.com.au/nsw/mt-kuring-gai/new-age-veneers-pty-ltd-13715558-listing.html
Plyco,(03) 5975 7911,"13 Bruce St, Mornington VIC 3931",,59979117695,https://www.yellowpages.com.au/vic/mornington/plyco-13742520-listing.html
Green Panel Pty Ltd,(03) 9674 0317,"68- 72 York St, South Melbourne VIC 3205",,34112832470,https://www.yellowpages.com.au/vic/south-melbourne/green-panel-pty-ltd-12687971-listing.html
Toowoomba Plywood Sales,(07) 4639 2760,"15 Diagonal St, South Toowoomba QLD 4350",,33156670503,https://www.yellowpages.com.au/qld/south-toowoomba/toowoomba-plywood-sales-14398320-listing.html
In2ply Pty Ltd,(03) 9708 2283,"Unit 3/ 78 Frankston Gardens Dr, Carrum Downs VIC 3201",,48115575641,https://www.yellowpages.com.au/vic/carrum-downs/in2ply-pty-ltd-14178719-listing.html
Scheff's Kitchens & Cabinets,(08) 8345 1451,,http://www.scheffskitchens.com.au,65189560966,https://www.yellowpages.com.au/sa/mile-end/scheffs-kitchens-cabinets-1000002232607-listing.html
All Style Kitchens And Bathrooms,0414 514 573,"Shop 3/ 32 Wyllie St, Thabeban QLD 4670",http://www.allstylekandb.com.au,43101347568,https://www.yellowpages.com.au/qld/thabeban/all-style-kitchens-and-bathrooms-14191064-listing.html
Advance Kitchens Pty Ltd,(07) 5491 6822,"13 Enterprise St, Caloundra QLD 4551",http://www.advancekitchens.com.au,48056077091,https://www.yellowpages.com.au/qld/caloundra/advance-kitchens-pty-ltd-12031165-listing.html
Cube Kitchens & Joinery,(03) 6425 4011,"3 Dysons Lane, Ulverstone TAS 7315",https://cubekitchensandjoinery.com.au,64126285149,https://www.yellowpages.com.au/tas/ulverstone/cube-kitchens-joinery-1000002956354-listing.html
Cooloola Coast Cabinets,(07) 5486 2925,"136 Emperor St, Tin Can Bay QLD 4580",http://www.cooloolacoastcabinets.com,98133539020,https://www.yellowpages.com.au/qld/tin-can-bay/cooloola-coast-cabinets-14643851-listing.html
Trubuilt Kitchens and Commercial Joinery,(02) 6494 3161,"5 Toallo St, Pambula NSW 2549",http://www.trubuiltpambula.com.au,55000818959,https://www.yellowpages.com.au/nsw/pambula/trubuilt-kitchens-and-commercial-joinery-14785264-listing.html
"Kustom Kitchens, Portland",0407 548 582,"74A Fitzgerald St, Portland VIC 3305",http://www.kustomkitchen.com.au,66627051405,https://www.yellowpages.com.au/vic/portland/kustom-kitchens-portland-14079084-listing.html
Lees Rodney Cabinet Making,(02) 6622 2364,East Lismore NSW 2480,http://www.rodneyleescabinetmaking.com.au,64785055989,https://www.yellowpages.com.au/nsw/east-lismore/lees-rodney-cabinet-making-14577243-listing.html
South Coast Cabinets & Joinery Pty Ltd,(08) 8554 2113,Port Elliot SA 5212,,67064916712,https://www.yellowpages.com.au/sa/port-elliot/south-coast-cabinets-joinery-pty-ltd-1000002942466-listing.html
Jono's Cabinets,0407 878 675,"116 New West Rd, Port Lincoln SA 5606",https://jonoscabinets.com.au,30499815298,https://www.yellowpages.com.au/sa/port-lincoln/jonos-cabinets-11871879-listing.html
Wagga Kitchen and Wardrobe Centre,(02) 6925 5525,"14 Cheshire St, Wagga Wagga NSW 2650",http://www.waggakitchenandwardrobecentre.com.au,98627181181,https://www.yellowpages.com.au/nsw/wagga-wagga/wagga-kitchen-and-wardrobe-centre-15290179-listing.html
Warraview Joinery Pty Ltd,(03) 5622 1464,"31 Phoenix St, Warragul VIC 3820",https://go.thryv.com/site/warraviewjoinery,97166739144,https://www.yellowpages.com.au/vic/warragul/warraview-joinery-pty-ltd-15125414-listing.html
Campbells Kitchen Cabinets,(07) 4774 6888,"16 Northern Link Cct, Shaw QLD 4818",https://campbellskitchens.com.au,33127267556,https://www.yellowpages.com.au/qld/shaw/campbells-kitchen-cabinets-12894715-listing.html
Inspired Kitchens,(03) 5442 6772,,,41135565718,https://www.yellowpages.com.au/vic/west-bendigo/inspired-kitchens-1000002751145-listing.html
Design Spec Joinery & Kitchens,(02) 6621 2274,"49- 51 Jubilee St, Lismore NSW 2480",http://www.designspec.net.au,42420827273,https://www.yellowpages.com.au/nsw/lismore/design-spec-joinery-kitchens-14549446-listing.html
Space Craft Joinery,(08) 8536 4680,"54 Milnes Rd, Strathalbyn SA 5255",http://www.spacecraftjoinery.com.au,17608665470,https://www.yellowpages.com.au/sa/strathalbyn/space-craft-joinery-12770991-listing.html
Dalmeny Designer Kitchens,(02) 4476 7272,"Acacia Cl, Dalmeny NSW 2546",http://www.ddkitchens.com.au,47424687075,https://www.yellowpages.com.au/nsw/dalmeny/dalmeny-designer-kitchens-13298168-listing.html
de Wacht Cabinets & Design,0437 049 608,"3/ 9 Jennings Ct, Rosebud VIC 3939",http://www.dewachtcabinets.com.au,67268892921,https://www.yellowpages.com.au/vic/rosebud/de-wacht-cabinets-design-13966228-listing.html
Bago Woodworks,(02) 6585 1595,"46 Commerce St, Wauchope NSW 2446",http://www.bagowoodworks.com,30154894229,https://www.yellowpages.com.au/nsw/wauchope/bago-woodworks-12249935-listing.html
CNC Cycle Works,(03) 9794 7794,"35 Plunkett Rd, Dandenong VIC 3175",https://www.cnccycles.com.au,76715604165,https://www.yellowpages.com.au/vic/dandenong/cnc-cycle-works-12356994-listing.html
Currumbin Woodworks,(07) 5534 5099,"17 Traders Way, Currumbin Waters QLD 4223",,25626110816,https://www.yellowpages.com.au/qld/currumbin-waters/currumbin-woodworks-13197193-listing.html
Wagga Welding Shop,(02) 6925 4844,"9 Rabaul Pl, Ashmont NSW 2650",,31714505009,https://www.yellowpages.com.au/nsw/ashmont/wagga-welding-shop-11918314-listing.html
E -Plas Pty Ltd,(03) 8361 1709,"105 Eucumbene Dr, Ravenhall VIC 3023",http://www.eplas.com.au,60005882244,https://www.yellowpages.com.au/vic/ravenhall/e-plas-pty-ltd-15465593-listing.html
Guilmartins Hardware,(03) 5443 5927,"2 Holdsworth Rd, Bendigo VIC 3550",,46101031844,https://www.yellowpages.com.au/vic/bendigo/guilmartins-hardware-13282028-listing.html
Formrite Group,(02) 8310 9555,"Unit 18 13 Gibbens Rd, West Gosford NSW 2250",https://www.formrite.com.au,52162379900,https://www.yellowpages.com.au/nsw/west-gosford/formrite-group-1000002988801-listing.html
Plastic Welded Products Pty Ltd,(07) 3390 1668,"65 Neumann Rd, Capalaba QLD 4157",http://www.plasticweldedproducts.com.au,21089137584,https://www.yellowpages.com.au/qld/capalaba/plastic-welded-products-pty-ltd-1000002919752-listing.html
Paradise PVC Welding Pty Ltd,(07) 3209 9733,"90 Chetwynd St, Loganholme QLD 4129",http://www.paradisepvc.com.au,20059342086,https://www.yellowpages.com.au/qld/loganholme/paradise-pvc-welding-pty-ltd-15020602-listing.html
Envirotank Pty Ltd,(03) 9550 0800,,https://www.envirotank.com.au,51152047071,https://www.yellowpages.com.au/sup/envirotank-pty-ltd-1000002921525-listing.html
Rotadyne Pty. Limited,(02) 7908 9742,"31-43 Power St, St Marys NSW 2760",https://www.rotadyne.com.au,21077570784,https://www.yellowpages.com.au/nsw/st-marys/rotadyne-pty-limited-1000002929841-listing.html
Access Plastics,(03) 6272 3105,"24 Pearl St, Derwent Park TAS 7009",http://www.accessplastics.com.au,45600704840,https://www.yellowpages.com.au/tas/derwent-park/access-plastics-13189789-listing.html
Miles Plastics,(07) 5491 7741,"Unit 1/ 28 Deefa St, Caloundra West QLD 4551",http://www.milesplastics.com.au,49010890856,https://www.yellowpages.com.au/qld/caloundra-west/miles-plastics-13888698-listing.html
General Plastic Ballarat,(03) 5335 8455,,http://generalplastic.com.au,20573070778,https://www.yellowpages.com.au/sup/general-plastic-ballarat-14814469-listing.html
Mitchell Plastics,(03) 9558 0800,"32-38 Redwood Dr, Dingley Village VIC 3172",http://www.mitchellgroup.com.au,11095924977,https://www.yellowpages.com.au/vic/dingley-village/mitchell-plastics-15556570-listing.html
Bearing Thermal Resources Pty Ltd,(03) 9764 2009,"5 Kerr Ct, Rowville VIC 3178",http://www.btresources.com.au,85650895168,https://www.yellowpages.com.au/vic/rowville/bearing-thermal-resources-pty-ltd-13931016-listing.html
A J Plastics Engineering Pty Ltd,(03) 9312 7122,"82 Vella Dr, Sunshine West VIC 3020",,24163714654,https://www.yellowpages.com.au/vic/sunshine-west/a-j-plastics-engineering-pty-ltd-14935026-listing.html
ADC Plastics Pty Ltd,(03) 9703 2122,"U 2 101 Wedgewood Rd, Hallam VIC 3803",http://www.adcplastics.com.au,25088214564,https://www.yellowpages.com.au/vic/hallam/adc-plastics-pty-ltd-14213315-listing.html
Power Wholesale Signage & Plastics,(02) 4947 8555,"18 Oakdale Rd, Gateshead NSW 2290",http://www.powerwholesale.com.au,14090399090,https://www.yellowpages.com.au/nsw/gateshead/power-wholesale-signage-plastics-1000002796189-listing.html
Busy Bee Brushware Pty Ltd Incorporating Busy Bee Plastics,(03) 9768 2865,"39 Swift Way, Dandenong South VIC 3175",https://www.busybee.com.au,21079620009,https://www.yellowpages.com.au/vic/dandenong-south/busy-bee-brushware-pty-ltd-incorporating-busy-bee-plastics-12225983-listing.html
Bearings Tasmania,(03) 6334 0900,"49 - 51 Holbrook St, Invermay TAS 7248",http://www.bearingstasmaniata.com.au,34750655079,https://www.yellowpages.com.au/tas/invermay/bearings-tasmania-12930633-listing.html
Consolidated Plastics & Epoxy (Qld) Pty Ltd,(07) 4957 2472,"99 Maggiolo Dr, Paget QLD 4740",http://www.cpeqld.com.au,23010927189,https://www.yellowpages.com.au/qld/paget/consolidated-plastics-epoxy-qld-pty-ltd-14546040-listing.html
Allsale Plastic,(02) 9721 3999,"Unit 1, 97 - 99 Betts Rd Corner Of Cumberland Hwy Betts Road and Woodpark Rd, Smithfield NSW 2164",http://www.perspex.com.au,22087975061,https://www.yellowpages.com.au/nsw/smithfield/allsale-plastic-14684615-listing.html
Australian Lining Co Pty Ltd,(07) 4728 9170,"39 Keane St, Currajong QLD 4812",https://www.austliningco.com.au,75097172195,https://www.yellowpages.com.au/qld/currajong/australian-lining-co-pty-ltd-12891855-listing.html
Poly Belt Australia,0499 555 267,"317 Black River Rd, Black River QLD 4818",,39167153166,https://www.yellowpages.com.au/qld/black-river/poly-belt-australia-15606861-listing.html
Palm Products,(03) 9555 7144,"704 South Rd, Moorabbin VIC 3189",http://www.palmproducts.com.au,77006876697,https://www.yellowpages.com.au/vic/moorabbin/palm-products-13525304-listing.html
Design Flow Pty Ltd,(03) 9775 0963,"8 Silkwood Rise, Carrum Downs VIC 3201",http://www.designflow.com.au,16098602790,https://www.yellowpages.com.au/vic/carrum-downs/design-flow-pty-ltd-14807947-listing.html
BFS Plastics Pty Ltd,(07) 3276 7933,"56 Pentex St, Salisbury QLD 4107",http://www.bfsplastics.com.au,98082828813,https://www.yellowpages.com.au/qld/salisbury/bfs-plastics-pty-ltd-14770650-listing.html
PPCA Importers,(08) 8177 1989,"20 Bennet Ave, Melrose Park SA 5039",https://www.adelaideplasticfabrications.com.au,36776975498,https://www.yellowpages.com.au/sa/melrose-park/ppca-importers-14705935-listing.html
Conta-Pack Pty Ltd,(07) 3889 3698,"Unit 1/ 39 Grice St, Clontarf QLD 4019",http://www.contapack.com.au,16126440837,https://www.yellowpages.com.au/qld/clontarf/conta-pack-pty-ltd-14560016-listing.html
National Laser Group,(03) 9580 1066,"8 Brady Cl, Braeside VIC 3195",http://www.australiansheettraders.com.au/national-laser-group,67137954860,https://www.yellowpages.com.au/vic/braeside/national-laser-group-14210884-listing.html
Stockcap,(02) 9627 5156,"51 Wellington St., Riverstone NSW 2765",http://www.sinclair-rush.com/locations.htm,91058868625,https://www.yellowpages.com.au/nsw/riverstone/stockcap-14793196-listing.html
Techplas Australia Pty Ltd,0401 077 098,"PO Box 199, Montrose VIC 3765",https://www.techplasaust.com.au,53123121148,https://www.yellowpages.com.au/vic/montrose/techplas-australia-pty-ltd-1000002139837-listing.html
Pacific West Plastics,0414 262 820,Glenwood NSW 2768,http://www.pacwestcorp.com.au,31301062314,https://www.yellowpages.com.au/nsw/glenwood/pacific-west-plastics-12580410-listing.html
Miranda Plastics,(02) 9525 1049,"Unit 5 60 Box Rd, Taren Point NSW 2229",https://www.mplastics.com.au/contact-us.html,21128035307,https://www.yellowpages.com.au/nsw/taren-point/miranda-plastics-12952741-listing.html
Bathurst Signs,(02) 6334 3888,"110 Havannah St, Bathurst NSW 2795",http://bathurstsigns.com.au,47052311305,https://www.yellowpages.com.au/nsw/bathurst/bathurst-signs-13695736-listing.html
Wasson Engineering Plastics,(02) 9534 1888,"14 Stanley St, Peakhurst NSW 2210",http://www.wasson.com.au,85188644174,https://www.yellowpages.com.au/nsw/peakhurst/wasson-engineering-plastics-14112233-listing.html
The Plastic Man,(03) 9580 8992,"60 Bond St West, Mordialloc VIC 3195",http://www.theplasticman.com.au,53100211907,https://www.yellowpages.com.au/vic/mordialloc/the-plastic-man-14918261-listing.html
Plantic Technologies Ltd,(03) 9353 7900,"51 Burns Rd, Altona VIC 3018",http://www.plantic.com.au,71097524975,https://www.yellowpages.com.au/vic/altona/plantic-technologies-ltd-15711963-listing.html
Rooney G Plastics,(02) 6925 5215,"23 Saxon St, Wagga Wagga NSW 2650",,69679473841,https://www.yellowpages.com.au/nsw/wagga-wagga/rooney-g-plastics-11873091-listing.html
Gough Plastics,(07) 4758 6400,"833 Ingham Rd, Bohle QLD 4818",http://www.gough.com.au,96332426475,https://www.yellowpages.com.au/qld/bohle/gough-plastics-13033043-listing.html
Genfac Plastics Pty Ltd,(03) 9706 7993,"951 Taylors Rd, Dandenong South VIC 3175",https://www.genfac.com.au,66006205876,https://www.yellowpages.com.au/vic/dandenong-south/genfac-plastics-pty-ltd-12191830-listing.html
Lingel Pty Ltd,(02) 9600 9999,"Unit 2/ 26 Kelso Crst, Moorebank NSW 2170",http://www.lingel.com.au,25001484591,https://www.yellowpages.com.au/nsw/moorebank/lingel-pty-ltd-13461623-listing.html
Visual Plastics & Signs,(02) 9531 4811,"8 Bay Road, Taren Point NSW 2229",http://www.visualsigns.com.au,82101403105,https://www.yellowpages.com.au/nsw/taren-point/visual-plastics-signs-13199020-listing.html
WA Plastics,(08) 9256 2011,"Unit 2/ 35 Tacoma Cct, Canning Vale WA 6155",http://www.mainlineplastics.com,71164274186,https://www.yellowpages.com.au/wa/canning-vale/wa-plastics-12399339-listing.html
A Plus Plastics Pty Ltd,(02) 8795 8219,"4 Huntsmore Rd, Minto NSW 2566",http://www.aplusplastics.com.au,36077175118,https://www.yellowpages.com.au/nsw/minto/a-plus-plastics-pty-ltd-13384514-listing.html
Launceston Glass & Aluminium Pty Ltd,(03) 6343 0058,"4 Quarantine Rd, Kings Meadows TAS 7249",,67070117252,https://www.yellowpages.com.au/tas/kings-meadows/launceston-glass-aluminium-pty-ltd-12168995-listing.html
Alternative Engineering Components,(03) 9269 6581,"35 Boundary Rd, North Melbourne VIC 3051",http://www.alternativeplastics.com.au,84155910115,https://www.yellowpages.com.au/vic/north-melbourne/alternative-engineering-components-12521048-listing.html
Branches Timber Craft,(02) 4759 2169,Lawson NSW 2783,http://www.branchestimbercraft.com.au,82109819561,https://www.yellowpages.com.au/nsw/lawson/branches-timber-craft-12414453-listing.html
Design Spec Joinery & Kitchens,(02) 6621 2274,"49- 51 Jubilee St, Lismore NSW 2480",http://www.designspec.net.au,42420827273,https://www.yellowpages.com.au/nsw/lismore/design-spec-joinery-kitchens-12705331-listing.html
The Joinery Store,(02) 6382 4681,"318 Boorowa St, Young NSW 2594",http://www.thejoinerystore.com.au,31109556023,https://www.yellowpages.com.au/nsw/young/the-joinery-store-15117449-listing.html
Dalmeny Designer Kitchens,(02) 4476 7272,"Acacia Cl, Dalmeny NSW 2546",http://www.ddkitchens.com.au,47424687075,https://www.yellowpages.com.au/nsw/dalmeny/dalmeny-designer-kitchens-12598625-listing.html
Greg Smith Joinery,(03) 6278 3380,"39A Albert Rd, Moonah TAS 7009",,63386352164,https://www.yellowpages.com.au/tas/moonah/greg-smith-joinery-12322607-listing.html
Barnard Joinery,(03) 6344 4749,"2 Quarantine Rd, Kings Meadows TAS 7249",https://hipages.com.au/connect/barnardjoinery,26563024462,https://www.yellowpages.com.au/tas/kings-meadows/barnard-joinery-15138239-listing.html
Custom Design Joinery,(02) 9829 4152,,http://www.cdjoinery.com.au,61662197892,https://www.yellowpages.com.au/sup/custom-design-joinery-1000002344434-listing.html
Branxton Joinery,(02) 4938 1903,"44 Russell St, Branxton NSW 2335",https://joinerybranxton.com.au,33002769735,https://www.yellowpages.com.au/nsw/branxton/branxton-joinery-12878528-listing.html
Stansfield Joinery,(08) 8326 7078,Hackham SA 5163,http://www.stansfieldjoinery.com,89134107950,https://www.yellowpages.com.au/sa/hackham/stansfield-joinery-14958765-listing.html
EuroTrend Windows & Doors,(03) 6267 2632,"24 Crescent Dr, Margate TAS 7054",http://www.eurotrend.net.au,43344852566,https://www.yellowpages.com.au/tas/margate/eurotrend-windows-doors-14644484-listing.html
Marrickville Joinery,(02) 9558 2435,"12 Tramway St, Tempe NSW 2044",http://www.marrickvillejoinery.com.au,64857264153,https://www.yellowpages.com.au/nsw/tempe/marrickville-joinery-12058620-listing.html
Ancient Opal Joinery & Stained Glass,0431 790 702,"31 Princes Ave, Charlestown NSW 2290",https://newcastlec4.wixsite.com/mysite,83252702432,https://www.yellowpages.com.au/nsw/charlestown/ancient-opal-joinery-stained-glass-13813703-listing.html
H Dallas Industries Pty Ltd,(02) 9771 4200,"47 Marigold St, Revesby NSW 2212",http://www.hdallas.com.au,22001776183,https://www.yellowpages.com.au/nsw/revesby/h-dallas-industries-pty-ltd-12919842-listing.html
Merritt Joinery Pty. Ltd,,"412 Hobart Rd, Youngtown TAS 7249",http://www.merrittjoinery.com.au,61839585727,https://www.yellowpages.com.au/tas/youngtown/merritt-joinery-pty-ltd-1000002375671-listing.html
Midvale Joinery,(08) 9452 1690,"Unit 2/ 20 Alloa Rd, Maddington WA 6109",,49059077049,https://www.yellowpages.com.au/wa/maddington/midvale-joinery-15144003-listing.html
T.OK Carpentry & Partitioning,(02) 6299 3860,"56 Paterson Parade, Queanbeyan West NSW 2620",,60008546398,https://www.yellowpages.com.au/nsw/queanbeyan-west/tok-carpentry-partitioning-11931510-listing.html
Ray's Joinery,(02) 6492 1041,Bega NSW 2550,,68109467585,https://www.yellowpages.com.au/nsw/bega/rays-joinery-15216472-listing.html
Signature Joinery & Design,(02) 9625 0282,"Unit 2/ 51 Owen St, Glendenning NSW 2761",,79001432524,https://www.yellowpages.com.au/nsw/glendenning/signature-joinery-design-14257609-listing.html
Jomar Joinery Pty Ltd,(03) 5134 6002,"6 Holmes Rd, Morwell VIC 3840",,34007249407,https://www.yellowpages.com.au/vic/morwell/jomar-joinery-pty-ltd-13655436-listing.html
Rogers Furniture & Joinery,0409 329 580,"8 George St, Swan Hill VIC 3585",,19327605582,https://www.yellowpages.com.au/vic/swan-hill/rogers-furniture-joinery-13595186-listing.html
Ross Joinery Kitchens Pty Ltd,(07) 4774 5511,"447-451 Bayswater Rd, Garbutt QLD 4814",http://www.rossjoinery.com.au,94009854200,https://www.yellowpages.com.au/qld/garbutt/ross-joinery-kitchens-pty-ltd-1000002859836-listing.html
McEldrew's Joinery,(03) 5338 2011,"Cnr Ring Rd and Trewin St, Ballarat VIC 3350",,28006487181,https://www.yellowpages.com.au/vic/ballarat/mceldrews-joinery-14504361-listing.html
Camden Haven Kitchens & Joinery,(02) 6585 4156,"PO Box 263, Lake Cathie NSW 2445",,54272823733,https://www.yellowpages.com.au/nsw/lake-cathie/camden-haven-kitchens-joinery-12199153-listing.html
Seaside Joinery Pty Ltd,(02) 4367 4403,"Unit 2/ 15 Bonnal Rd, Erina NSW 2250",http://www.seasidejoinery.com.au,45625395762,https://www.yellowpages.com.au/nsw/erina/seaside-joinery-pty-ltd-13017651-listing.html
Johnston Joinery,(07) 4035 3692,"113 Newell St, Bungalow QLD 4870",http://www.johnstonjoinery.com.au,12720562109,https://www.yellowpages.com.au/qld/bungalow/johnston-joinery-14924231-listing.html
Rodgers Kitchens Pty Ltd,(03) 6244 6932,"125 Mornington Rd, Mornington TAS 7018",http://www.rodgerskitchens.net.au,23065254284,https://www.yellowpages.com.au/tas/mornington/rodgers-kitchens-pty-ltd-15400217-listing.html
Wizard Kitchens,(03) 6248 4685,"8/205 Kennedy Dr, Cambridge TAS 7170",,80126128443,https://www.yellowpages.com.au/tas/cambridge/wizard-kitchens-14192972-listing.html
Adina Designed Interiors Svensson Heights,(07) 4132 7777,"35 Enterprise St, Bundaberg QLD 4670",https://www.adinainteriors.com.au,16009870071,https://www.yellowpages.com.au/qld/bundaberg/adina-designed-interiors-svensson-heights-1000002621114-listing.html
Kensington Timber Windows & Doors,0438 617 155,"412 Willi Willi Rd, Kempsey NSW 2440",http://www.kensingtonwindows.com.au,85003501728,https://www.yellowpages.com.au/nsw/kempsey/kensington-timber-windows-doors-12872536-listing.html
Moyle Bendale Timber Pty Ltd,(08) 8347 1677,"17 Cheltenham Parade, Cheltenham SA 5014",http://www.mbtimber.com,94007657981,https://www.yellowpages.com.au/sa/cheltenham/moyle-bendale-timber-pty-ltd-15074121-listing.html
Timber Edge Joinery,0437 185 471,,,89145956452,https://www.yellowpages.com.au/sup/timber-edge-joinery-1000002230443-listing.html
Martins Timber Joinery,(02) 6628 5544,"Lot 13/ Kays Lane, Alstonville NSW 2477",,24105921953,https://www.yellowpages.com.au/nsw/alstonville/martins-timber-joinery-15039820-listing.html
Ungerer's Timber Joinery,(07) 4951 1231,"Sixth Lane, Mackay QLD 4740",,33033882381,https://www.yellowpages.com.au/qld/mackay/ungerers-timber-joinery-15314244-listing.html
Dayal Singh Joinery,(02) 6621 2274,Lismore NSW 2480,https://www.designspec.net.au,42420827273,https://www.yellowpages.com.au/nsw/lismore/dayal-singh-joinery-1000002275797-listing.html
Adina Designed Interiors,(07) 4132 7755,"35 Enterprise St, Svensson Heights QLD 4670",https://www.adinainteriors.com.au,48163834642,https://www.yellowpages.com.au/qld/svensson-heights/adina-designed-interiors-13023432-listing.html
Jindabyne Joinery,(02) 6457 2833,"Leesville Industrial Estate 11 Percy Harris St, Jindabyne NSW 2627",http://www.jindabynejoinery.com.au,14954656276,https://www.yellowpages.com.au/nsw/jindabyne/jindabyne-joinery-13742674-listing.html
Mount Barker Joinery,(08) 8391 2706,"31 Oborn Rd, Mt Barker SA 5251",http://www.mountbarkerjoinery.com.au,90008188001,https://www.yellowpages.com.au/sa/mt-barker/mount-barker-joinery-12665030-listing.html
Halton Joinery Pty Ltd,(03) 6227 2411,"16 Ascot Dr, Huntingfield TAS 7055",http://www.haltonjoinery.com.au,27137640389,https://www.yellowpages.com.au/tas/huntingfield/halton-joinery-pty-ltd-15738151-listing.html
Superfinish Designer Coatings Pty Ltd,(02) 4954 5300,"22 Aruma Pl, Cardiff NSW 2285",https://superfinishdc.com.au,13105256451,https://www.yellowpages.com.au/nsw/cardiff/superfinish-designer-coatings-pty-ltd-11936673-listing.html
Clayton R. M. Joinery Pty Ltd,(03) 5721 5122,"28- 32 Newman St, Wangaratta VIC 3677",,65687298536,https://www.yellowpages.com.au/vic/wangaratta/clayton-r-m-joinery-pty-ltd-13256928-listing.html
Bakers Joinery,(02) 6562 5455,"10-12 Akubra Pl, Kempsey NSW 2440",http://www.bakersjoinery.com.au,31001148894,https://www.yellowpages.com.au/nsw/kempsey/bakers-joinery-12470470-listing.html
Kohlen Joinery PTY LTD,(08) 9331 3433,"7 Marsh Cl, Oconnor WA 6163",http://www.kohlenjoinery.com.au,88437215114,https://www.yellowpages.com.au/wa/oconnor/kohlen-joinery-pty-ltd-13833272-listing.html
Designer Woodworks,0438 663 622,"225 Warrazambil Creek Rd, Kyogle NSW 2474",,64124271414,https://www.yellowpages.com.au/nsw/kyogle/designer-woodworks-12124202-listing.html
Cabinet-Tech Pty Ltd,(08) 8447 1400,"18 Francis St, Port Adelaide SA 5015",http://www.cabtech.com.au,30079085519,https://www.yellowpages.com.au/sa/port-adelaide/cabinet-tech-pty-ltd-13914879-listing.html
Intermain Pty Ltd,(02) 9318 2272,"126-136 Bourke Rd, Alexandria NSW 2015",http://www.intermain.com.au,62096189623,https://www.yellowpages.com.au/nsw/alexandria/intermain-pty-ltd-13939983-listing.html
Merrick Joinery,0422 188 835,Somerville VIC 3912,https://www.instagram.com/merrickjoinery,59674261057,https://www.yellowpages.com.au/vic/somerville/merrick-joinery-1000002256464-listing.html
Advance Detail Joinery Pty. Ltd.,(02) 6297 6268,"136 Gilmore Rd, Queanbeyan NSW 2620",http://advancedetailjoinery.com.au,95008550525,https://www.yellowpages.com.au/nsw/queanbeyan/advance-detail-joinery-pty-ltd-13500764-listing.html
Karve Kitchens and Joinery,0438 443 990,"Unit 3 Cnr Whitbread and Elizabeth Street, Taree NSW 2430",https://karvekitchens.com.au,85611605648,https://www.yellowpages.com.au/nsw/taree/karve-kitchens-and-joinery-1000002064086-listing.html
KB Joinery,0403 501 260,Kandanga QLD 4570,http://www.facebook.com/kbjoineryqld,49406519858,https://www.yellowpages.com.au/qld/kandanga/kb-joinery-1000002237685-listing.html
BOS JOINERY NSW PTY LTD,(02) 8387 6459,"2 Production Ave, Kogarah NSW 2217",https://www.bosjoinery.com.au,96638101176,https://www.yellowpages.com.au/nsw/kogarah/bos-joinery-nsw-pty-ltd-1000002376474-listing.html
Sunshine Joinery (VIC) Pty Ltd,(03) 9366 7284,"188 McIntyre Rd, Sunshine North VIC 3020",http://www.sunshinejoinery.com.au,22068847030,https://www.yellowpages.com.au/vic/sunshine-north/sunshine-joinery-vic-pty-ltd-12957173-listing.html
Complete Joinery Solutions Pty Ltd,(07) 3205 6122,"Unit 1/ 34 Terrence St, Brendale QLD 4500",http://www.completejoinery.com,43107416035,https://www.yellowpages.com.au/qld/brendale/complete-joinery-solutions-pty-ltd-14591097-listing.html
S E Qld Woodworking Supplies,(07) 3808 7005,"23 Thorsborne St, Beenleigh QLD 4207",http://www.woodworkingsuppliesqld.com.au,96746184034,https://www.yellowpages.com.au/qld/beenleigh/s-e-qld-woodworking-supplies-15441936-listing.html
Colloyd,(03) 9580 3500,"4-6 Heland Pl, Braeside VIC 3195",http://www.colloyd.com.au,85050137052,https://www.yellowpages.com.au/vic/braeside/colloyd-12310932-listing.html
Ryan Woodworks Pty Ltd,(03) 9330 2203,"42 McIntosh St, Airport West VIC 3042",http://www.ryanwoodworks.com.au,29005418342,https://www.yellowpages.com.au/vic/airport-west/ryan-woodworks-pty-ltd-12181956-listing.html
Carbatec,(07) 3390 5888,"128 Ingleston Rd, Wakerley QLD 4154",http://www.carbatec.com.au,84010706242,https://www.yellowpages.com.au/qld/wakerley/carbatec-14005492-listing.html
Superior Wood Pty Ltd,(07) 5484 3800,"PO Box 42, Imbil QLD 4570",http://superiorwood.com.au,95154686772,https://www.yellowpages.com.au/qld/imbil/superior-wood-pty-ltd-15557828-listing.html
Woodwork Shavings Pty Ltd,0419 498 747,Paddington NSW 2021,,65794351015,https://www.yellowpages.com.au/nsw/paddington/woodwork-shavings-pty-ltd-15555007-listing.html
Traditional Turnings,0409 948 321,Bayswater VIC 3153,http://www.traditionalturnings.com.au,89053474388,https://www.yellowpages.com.au/vic/bayswater/traditional-turnings-12568099-listing.html
Farache Woodturning,(03) 9350 6596,"3A Roosevelt St, Coburg North VIC 3058",http://www.farachewoodturning.com.au,54884325074,https://www.yellowpages.com.au/vic/coburg-north/farache-woodturning-13285981-listing.html
Hammersmith Woodturners,(08) 8346 8211,Brompton SA 5007,http://www.hammersmith.com.au,14007670528,https://www.yellowpages.com.au/sa/brompton/hammersmith-woodturners-12396444-listing.html
New England Wood Turning Supplies,(02) 6723 1350,"29 Ponds Rd, Gilgai NSW 2360",http://www.newagemultimedia.com/woodwork,63880519081,https://www.yellowpages.com.au/nsw/gilgai/new-england-wood-turning-supplies-13988350-listing.html
Charles Sandford Woodturning & Joinery Pty Ltd,(03) 9480 0599,"6-8 Bellevue Crst, Preston VIC 3072",http://www.charlessandford.com.au,17108382707,https://www.yellowpages.com.au/vic/preston/charles-sandford-woodturning-joinery-pty-ltd-12833032-listing.html
The Wood Works Book & Tool Co.,(02) 9979 7797,"81 McCarrs Creek Rd, Church Point NSW 2105",https://www.thewoodworks.com.au,59969134208,https://www.yellowpages.com.au/nsw/church-point/the-wood-works-book-tool-co-14786956-listing.html
Farache Woodturning & Verandah Posts,0418 123 818,"3A Roosevelt St, Coburg North VIC 3058",http://www.farachewoodturning.com.au,54884325074,https://www.yellowpages.com.au/vic/coburg-north/farache-woodturning-verandah-posts-14824532-listing.html
Gustavo Di Giacomo,0423 614 715,"7 Chynoweth Ave, Hackham SA 5163",http://www.gwoodturning.weebly.com,86038714302,https://www.yellowpages.com.au/sa/hackham/gustavo-di-giacomo-15582551-listing.html
Brad Latham,(03) 6239 6508,"29 Roberts Rd, Kaoota TAS 7150",,43717829918,https://www.yellowpages.com.au/tas/kaoota/brad-latham-14371720-listing.html
Neighbour's Workshop,(08) 8431 6226,"5 Salter St, Kensington SA 5068",,65899074057,https://www.yellowpages.com.au/sa/kensington/neighbours-workshop-12658353-listing.html
Jason Huxley,0424 530 447,Niagara Park NSW 2250,,49694480060,https://www.yellowpages.com.au/nsw/niagara-park/jason-huxley-1000002887393-listing.html
JayBax Woodturning,0416 808 997,"4 Edward St, Birdwood SA 5234",,54609072553,https://www.yellowpages.com.au/sa/birdwood/jaybax-woodturning-12754597-listing.html
Laserlog Australia,(02) 4271 5240,Unanderra NSW 2526,,73439342236,https://www.yellowpages.com.au/nsw/unanderra/laserlog-australia-13059191-listing.html
Goulburn Woodworks,(02) 4823 6044,"11 Onslow St, Kingsdale NSW 2580",,21484427963,https://www.yellowpages.com.au/nsw/kingsdale/goulburn-woodworks-14148914-listing.html
Felder NSW Pty Ltd,(02) 4735 1011,"Unit 1 125 Russell St, Emu Heights NSW 2750",http://www.felder.net.au,49103439836,https://www.yellowpages.com.au/nsw/emu-heights/felder-nsw-pty-ltd-13041863-listing.html
Outside Mouldings,(02) 4388 4982,"Vlla 1 8 Ketch Cl, Fountaindale NSW 2258",https://www.outsideinsidemouldings.com.au,77168002195,https://www.yellowpages.com.au/nsw/fountaindale/outside-mouldings-1000002994420-listing.html
Three Rivers Machinery,(02) 6847 3111,Warren NSW 2824,http://www.3rm.com.au,61002866677,https://www.yellowpages.com.au/nsw/warren/three-rivers-machinery-12476868-listing.html
Newcastle Tree Care,(02) 4956 6602,,http://www.waratahprofessionaltreecare.com.au,31110293975,https://www.yellowpages.com.au/nsw/newcastle/newcastle-tree-care-1000001710512-listing.html
Steve's Tree Cutting,0402 670 288,Wurtulla QLD 4575,https://www.stcarborcare.com.au,23084520507,https://www.yellowpages.com.au/qld/wurtulla/steves-tree-cutting-1000002922928-listing.html
Drouin Tree Services,0419 592 757,Drouin VIC 3818,https://drouintreeservices.com.au,24365198725,https://www.yellowpages.com.au/vic/drouin/drouin-tree-services-12324608-listing.html
Wood FX,0409 199 649s only,,,85125245074,https://www.yellowpages.com.au/qld/carina/wood-fx-1000002378655-listing.html
Chip Fast Tree Service P/L,0417 227 622,Middle Dural NSW 2158,http://www.chipfasttreeservice.com.au,37109770327,https://www.yellowpages.com.au/nsw/middle-dural/chip-fast-tree-service-p-l-14888109-listing.html
Above All Arbor,0419 272 566,,https://www.aboveallarbor.com.au,49616380842,https://www.yellowpages.com.au/nsw/moss-vale/above-all-arbor-1000002805466-listing.html
Eldridge Tree Service Pty Ltd,0427 693 525,"238 Irrigation Way, Narrandera NSW 2700",,56625933646,https://www.yellowpages.com.au/nsw/narrandera/eldridge-tree-service-pty-ltd-1000001919825-listing.html
Simpson Trees & Stumps,0413 943 360,Ballarat VIC 3350,https://www.simpsontreesandstumps.com.au,72164491276,https://www.yellowpages.com.au/vic/ballarat/simpson-trees-stumps-12003721-listing.html
Northern Rivers Tree Service,(02) 6688 6136,Lismore NSW 2480,,40021766060,https://www.yellowpages.com.au/nsw/lismore/northern-rivers-tree-service-14792363-listing.html
Wood 4 U,0418 680 160,"Blackhill Rd, Black Hill NSW 2322",,43738155448,https://www.yellowpages.com.au/nsw/black-hill/wood-4-u-1000001816440-listing.html
Epsom Farm Equipment,0427 053 062,"16 Ironstone Rd West, Epsom VIC 3551",,77259294476,https://www.yellowpages.com.au/vic/epsom/epsom-farm-equipment-15418707-listing.html
Winflo Curtains,(03) 6334 7936,"160 Cimitiere St, Launceston TAS 7250",http://www.winflocurtains.net.au,27568978820,https://www.yellowpages.com.au/tas/launceston/winflo-curtains-15161927-listing.html?isTopOfList=true&premiumProductId=400005033795
Caba's Drapery,(02) 6651 1245,"127 West High St, Coffs Harbour NSW 2450",http://www.cabas.com.au,74001883763,https://www.yellowpages.com.au/nsw/coffs-harbour/cabas-drapery-14953116-listing.html
Stan Bond SA Pty Ltd,(08) 8336 2066,Campbelltown SA 5074,http://www.stanbondsa.com.au,16007708607,https://www.yellowpages.com.au/sa/campbelltown/stan-bond-sa-pty-ltd-12206313-listing.html
Affordable Screens & Blinds,(07) 4152 3129,"16 Ellen Drive, Bundaberg QLD 4670",https://www.affordablescreensandblinds.com.au,24494711375,https://www.yellowpages.com.au/qld/bundaberg/affordable-screens-blinds-14381164-listing.html
Budget Screens & Awnings,(02) 6621 7259,"9 Krauss Ave, Lismore NSW 2480",https://www.budgetscreensandawnings.com.au,88924194166,https://www.yellowpages.com.au/nsw/lismore/budget-screens-awnings-14406417-listing.html
Albany Curtain Centre,(08) 9842 2611,"167 Albany Hwy, Albany WA 6330",https://albany.luxaflex.com.au,88149233303,https://www.yellowpages.com.au/wa/albany/albany-curtain-centre-12265268-listing.html
Fashion Window Blinds,(03) 5023 2582,"53 Pine Ave, Mildura VIC 3500",http://www.fashionwindowblinds.com.au,38518241592,https://www.yellowpages.com.au/vic/mildura/fashion-window-blinds-13255136-listing.html
Spencer Gulf Blinds,0416 016 408,Port Pirie SA 5540,http://www.spencergulfblinds.com,40582092341,https://www.yellowpages.com.au/sa/port-pirie/spencer-gulf-blinds-14216904-listing.html
Blind Outfitters,(07) 4032 1272,,https://www.blindoutfitters.com.au,79023927617,https://www.yellowpages.com.au/qld/atherton/blind-outfitters-1000002148055-listing.html
Elegant Timber Shutters and Blinds,0409 087 605s only,"642 Olympic Hwy, Young NSW 2594",http://www.elegantshutters.com.au,28210070135,https://www.yellowpages.com.au/nsw/young/elegant-timber-shutters-and-blinds-15057963-listing.html
IMEKO Blinds,1300 366 765,"585 Little Collins St, Melbourne VIC 3000",https://imekoblinds.com.au,15561089533,https://www.yellowpages.com.au/vic/melbourne/imeko-blinds-1000002598606-listing.html
BTS Blinds & Awnings,(02) 6742 4884,"240 Conadilly St, Gunnedah NSW 2380",https://www.btsblindsandawnings.com.au,68293420708,https://www.yellowpages.com.au/nsw/gunnedah/bts-blinds-awnings-15059001-listing.html
All Blinds Direct,0407 866 770,Shepparton VIC 3630,http://www.allblindsdirect.com,90605270585,https://www.yellowpages.com.au/vic/shepparton/all-blinds-direct-15153361-listing.html
Abundance Blinds,(02) 4392 0365,"8/ 8 O'Hart Cl, Charmhaven NSW 2263",http://www.abundanceblinds.com.au,19282132431,https://www.yellowpages.com.au/nsw/charmhaven/abundance-blinds-15031501-listing.html
Mansfield Flooring Xtra,(03) 5775 1373,"2/ 233 Mt Buller Rd, Mansfield VIC 3722",http://www.flooringxtra.com.au,26655260307,https://www.yellowpages.com.au/vic/mansfield/mansfield-flooring-xtra-14386462-listing.html
Werribee Blinds,(03) 9974 2355,"Unit 13/33- 39 Railway Ave, Werribee VIC 3030",http://www.werribeeblinds.com.au,86056378646,https://www.yellowpages.com.au/vic/werribee/werribee-blinds-11884658-listing.html
Khoi's Blinds Manufacturing P/L,(03) 9562 3333,"Factory 2/ 167 Westall Rd, Clayton South VIC 3169",http://www.khoisblinds.com.au,27094768742,https://www.yellowpages.com.au/vic/clayton-south/khois-blinds-manufacturing-p-l-13966119-listing.html
Rundle Blinds & Curtains,(08) 8274 1210,"305 Goodwood Rd, Kings Park SA 5034",http://www.rundleblinds.com.au,47145858377,https://www.yellowpages.com.au/sa/kings-park/rundle-blinds-curtains-14964567-listing.html
Supa Cheap Carpets,,,https://www.supacheapcarpetsmurgon.com.au,36637547234,https://www.yellowpages.com.au/sup/supa-cheap-carpets-1000001995615-listing.html
Sophie's Blinds,(03) 9547 6222,"Factory 11/ 820 Princess Hwy, Springvale VIC 3171",http://www.sophiesblinds.com.au,82236579695,https://www.yellowpages.com.au/vic/springvale/sophies-blinds-12673114-listing.html
Max Coombes & Son Pty Ltd,(03) 6272 7787,"499 Main Rd, Glenorchy TAS 7010",http://www.maxcoombes.com.au,46009554732,https://www.yellowpages.com.au/tas/glenorchy/max-coombes-son-pty-ltd-13264727-listing.html
"Affordable Blinds, Doors & Security Pty Ltd",(07) 5523 0036,"4/ 12 Tierney Pl, Tweed Heads South QLD 2486",http://affordableblindsdoorsandsecurity.com.au,31120545271,https://www.yellowpages.com.au/qld/tweed-heads-south/affordable-blinds-doors-security-pty-ltd-11996294-listing.html
WA Blinds,1800 094 700,,http://www.wablinds.com.au,68610045280,https://www.yellowpages.com.au/sup/wa-blinds-12936298-listing.html
Border Blinds Shutters & Awnings (Previously Bristol Blinds),(07) 5524 4020,"Within Paint Place Tweed Heads 8 Machinery Dr, Tweed Heads South NSW 2486",http://www.borderblinds.com.au,65829083604,https://www.yellowpages.com.au/nsw/tweed-heads-south/border-blinds-shutters-awnings-previously-bristol-blinds-14530761-listing.html
Avalon Screens,(02) 9918 4897,,http://www.avalonscreens.com,76326440513,https://www.yellowpages.com.au/sup/avalon-screens-14801469-listing.html
Outlook Blinds,0438 533 948,Lakes Entrance VIC 3909,,38247374028,https://www.yellowpages.com.au/vic/lakes-entrance/outlook-blinds-1000001670845-listing.html
Blind Perfection,(02) 9716 7372,"516 Parramatta Rd, Ashfield NSW 2131",http://www.blindperfection.com.au,15090723078,https://www.yellowpages.com.au/nsw/ashfield/blind-perfection-13018907-listing.html
Creative Blinds Toowoomba,(07) 4632 1255,"183A Perth St, South Toowoomba QLD 4350",http://www.creativeblindstoowoomba.com.au,64616996153,https://www.yellowpages.com.au/qld/south-toowoomba/creative-blinds-toowoomba-13435651-listing.html
Ideal Shade Solutions,(07) 3889 6066,Cashmere QLD 4500,,98137819777,https://www.yellowpages.com.au/qld/cashmere/ideal-shade-solutions-1000001676298-listing.html
Bega Blinds & Awnings,(02) 6492 6422,"3B/ 32-34 West St, Bega NSW 2550",,36028908708,https://www.yellowpages.com.au/nsw/bega/bega-blinds-awnings-14497348-listing.html
Choices Flooring Parkes,(02) 6863 4463,"Cnr Clarke and Royal Sts, Parkes NSW 2870",,18544182767,https://www.yellowpages.com.au/nsw/parkes/choices-flooring-parkes-14404709-listing.html
New World of Blinds,0422 786 077,"Unit 11 10 Production Dr, Campbellfield VIC 3061",,18420527190,https://www.yellowpages.com.au/vic/campbellfield/new-world-of-blinds-1000001738656-listing.html
ForeverBoards,(02) 4950 1188,,https://www.foreverboards.com.au,30735809036,https://www.yellowpages.com.au/nsw/newcastle/foreverboards-1000002634336-listing.html
Coastal Clad Home Improvements,0413 661 930,Umina NSW 2257,http://www.coastalcladd.com.au,35347233077,https://www.yellowpages.com.au/nsw/umina/coastal-clad-home-improvements-12268446-listing.html
Formplex,1300 598 136,,http://www.formplex.com.au,78496080831,https://www.yellowpages.com.au/nsw/wollongong/formplex-1000002368183-listing.html
Kelpro Linings Pty Ltd,0498 562 829,Tamworth NSW 2340,https://www.kelprolinings.com.au,18627246048,https://www.yellowpages.com.au/nsw/tamworth/kelpro-linings-pty-ltd-1000002379949-listing.html
Master Systems SA,0411 633 632,"Unit 1/ 20 West St, Beverley SA 5009",https://mastersystems.com.au,20061269033,https://www.yellowpages.com.au/sa/beverley/master-systems-sa-11956290-listing.html
North Coast Cladding,0411 103 468,Lismore NSW 2480,http://www.northcoastcladding.com.au,26572976025,https://www.yellowpages.com.au/nsw/lismore/north-coast-cladding-12901912-listing.html
A.R.Treasure,(07) 4662 7614,"70A Oak St, Chinchilla QLD 4413",http://artreasure.com.au,94011013255,https://www.yellowpages.com.au/qld/chinchilla/artreasure-15422480-listing.html
Mitten Vinyl Australia,1300 176 514,"180 Carrington St, Revesby NSW 2212",http://www.mittenvinyl.com.au,69644403681,https://www.yellowpages.com.au/nsw/revesby/mitten-vinyl-australia-15390750-listing.html
Local Home Improvements,(03) 5336 1077,Delacombe VIC 3356,,78886847608,https://www.yellowpages.com.au/vic/delacombe/local-home-improvements-11980989-listing.html
House Doctors Australia,0409 661 060,Empire Vale NSW 2478,,14763929739,https://www.yellowpages.com.au/nsw/empire-vale/house-doctors-australia-15520341-listing.html
Nu-Cladd,1300 303 954,"12 Mccarthy Cl, Egglington NSW 2795",http://www.nucladd.com.au,79053397372,https://www.yellowpages.com.au/nsw/egglington/nu-cladd-15101212-listing.html
Extreme Render Peninsula,0438 556 525,Tootgarook VIC 3941,http://www.extremerenderpeninsula.com.au,89415683007,https://www.yellowpages.com.au/vic/tootgarook/extreme-render-peninsula-1000001781853-listing.html
ProSide Select,1800 129 129,"5 Carnaby Cl, Hoppers Crossing VIC 3029",http://prosideselect.com.au,97086815698,https://www.yellowpages.com.au/vic/hoppers-crossing/proside-select-14327560-listing.html
SPARK HOMES (Spark Business Group Pty Ltd),(02) 8807 4717,"121 Richmond Rd, Marayong NSW 2148",http://www.sparkhomes.com.au,18161639407,https://www.yellowpages.com.au/nsw/marayong/spark-homes-spark-business-group-pty-ltd-15358033-listing.html
Betterclad,(02) 6925 2889,"2 Rabaul Pl, Ashmont NSW 2650",,97132915952,https://www.yellowpages.com.au/nsw/ashmont/betterclad-14863155-listing.html
Horsham Home Improvements Pty Ltd,(03) 5382 4180,Horsham VIC 3400,http://www.durasteel.com.au,80005472015,https://www.yellowpages.com.au/vic/horsham/horsham-home-improvements-pty-ltd-14394516-listing.html
Exopro,(08) 9467 7693,"Unit 1/ 15 Delawney St, Balcatta WA 6021",http://www.exopro.com.au,53436746992,https://www.yellowpages.com.au/wa/balcatta/exopro-14910453-listing.html
Architectural Cladding Industries Pty Ltd,(02) 9758 9066,"Fcty 2b/ 2 Belmore Rd North Rd, Punchbowl NSW 2196",,68001987800,https://www.yellowpages.com.au/nsw/punchbowl/architectural-cladding-industries-pty-ltd-14914412-listing.html
Faraz Rendering and Construction Pty Ltd,0413 128 723,"14 Stud Rd, Dandenong VIC 3175",,38677724177,https://www.yellowpages.com.au/vic/dandenong/faraz-rendering-and-construction-pty-ltd-1000002958342-listing.html
Connelly Home Improvements,1800 458 123,Tongala VIC 3621,,65582768899,https://www.yellowpages.com.au/vic/tongala/connelly-home-improvements-12387253-listing.html
Rosenow Industries,1800 806 134,,,84006550143,https://www.yellowpages.com.au/sup/rosenow-industries-11857266-listing.html
Bunny Constructions Pty Ltd,0431 903 161,"67 Fulham Way, Wollert VIC 3750",,17653653680,https://www.yellowpages.com.au/vic/wollert/bunny-constructions-pty-ltd-1000002943391-listing.html
Country Comfort Home Improvements,(02) 6654 7099,"22 Ocean Links Cl, Safety Beach NSW 2456",,22540603034,https://www.yellowpages.com.au/nsw/safety-beach/country-comfort-home-improvements-12407422-listing.html
Batemans Bay Maintenance,0408 776 493,Long Beach NSW 2536,,72268205377,https://www.yellowpages.com.au/nsw/long-beach/batemans-bay-maintenance-12591622-listing.html
Durasteel Cladding,0427 702 221,,,62005736005,https://www.yellowpages.com.au/sup/durasteel-cladding-13688140-listing.html
Rosenow Industries Pty Ltd,(03) 5480 1555,"632 High St, Echuca VIC 3564",,84006550143,https://www.yellowpages.com.au/vic/echuca/rosenow-industries-pty-ltd-15239829-listing.html
AYOUBI CONSTRUCTIONS PTY LTD,0434 175 917,"103 Albert Rd, Hallam VIC 3803",,12677773492,https://www.yellowpages.com.au/vic/hallam/ayoubi-constructions-pty-ltd-1000002931870-listing.html
Master Glass Industries Pty Ltd,1300 555 644,"2 Wordie Pl, Padstow NSW 2211",http://www.masterglass.com.au,90000714983,https://www.yellowpages.com.au/nsw/padstow/master-glass-industries-pty-ltd-13331775-listing.html
Shield's River Redgum Furniture Timbers,0417 415 315,"45D The Back Rd, Porepunkah VIC 3740",http://www.riverredgum.com.au,88378987588,https://www.yellowpages.com.au/vic/porepunkah/shields-river-redgum-furniture-timbers-13189088-listing.html
Sam's Refined Furniture,0428 316 716,"117-119 McDougall St, Toowoomba QLD 4350",,83298792474,https://www.yellowpages.com.au/qld/toowoomba/sams-refined-furniture-15583230-listing.html
Pfitzner Furniture,(08) 8391 0492,"3 Mt Barker Rd, Totness SA 5250",http://www.pfitzner.com.au,91436577894,https://www.yellowpages.com.au/sa/totness/pfitzner-furniture-13039362-listing.html
Roy Furniture Manufacturers Pty Ltd,(02) 4587 7034,"7 Blackman Crst, South Windsor NSW 2756",http://www.royfurniture.com.au,35000048484,https://www.yellowpages.com.au/nsw/south-windsor/roy-furniture-manufacturers-pty-ltd-13142708-listing.html
Christian Cole Furniture,(03) 9350 3327,"5 Dairy Dr, Coburg North VIC 3058",http://www.christiancolefurniture.com.au,86100171339,https://www.yellowpages.com.au/vic/coburg-north/christian-cole-furniture-13152752-listing.html
Bessant Custom Furniture,(02) 4987 7225,"19 Heather St, Heatherbrae NSW 2324",http://www.bessant.com.au,70728273839,https://www.yellowpages.com.au/nsw/heatherbrae/bessant-custom-furniture-12802689-listing.html
R.H. Bullard Custom Timber Furniture,(02) 4324 8700,"26 Wollong St, Gosford NSW 2250",http://www.rhbullard.com.au,43913051647,https://www.yellowpages.com.au/nsw/gosford/rh-bullard-custom-timber-furniture-12057682-listing.html
Caulfield Cabinet Making & Joinery,0417 376 638,Caulfield VIC 3162,http://www.caulfieldcabinets.com.au,60167202136,https://www.yellowpages.com.au/vic/caulfield/caulfield-cabinet-making-joinery-12243963-listing.html
Woodsong Fine Furniture,0407 571 903,"Jue Sue Rd, Tolga QLD 4882",http://woodsongfinefurniture.com.au,20875299593,https://www.yellowpages.com.au/qld/tolga/woodsong-fine-furniture-12817100-listing.html
SP Furniture,0409 939 064,"67 Cromwell St, Perth TAS 7300",,93192771554,https://www.yellowpages.com.au/tas/perth/sp-furniture-12899448-listing.html
Valley Barrel Furniture,0447 079 975,"Hunter Bec Corner Merthyr & Barton Streets, Kurri Kurri NSW 2327",,58860354864,https://www.yellowpages.com.au/nsw/kurri-kurri/valley-barrel-furniture-15584892-listing.html
The Hardwood Refinery,(02) 4970 5558,"60 Biddulph St, Eraring NSW 2264",http://www.thehardwoodrefinery.com.au,51349204171,https://www.yellowpages.com.au/nsw/eraring/the-hardwood-refinery-12892071-listing.html
Mark Mathews Furniture,0407 112 289,Berkley Vale NSW 2261,,71873027141,https://www.yellowpages.com.au/nsw/berkley-vale/mark-mathews-furniture-15374735-listing.html
Anlee Industries Pty Ltd,(03) 9761 6794,"Unit 2 44 Burgess Rd, Bayswater North VIC 3153",http://www.anleeindustries.com.au,43121467105,https://www.yellowpages.com.au/vic/bayswater-north/anlee-industries-pty-ltd-12301140-listing.html
Martin's Fine Furniture,(03) 6431 3039,"31 Hopkinson St, South Burnie TAS 7320",,49388511879,https://www.yellowpages.com.au/tas/south-burnie/martins-fine-furniture-1000002203634-listing.html
Mal Barrett Furniture,(02) 4983 1785,"11 Giggins Rd, Heatherbrae NSW 2324",http://www.malbarrettfurniturenewcastle.com.au,47946241243,https://www.yellowpages.com.au/nsw/heatherbrae/mal-barrett-furniture-12583277-listing.html
Fat Furniture,(07) 4952 3441,"6 Cowleys Rd, Racecourse QLD 4740",,22257846338,https://www.yellowpages.com.au/qld/racecourse/fat-furniture-14842682-listing.html
Chapman Furniture,(08) 8395 0446,"Unit 3 2 Ventail Ct, Holden Hill SA 5088",,89862084915,https://www.yellowpages.com.au/sa/holden-hill/chapman-furniture-13442984-listing.html
The Timber Slabman,0414 740 198,"153 Ferry Rd, Southport QLD 4215",,81997727636,https://www.yellowpages.com.au/qld/southport/the-timber-slabman-14834458-listing.html
Urban Timber,0422 408 842,"Unit 4 6-8 Ralph Black Dr, North Wollongong NSW 2500",,36362702840,https://www.yellowpages.com.au/nsw/north-wollongong/urban-timber-1000001677142-listing.html
Blak Oak,0447 027 961,"Unit 3 46 Lysaght St, Coolum Beach QLD 4573",http://www.blakoak.com.au,21885831585,https://www.yellowpages.com.au/qld/coolum-beach/blak-oak-1000002740676-listing.html
Lacewood Furniture,(07) 3875 1577,"Unit 5/ 31 Boyland Ave, Coopers Plains QLD 4108",http://www.lacewoodfurniture.com.au,59086204211,https://www.yellowpages.com.au/qld/coopers-plains/lacewood-furniture-15054248-listing.html
Golden Oak Furniture Design,(07) 4725 0621,"3/ 315 Bayswater Rd, Garbutt QLD 4814",http://www.goldenoakfurnituredesign.com,93684124407,https://www.yellowpages.com.au/qld/garbutt/golden-oak-furniture-design-11984532-listing.html
Dewhurst Furniture,(03) 9555 0055,"2/ 30 Cochranes Rd, Moorabbin VIC 3189",http://www.dewhurstfurniture.com.au,14081472442,https://www.yellowpages.com.au/vic/moorabbin/dewhurst-furniture-12750129-listing.html
KW Kitchens & Interiors,(03) 5441 8563,,,14135582288,https://www.yellowpages.com.au/sup/kw-kitchens-interiors-14694632-listing.html
Bombora Custom Furniture,0407 906 799,"Unit 5 6 Boneyards Ave, Torquay VIC 3228",http://www.bomboracustomfurniture.com.au,76249169709,https://www.yellowpages.com.au/vic/torquay/bombora-custom-furniture-14865012-listing.html
Deep in the Woods,0414 738 112,"444 Macaulay Road, Kensington VIC 3031",http://www.deepinthewoods.com.au,96983138124,https://www.yellowpages.com.au/vic/kensington/deep-in-the-woods-1000002123608-listing.html
Interfar Furniture Systems Pty Ltd,,"219 Victoria Rd, Drummoyne NSW 2047",http://www.interfar.com.au,56109487792,https://www.yellowpages.com.au/nsw/drummoyne/interfar-furniture-systems-pty-ltd-14264077-listing.html
Ramons Fine Furniture Pty Ltd,(03) 9719 7965,"Factory 15/ 350 Settlement Rd, Thomastown VIC 3074",https://www.ramonsfinefurniture.com.au,65007281941,https://www.yellowpages.com.au/vic/thomastown/ramons-fine-furniture-pty-ltd-14387351-listing.html
Dan Witts Furniture,0406 194 756,Ranelagh TAS 7109,,39604826390,https://www.yellowpages.com.au/tas/ranelagh/dan-witts-furniture-14963599-listing.html
Harry Howard Fine Furniture,0439 731 889,"7/6 Sheffield Pl, Kelso NSW 2795",http://www.harryhoward.com,96358193693,https://www.yellowpages.com.au/nsw/kelso/harry-howard-fine-furniture-14041480-listing.html
Hausware,(07) 4096 6123,"Pioneer Ave, Malanda QLD 4885",http://hausware.com.au,87455436383,https://www.yellowpages.com.au/qld/malanda/hausware-1000002875699-listing.html
Barmakers,(03) 8790 3399,"3 Golden Leaf Close, Narre Warren South VIC 3805",http://www.barmakers.com.au,39807592966,https://www.yellowpages.com.au/vic/narre-warren-south/barmakers-1000002930773-listing.html
Vibe FM Pty Ltd,(02) 6284 3113,"6 Coal Ct, Beard ACT 2620",https://www.vibefm.com.au,93101542107,https://www.yellowpages.com.au/act/beard/vibe-fm-pty-ltd-12300771-listing.html
Custombuilt Furnishers,(07) 4152 2800,"Activity St, Bundaberg QLD 4670",,18528826069,https://www.yellowpages.com.au/qld/bundaberg/custombuilt-furnishers-12541793-listing.html
Braithwaite Innovative Joinery,0412 995 446,"47 Yass Rd, Queanbeyan ACT 2620",http://www.bij.com.au,53837090562,https://www.yellowpages.com.au/act/queanbeyan/braithwaite-innovative-joinery-12636683-listing.html
Ultimo Interiors,(08) 9201 2479,"4 Hutton St, Osborne Park WA 6017",http://www.ultimointeriors.com.au,34314232765,https://www.yellowpages.com.au/wa/osborne-park/ultimo-interiors-13138745-listing.html
K.B.'s Truss & Pre-Nail Fabrication,(07) 4922 2133,"182- 184 Alexandra St, North Rockhampton QLD 4701",,53055933376,https://www.yellowpages.com.au/qld/north-rockhampton/kbs-truss-pre-nail-fabrication-13812999-listing.html
WDM Welding & Fabrication,0413 776 139,,,54012283992,https://www.yellowpages.com.au/sup/wdm-welding-fabrication-15183604-listing.html
Gawler Steel & Timber,(08) 8523 1988,"7A Paxton St, Willaston SA 5118",http://gawlersteel.com.au,52324184841,https://www.yellowpages.com.au/sa/willaston/gawler-steel-timber-15662691-listing.html
Plantagenet Sheds & Steel,(08) 9851 2236,"Lowood Rd, Mt Barker WA 6324",,65085171115,https://www.yellowpages.com.au/wa/mt-barker/plantagenet-sheds-steel-13089935-listing.html
Style Plantation Sydney South,(02) 8399 0242,"Shop 246 747 Botany Rd, Rosebery NSW 2018",,34059915267,https://www.yellowpages.com.au/nsw/rosebery/style-plantation-sydney-south-13376404-listing.html
Regalline Cabinets & Joinery,(07) 4152 3813,"10 Production St, Bundaberg QLD 4670",http://www.regalline.com.au,68011047617,https://www.yellowpages.com.au/qld/bundaberg/regalline-cabinets-joinery-14248635-listing.html
GV Kitchens,0428 866 527s only,"15 Lemnos North Rd, Lemnos VIC 3631",https://www.gvkitchens.com.au,21719490304,https://www.yellowpages.com.au/vic/lemnos/gv-kitchens-12344545-listing.html
Darling Downs Joinery,(07) 2110 7157,"Shd 1/ 15 Rocla Ct, Toowoomba QLD 4350",http://www.darlingdownsjoinery.com.au,19754547127,https://www.yellowpages.com.au/qld/toowoomba/darling-downs-joinery-1000002862511-listing.html
Custombuilt Furnishers,(07) 4152 2800,"4 Activity St, Bundaberg QLD 4670",http://custombuiltfurnishers.com.au,18528826069,https://www.yellowpages.com.au/qld/bundaberg/custombuilt-furnishers-14264946-listing.html
Ludi-Schutz Thomas,0428 195 445s only,Tanunda SA 5352,http://www.ludi-schutz.com.au,72227464451,https://www.yellowpages.com.au/sa/tanunda/ludi-schutz-thomas-12079588-listing.html
Brian Long Cabinets,0417 769 038,"44 Supply Rd, Edmonton QLD 4869",http://www.brianlongcabinets.com.au,97741122726,https://www.yellowpages.com.au/qld/edmonton/brian-long-cabinets-1000002940064-listing.html
Castlereagh Cabinets,(02) 6848 5885,"255 Bardens Rd, Curban NSW 2827",http://www.castlereaghcabinets.com.au,28401982846,https://www.yellowpages.com.au/nsw/curban/castlereagh-cabinets-1000001818041-listing.html
Campbells Kitchen Cabinets,(07) 4774 6888,"16 Northern Link Cct, Shaw QLD 4818",https://campbellskitchens.com.au,33127267556,https://www.yellowpages.com.au/qld/shaw/campbells-kitchen-cabinets-12007038-listing.html
Coral Coast Cabinets,(07) 4151 1473,"13 Brickworks Cct, Bundaberg QLD 4670",http://www.coralcoastcabinets.com.au,27116629362,https://www.yellowpages.com.au/qld/bundaberg/coral-coast-cabinets-12058713-listing.html
Cloud Cabinetry,0439 117 890,Marshall VIC 3216,https://www.cloudcabinetry.com.au,15878424724,https://www.yellowpages.com.au/vic/marshall/cloud-cabinetry-1000002984735-listing.html
Complete Joinery Pty Ltd,(08) 8131 8502,,https://www.completejoineryadelaidehills.com.au,85315134346,https://www.yellowpages.com.au/sa/adelaide/complete-joinery-pty-ltd-1000002260217-listing.html
Gangemi Cabinet Makers Pty Ltd,(07) 4945 3932,"43 Anzac Rd, Proserpine QLD 4800",http://www.tgcm.com.au,69164231172,https://www.yellowpages.com.au/qld/proserpine/gangemi-cabinet-makers-pty-ltd-15294275-listing.html
Mack's Cabinets,(08) 8862 1187,Balaklava SA 5461,http://www.mackscabinets.com.au,82836975640,https://www.yellowpages.com.au/sa/balaklava/macks-cabinets-13168445-listing.html
My Cabinetmaker,(03) 5022 8104,"2/ 5 Luke Ct, Mildura VIC 3500",,97568127851,https://www.yellowpages.com.au/vic/mildura/my-cabinetmaker-13318031-listing.html
Peter Ferrari Furniture & Cabinetmakers,(08) 9459 6029,"12 Orchard Rd, Maddington WA 6109",http://www.ferrarifurniture.com,49066831098,https://www.yellowpages.com.au/wa/maddington/peter-ferrari-furniture-cabinetmakers-13826882-listing.html
The Cabinet Factory,(08) 9584 2392,"Unit 4 6 Thornborough Rd, Mandurah WA 6210",http://www.cabinetfactory.com.au,55723734543,https://www.yellowpages.com.au/wa/mandurah/the-cabinet-factory-14397695-listing.html
Eadie Cabinet Making,0409 601 052,"4-3 Willis Rd, Woolgoolga NSW 2456",,65116521781,https://www.yellowpages.com.au/nsw/woolgoolga/eadie-cabinet-making-15335834-listing.html
Ross Joinery Kitchens Pty Ltd,(07) 4774 5511,"447-451 Bayswater Rd, Garbutt QLD 4814",http://www.rossjoinery.com.au,94009854200,https://www.yellowpages.com.au/qld/garbutt/ross-joinery-kitchens-pty-ltd-14264818-listing.html
Geo Cabinets,(08) 9754 8468,"24 Wright St, Busselton WA 6280",https://geocabinets.com.au,28500232153,https://www.yellowpages.com.au/wa/busselton/geo-cabinets-13588033-listing.html
MITCH'S KITCHENS,0411 031 518,,,91270552114,https://www.yellowpages.com.au/vic/shepparton/mitchs-kitchens-1000002592787-listing.html
SAW Kitchens & Cabinetry,(07) 5482 5864,"62 Mt Pleasant Rd, Gympie QLD 4570",,69583975073,https://www.yellowpages.com.au/qld/gympie/saw-kitchens-cabinetry-13963241-listing.html
Moncrieff Cabinetmaking,(07) 4728 8700,"5-7 Greg Jabs Dr, Garbutt QLD 4814",http://www.moncrieffcabinets.com.au,42066410882,https://www.yellowpages.com.au/qld/garbutt/moncrieff-cabinetmaking-12117441-listing.html
Liberty Kitchens,(03) 5831 2620,"60 Williams Rd, Shepparton VIC 3630",http://www.libertykitchens.com.au,25621507505,https://www.yellowpages.com.au/vic/shepparton/liberty-kitchens-12087651-listing.html
David Hanckel Cabinets,(02) 6025 6797,"898 Metry St, Albury North NSW 2640",http://www.dhcabinets.com.au,43052404949,https://www.yellowpages.com.au/nsw/albury-north/david-hanckel-cabinets-13297563-listing.html
Italia Kitchens,(03) 9077 1719,"208A Newlands Rd, Coburg VIC 3058",https://www.facebook.com/AzcoCabinetsAndDisplays,24845645182,https://www.yellowpages.com.au/vic/coburg/italia-kitchens-15026895-listing.html
Room Design Rauchenwald,0409 764 666,"10 College Way, Boondall QLD 4034",http://rrdesign.com.au,13155751176,https://www.yellowpages.com.au/qld/boondall/room-design-rauchenwald-12804346-listing.html
Jason Gannon Cabinetmakers,(07) 3286 4944,"49 Enterprise St, Cleveland QLD 4163",http://www.jgcabinets.com.au,44668857145,https://www.yellowpages.com.au/qld/cleveland/jason-gannon-cabinetmakers-15473963-listing.html
"Willsden Joinery, Hardware, Glass & Glazing",(08) 8641 1676,"98 Railway Parade, Port Augusta SA 5700",https://www.facebook.com/WillsdenJoineryGlassandGlazing,67143963802,https://www.yellowpages.com.au/sa/port-augusta/willsden-joinery-hardware-glass-glazing-14951556-listing.html
Hansen Kitchens,(07) 4163 6306,Kingaroy QLD 4610,http://hansenkitchens.com.au,51291133154,https://www.yellowpages.com.au/qld/kingaroy/hansen-kitchens-14114914-listing.html
Advance Kitchens Pty Ltd,(07) 5491 6822,"13 Enterprise St, Caloundra QLD 4551",http://www.advancekitchens.com.au,48056077091,https://www.yellowpages.com.au/qld/caloundra/advance-kitchens-pty-ltd-12832260-listing.html
Keith Bernard Cabinets,(07) 4955 1436,"4 Crane St, Slade Point QLD 4740",https://bernardcabinets.com.au,31132395015,https://www.yellowpages.com.au/qld/slade-point/keith-bernard-cabinets-12066493-listing.html
Hargreaves Joinery,(03) 5743 2405,"2 O'Brien St, Yarrawonga VIC 3730",http://www.hargreavesjoinery.com.au,73886743689,https://www.yellowpages.com.au/vic/yarrawonga/hargreaves-joinery-12208064-listing.html
Steven's Prestige Cabinets,(08) 8254 2999,Smithfield SA 5114,http://stevensprestigecabinets.com.au,93994189842,https://www.yellowpages.com.au/sa/smithfield/stevens-prestige-cabinets-14021477-listing.html
Cabinet Impressions,0427 076 281s only,"21 Competition Way, Wangara WA 6065",https://www.facebook.com/mobilecabinetmakingservices,83801742539,https://www.yellowpages.com.au/wa/wangara/cabinet-impressions-13566712-listing.html
Benway Cabinets Pty Ltd,(03) 5672 3820,"315 White Rd, Wonthaggi VIC 3995",,21066742256,https://www.yellowpages.com.au/vic/wonthaggi/benway-cabinets-pty-ltd-13551031-listing.html
Pro-flatpacks,0438 650 059,,http://www.pro-flatpacks.com.au,21048056404,https://www.yellowpages.com.au/sup/pro-flatpacks-1000002169623-listing.html
Terry Cartwright Kitchens Pty Ltd,(03) 5752 2301,"3 McGeehan Crst, Myrtleford VIC 3737",http://www.terrycartwrightkitchens.websyte.com.au,15487441072,https://www.yellowpages.com.au/vic/myrtleford/terry-cartwright-kitchens-pty-ltd-12243502-listing.html
Paul Currie Cabinetmaking Pty Ltd,(07) 5472 8670,"20 Perwillowen Rd, Nambour QLD 4560",http://www.curriecabinets.com.au,76010745598,https://www.yellowpages.com.au/qld/nambour/paul-currie-cabinetmaking-pty-ltd-15033637-listing.html
South East Cabinet Makers,(08) 9881 2072,"19 Graham Rd, Narrogin WA 6312",,89283088787,https://www.yellowpages.com.au/wa/narrogin/south-east-cabinet-makers-13520759-listing.html
Stephenson's Kitchens & Joinery Centre,(03) 5562 8255,"15 Robson St, Warrnambool VIC 3280",http://www.stephensonskitchens.com.au,97105057163,https://www.yellowpages.com.au/vic/warrnambool/stephensons-kitchens-joinery-centre-15440206-listing.html
Top Line Furniture,0415 231 416,"3 Simper Cres, Mount Barker SA 5251",http://www.facebook.com/pages/Top-Line-Furniture/130672340304236,47649686073,https://www.yellowpages.com.au/sa/mount-barker/top-line-furniture-15036587-listing.html
JBL Cabinetmaking & Home Renovation Service,(07) 5465 1165,Laidley QLD 4341,http://www.jblcabinets.com.au,78317020972,https://www.yellowpages.com.au/qld/laidley/jbl-cabinetmaking-home-renovation-service-14495807-listing.html
Chaucer Cabinets,(03) 9728 2399,"Factory 2/ 143-145 Canterbury Rd, Kilsyth VIC 3137",http://www.chaucercabinets.com.au,31056761481,https://www.yellowpages.com.au/vic/kilsyth/chaucer-cabinets-13143729-listing.html
Independent Cabinets,0412 807 106,Gilles Plains SA 5086,http://www.independentcabinets.com.au,25281857112,https://www.yellowpages.com.au/sa/gilles-plains/independent-cabinets-14254344-listing.html
Santer Interiors,(08) 6161 5959,"43 George St, Midland WA 6056",http://santerinteriors.com.au,35488137713,https://www.yellowpages.com.au/wa/midland/santer-interiors-1000001670223-listing.html
Cabworx Kitchens,0406 495 762,"19 Dickson St, Warrnambool VIC 3280",http://www.cabworxkitchens.com.au,93883233402,https://www.yellowpages.com.au/vic/warrnambool/cabworx-kitchens-1000001862643-listing.html
Kitchens By Resident Hero,(07) 5447 1077,,http://www.residenthero.com.au,66310203369,https://www.yellowpages.com.au/sup/kitchens-by-resident-hero-14588393-listing.html
Kingaroy Joinery,(07) 4162 1262,"94-96 Kingaroy St, Kingaroy QLD 4610",http://www.kingaroyjoinery.com.au,76115275235,https://www.yellowpages.com.au/qld/kingaroy/kingaroy-joinery-14945062-listing.html
My New Cabinets,0400 453 851,North Geelong VIC 3215,http://www.mynewcabinets.com.au,83079766843,https://www.yellowpages.com.au/vic/north-geelong/my-new-cabinets-12097260-listing.html
Large's Furniture,(07) 4922 1366,"28 Bank St, Park Avenue QLD 4701",http://www.largesfurniture.com.au,11516224209,https://www.yellowpages.com.au/qld/park-avenue/larges-furniture-12860604-listing.html
Custombuilt Furnishers,(07) 4152 2800,"4 Activity St, Bundaberg QLD 4670",http://custombuiltfurnishers.com.au,18528826069,https://www.yellowpages.com.au/qld/bundaberg/custombuilt-furnishers-11868341-listing.html
Rodgers Kitchens Pty Ltd,(03) 6244 6932,"125 Mornington Rd, Mornington TAS 7018",http://www.rodgerskitchens.net.au,23065254284,https://www.yellowpages.com.au/tas/mornington/rodgers-kitchens-pty-ltd-12488182-listing.html
CDCM Kitchens and Bathrooms,(02) 6562 1545,"Cnr Of South and West Sts, South Kempsey NSW 2440",http://www.cdcm.net.au,59788376881,https://www.yellowpages.com.au/nsw/south-kempsey/cdcm-kitchens-and-bathrooms-14902864-listing.html
Liberty Kitchens,(03) 5831 2620,"60 Williams Rd, Shepparton VIC 3630",http://www.libertykitchens.com.au,25621507505,https://www.yellowpages.com.au/vic/shepparton/liberty-kitchens-12082212-listing.html
Kelso Kitchens Pty Ltd,(02) 6331 8711,"3 Corporation Ave, Bathurst NSW 2795",http://www.kelsokitchens.com,64002154609,https://www.yellowpages.com.au/nsw/bathurst/kelso-kitchens-pty-ltd-13094983-listing.html
Advance Kitchens Pty Ltd,(07) 5491 6822,"13 Enterprise St, Caloundra QLD 4551",http://www.advancekitchens.com.au,48056077091,https://www.yellowpages.com.au/qld/caloundra/advance-kitchens-pty-ltd-12031165-listing.html
Remington Kitchens & Furniture,0402 219 572,"81 Knox St, Goulburn NSW 2580",http://www.remingtonkitchens.com.au,56106892040,https://www.yellowpages.com.au/nsw/goulburn/remington-kitchens-furniture-14571812-listing.html
K.I.S Kitchens,0413 222 342,"Unit 4 52 Sunset Ave, Barrack Heights NSW 2528",https://www.kiskitchens.com.au,85383779341,https://www.yellowpages.com.au/nsw/barrack-heights/kis-kitchens-1000002979570-listing.html
Regalline Cabinets & Joinery,(07) 4152 3813,"10 Production St, Bundaberg QLD 4670",http://www.regalline.com.au,68011047617,https://www.yellowpages.com.au/qld/bundaberg/regalline-cabinets-joinery-14547672-listing.html
Johnson Home Improvements,(08) 8632 5411,"42 Main Rd, Port Pirie SA 5540",https://www.jhi.com.au,61008066813,https://www.yellowpages.com.au/sa/port-pirie/johnson-home-improvements-11907252-listing.html
Boss Better Living Systems,(02) 6040 2211,"517 Dallinger Rd, Lavington NSW 2641",http://www.bossbetterlivingsystems.com.au,56373831147,https://www.yellowpages.com.au/nsw/lavington/boss-better-living-systems-14215205-listing.html
Simplicity Kitchens,(02) 6242 4633,"Unit 4 28-30 Essington St, Mitchell ACT 2911",http://www.simplicitykitchens.com.au,39083820302,https://www.yellowpages.com.au/act/mitchell/simplicity-kitchens-13479979-listing.html
Darling Downs Joinery,(07) 4633 1109,"Shd 1/ 15 Rocla Ct, Toowoomba QLD 4350",http://www.darlingdownsjoinery.com.au,19754547127,https://www.yellowpages.com.au/qld/toowoomba/darling-downs-joinery-14280628-listing.html
The AU Stone Company,1300 781 283,Cheltenham VIC 3192,https://www.austonecompany.com.au,73600901380,https://www.yellowpages.com.au/vic/cheltenham/the-au-stone-company-15612930-listing.html
Thomas Ludi-Schutz,0408 087 159s only,Tanunda SA 5352,http://www.ludi-schutz.com.au,72227464451,https://www.yellowpages.com.au/sa/tanunda/thomas-ludi-schutz-12538648-listing.html
Fine Design Kitchens,(03) 5442 2379,"7 Whip Ct, Long Gully VIC 3550",https://www.finedesignkitchens.au,98007410479,https://www.yellowpages.com.au/vic/long-gully/fine-design-kitchens-12366636-listing.html
Burleigh Kitchens & Joinery,0431 062 661,"Factory 8 68-70 Township Dr, Burleigh Heads QLD 4220",https://www.burleighkitchens.com,32358724787,https://www.yellowpages.com.au/qld/burleigh-heads/burleigh-kitchens-joinery-14858478-listing.html
Kookaburra Kitchens & Joinery Pty Limited.,(02) 4937 1640,"105 Northcote St, Kurri Kurri NSW 2327",https://kookaburrakitchens.com.au,46003504809,https://www.yellowpages.com.au/nsw/kurri-kurri/kookaburra-kitchens-joinery-pty-limited-14518573-listing.html
AOK Kitchens,0413 345 341,Bentleigh East VIC 3165,http://www.aokkitchens.com.au,76011989618,https://www.yellowpages.com.au/vic/bentleigh-east/aok-kitchens-12625815-listing.html
Old Lake Joinery,(02) 6581 1440,"9 Chestnut Rd, Port Macquarie NSW 2444",http://www.oldlakejoinery.com.au,86001799140,https://www.yellowpages.com.au/nsw/port-macquarie/old-lake-joinery-11917902-listing.html
Paiano Custom Kitchens,(02) 4283 5822,"12 Collins St, Corrimal NSW 2518",http://www.paianokitchens.com.au,61050612425,https://www.yellowpages.com.au/nsw/corrimal/paiano-custom-kitchens-14294270-listing.html
Custom Cabinets Design Pty Ltd,(08) 7905 7164,"11 Anictomatis Rd, Berrimah NT 0828",http://www.ccddesign.com.au,61143718398,https://www.yellowpages.com.au/nt/berrimah/custom-cabinets-design-pty-ltd-12498156-listing.html
Qbic Living,(08) 8373 1088,"79 Unley Rd, Parkside SA 5063",http://www.kitchendesignersadelaide.com.au,11149509642,https://www.yellowpages.com.au/sa/parkside/qbic-living-15449628-listing.html
Wave Surfaces,(08) 9493 2595,"Corner Of Maddington Road 83 Kelvin Rd, Maddington WA 6109",http://www.wavesurfaces.com.au,17048247913,https://www.yellowpages.com.au/wa/maddington/wave-surfaces-14245006-listing.html
Designer Living Kitchens,(02) 5525 0800,,,15152610243,https://www.yellowpages.com.au/nsw/wauchope/designer-living-kitchens-1000002116624-listing.html
Scheff's Kitchens & Cabinets,(08) 8345 1451,,http://www.scheffskitchens.com.au,65189560966,https://www.yellowpages.com.au/sa/mile-end/scheffs-kitchens-cabinets-1000002232607-listing.html
Micale Cabinets,(07) 4061 2552,"1 Station St, Innisfail QLD 4860",http://www.micalecabinets.com.au,78624779559,https://www.yellowpages.com.au/qld/innisfail/micale-cabinets-11915779-listing.html
Cutting Edge Joinery,(03) 5342 9745,"8 Endeavour Way, Alfredton VIC 3350",http://www.cuttingedgejoinery.com.au,83154621459,https://www.yellowpages.com.au/vic/alfredton/cutting-edge-joinery-14911189-listing.html
Alternative Kitchens,(07) 5446 8304,,http://www.alternativekitchens.net.au,93589431573,https://www.yellowpages.com.au/sup/alternative-kitchens-15364521-listing.html
All Style Kitchens And Bathrooms,0414 514 573,"Shop 3/ 32 Wyllie St, Thabeban QLD 4670",http://www.allstylekandb.com.au,43101347568,https://www.yellowpages.com.au/qld/thabeban/all-style-kitchens-and-bathrooms-14191064-listing.html
QA Kitchens Pty Ltd,(02) 6040 2007,"909 Metry St, Albury NSW 2640",http://www.qakitchens.com.au,19150622521,https://www.yellowpages.com.au/nsw/albury/qa-kitchens-pty-ltd-14588487-listing.html
Kitchens By CCJS,(07) 4031 4911,"11 Muir St, Cairns QLD 4870",http://kitchensbyccjs.com.au,45685190945,https://www.yellowpages.com.au/qld/cairns/kitchens-by-ccjs-13931439-listing.html
Cube Kitchens & Joinery,(03) 6425 4011,"3 Dysons Lane, Ulverstone TAS 7315",https://cubekitchensandjoinery.com.au,64126285149,https://www.yellowpages.com.au/tas/ulverstone/cube-kitchens-joinery-1000002956354-listing.html
Cooloola Coast Cabinets,(07) 5486 2925,"136 Emperor St, Tin Can Bay QLD 4580",http://www.cooloolacoastcabinets.com,98133539020,https://www.yellowpages.com.au/qld/tin-can-bay/cooloola-coast-cabinets-14643851-listing.html
Trubuilt Kitchens and Commercial Joinery,(02) 6494 3161,"5 Toallo St, Pambula NSW 2549",http://www.trubuiltpambula.com.au,55000818959,https://www.yellowpages.com.au/nsw/pambula/trubuilt-kitchens-and-commercial-joinery-14785264-listing.html
"Kustom Kitchens, Portland",0407 548 582,"74A Fitzgerald St, Portland VIC 3305",http://www.kustomkitchen.com.au,66627051405,https://www.yellowpages.com.au/vic/portland/kustom-kitchens-portland-14079084-listing.html
High Style Furniture & Kitchens Pty Ltd,(02) 6721 0461,"94 Ring St, Inverell NSW 2360",http://www.highstylefurniture.com.au,36096556820,https://www.yellowpages.com.au/nsw/inverell/high-style-furniture-kitchens-pty-ltd-11926607-listing.html
KD Stoneworks Pty Ltd,(02) 6947 2933,"156 Fitzroy St, Tumut NSW 2720",https://www.kdstoneworks.com.au,49634403768,https://www.yellowpages.com.au/nsw/tumut/kd-stoneworks-pty-ltd-12496802-listing.html
Peff Cabinets,(07) 4921 8339,,http://www.peffcabinets.com.au,30879510753,https://www.yellowpages.com.au/qld/rockhampton/peff-cabinets-1000002641359-listing.html
Steed Form Pty Ltd,(08) 8440 7600,"163-165 Cormack Rd, Wingfield SA 5013",http://www.steedform.com,85008183177,https://www.yellowpages.com.au/sa/wingfield/steed-form-pty-ltd-14828197-listing.html
Vella Postforming & Kitchens,(02) 4572 0722,Londonderry NSW 2753,https://www.vellakitchens.au,32471253271,https://www.yellowpages.com.au/nsw/londonderry/vella-postforming-kitchens-11843201-listing.html
Lees Rodney Cabinet Making,(02) 6622 2364,East Lismore NSW 2480,http://www.rodneyleescabinetmaking.com.au,64785055989,https://www.yellowpages.com.au/nsw/east-lismore/lees-rodney-cabinet-making-14577243-listing.html
Foreshore Kitchens,(07) 5372 9437,"Unit 5 & Unit 6 22-24 Link Cres, Coolum Beach QLD 4573",http://www.foreshorekitchens.com.au,32117471342,https://www.yellowpages.com.au/qld/coolum-beach/foreshore-kitchens-13967868-listing.html
Markwell and Swan,(03) 5562 6131,"Shed 17 Silverton Park 22 Walsh Rd, Warrnambool VIC 3280",http://www.swanstone.com.au,97463505443,https://www.yellowpages.com.au/vic/warrnambool/markwell-and-swan-14809021-listing.html
SAW Kitchens & Cabinetry,(07) 5481 1807,"62 Mt Pleasant Rd, Gympie QLD 4570",,69583975073,https://www.yellowpages.com.au/qld/gympie/saw-kitchens-cabinetry-13963431-listing.html
South Coast Cabinets & Joinery Pty Ltd,(08) 8554 2113,Port Elliot SA 5212,,67064916712,https://www.yellowpages.com.au/sa/port-elliot/south-coast-cabinets-joinery-pty-ltd-1000002942466-listing.html
Carrera Kitchens,(08) 8342 0944,"254 Prospect Rd, Prospect SA 5082",http://www.carrerakitchens.com.au,62073019913,https://www.yellowpages.com.au/sa/prospect/carrera-kitchens-12507931-listing.html
Jono's Cabinets,0407 878 675,"116 New West Rd, Port Lincoln SA 5606",https://jonoscabinets.com.au,30499815298,https://www.yellowpages.com.au/sa/port-lincoln/jonos-cabinets-11871879-listing.html
Wagga Kitchen and Wardrobe Centre,(02) 6925 5525,"14 Cheshire St, Wagga Wagga NSW 2650",http://www.waggakitchenandwardrobecentre.com.au,98627181181,https://www.yellowpages.com.au/nsw/wagga-wagga/wagga-kitchen-and-wardrobe-centre-15290179-listing.html
Chris Young's Joinery,(02) 4476 6201,"10 Hopkins Pl, Narooma NSW 2546",http://www.chrisyoungsjoinery.com.au,90050291417,https://www.yellowpages.com.au/nsw/narooma/chris-youngs-joinery-14839991-listing.html
Kitchens And That Pty Ltd,(07) 5530 7745,Mudgeeraba QLD 4213,http://www.kitchensandthat.com,79111614469,https://www.yellowpages.com.au/qld/mudgeeraba/kitchens-and-that-pty-ltd-13357709-listing.html
Warraview Joinery Pty Ltd,(03) 5622 1464,"31 Phoenix St, Warragul VIC 3820",https://go.thryv.com/site/warraviewjoinery,97166739144,https://www.yellowpages.com.au/vic/warragul/warraview-joinery-pty-ltd-15125414-listing.html
Acclaim Kitchens & Cabinets,(03) 6273 3011,"57B Lampton Ave, Derwent Park TAS 7009",http://www.acclaimkitchens.com.au,20126456693,https://www.yellowpages.com.au/tas/derwent-park/acclaim-kitchens-cabinets-14906523-listing.html
Nev's Kitchens & Robes Tumut,(02) 6947 9663,"2 194 Snowy Mountains Hwy, Tumut NSW 2720",,41622292175,https://www.yellowpages.com.au/nsw/tumut/nevs-kitchens-robes-tumut-12000020-listing.html
Hodgman Kitchens And Cabinets,(03) 6344 5135,"91 Howick St, South Launceston TAS 7249",http://www.hodgmankitchens.com.au,88332921652,https://www.yellowpages.com.au/tas/south-launceston/hodgman-kitchens-and-cabinets-13720345-listing.html
Campbells Kitchen Cabinets,(07) 4774 6888,"16 Northern Link Cct, Shaw QLD 4818",https://campbellskitchens.com.au,33127267556,https://www.yellowpages.com.au/qld/shaw/campbells-kitchen-cabinets-12894715-listing.html
Tumut Valley Kitchens,(02) 6947 3004,"180 Adelong Rd, Tumut NSW 2720",http://www.tumutvalleykitchens.com,43781840833,https://www.yellowpages.com.au/nsw/tumut/tumut-valley-kitchens-1000002746707-listing.html
Grovedale Cabinets,(03) 5244 2777,"116-118 Grove Rd, Grovedale VIC 3216",,60892868063,https://www.yellowpages.com.au/vic/grovedale/grovedale-cabinets-12571856-listing.html
Main Kitchens,0407 952 018,Epsom VIC 3551,http://www.mainkitchens.com.au,95099774383,https://www.yellowpages.com.au/vic/epsom/main-kitchens-13998793-listing.html
Valley Kitchens Pty Ltd,(03) 5831 7370,"14 Lisburn St, Shepparton VIC 3630",,36074414627,https://www.yellowpages.com.au/vic/shepparton/valley-kitchens-pty-ltd-12117839-listing.html
Inspired Kitchens,(03) 5442 6772,,,41135565718,https://www.yellowpages.com.au/vic/west-bendigo/inspired-kitchens-1000002751145-listing.html
McMahon's Kitchens,0427 514 191,"1 Browne St, Forbes NSW 2871",,51973754487,https://www.yellowpages.com.au/nsw/forbes/mcmahons-kitchens-13865109-listing.html
Camden Haven Kitchens & Joinery,(02) 6585 4156,"52 Tallong Dr, Lake Cathie NSW 2445",,54272823733,https://www.yellowpages.com.au/nsw/lake-cathie/camden-haven-kitchens-joinery-12882213-listing.html
Ross Joinery Kitchens Pty Ltd,(07) 4774 5511,"447-451 Bayswater Rd, Garbutt QLD 4814",http://www.rossjoinery.com.au,94009854200,https://www.yellowpages.com.au/qld/garbutt/ross-joinery-kitchens-pty-ltd-1000002859836-listing.html
McEldrew's Joinery,(03) 5338 2011,"Cnr Ring Rd and Trewin St, Ballarat VIC 3350",,28006487181,https://www.yellowpages.com.au/vic/ballarat/mceldrews-joinery-14504361-listing.html
Camden Haven Kitchens & Joinery,(02) 6585 4156,"PO Box 263, Lake Cathie NSW 2445",,54272823733,https://www.yellowpages.com.au/nsw/lake-cathie/camden-haven-kitchens-joinery-12199153-listing.html
Design Spec Joinery & Kitchens,(02) 6621 2274,"49- 51 Jubilee St, Lismore NSW 2480",http://www.designspec.net.au,42420827273,https://www.yellowpages.com.au/nsw/lismore/design-spec-joinery-kitchens-12705331-listing.html
Branches Timber Craft,(02) 4759 2169,Lawson NSW 2783,http://www.branchestimbercraft.com.au,82109819561,https://www.yellowpages.com.au/nsw/lawson/branches-timber-craft-12414453-listing.html
Seaside Joinery Pty Ltd,(02) 4367 4403,"Unit 2/ 15 Bonnal Rd, Erina NSW 2250",http://www.seasidejoinery.com.au,45625395762,https://www.yellowpages.com.au/nsw/erina/seaside-joinery-pty-ltd-13017651-listing.html
The Joinery Store,(02) 6382 4681,"318 Boorowa St, Young NSW 2594",http://www.thejoinerystore.com.au,31109556023,https://www.yellowpages.com.au/nsw/young/the-joinery-store-15117449-listing.html
Dalmeny Designer Kitchens,(02) 4476 7272,"Acacia Cl, Dalmeny NSW 2546",http://www.ddkitchens.com.au,47424687075,https://www.yellowpages.com.au/nsw/dalmeny/dalmeny-designer-kitchens-12598625-listing.html
Johnston Joinery,(07) 4035 3692,"113 Newell St, Bungalow QLD 4870",http://www.johnstonjoinery.com.au,12720562109,https://www.yellowpages.com.au/qld/bungalow/johnston-joinery-14924231-listing.html
Rodgers Kitchens Pty Ltd,(03) 6244 6932,"125 Mornington Rd, Mornington TAS 7018",http://www.rodgerskitchens.net.au,23065254284,https://www.yellowpages.com.au/tas/mornington/rodgers-kitchens-pty-ltd-15400217-listing.html
Wizard Kitchens,(03) 6248 4685,"8/205 Kennedy Dr, Cambridge TAS 7170",,80126128443,https://www.yellowpages.com.au/tas/cambridge/wizard-kitchens-14192972-listing.html
Adina Designed Interiors Svensson Heights,(07) 4132 7777,"35 Enterprise St, Bundaberg QLD 4670",https://www.adinainteriors.com.au,16009870071,https://www.yellowpages.com.au/qld/bundaberg/adina-designed-interiors-svensson-heights-1000002621114-listing.html
Greg Smith Joinery,(03) 6278 3380,"39A Albert Rd, Moonah TAS 7009",,63386352164,https://www.yellowpages.com.au/tas/moonah/greg-smith-joinery-12322607-listing.html
Dayal Singh Joinery,(02) 6621 2274,Lismore NSW 2480,https://www.designspec.net.au,42420827273,https://www.yellowpages.com.au/nsw/lismore/dayal-singh-joinery-1000002275797-listing.html
Barnard Joinery,(03) 6344 4749,"2 Quarantine Rd, Kings Meadows TAS 7249",https://hipages.com.au/connect/barnardjoinery,26563024462,https://www.yellowpages.com.au/tas/kings-meadows/barnard-joinery-15138239-listing.html
Custom Design Joinery,(02) 9829 4152,,http://www.cdjoinery.com.au,61662197892,https://www.yellowpages.com.au/sup/custom-design-joinery-1000002344434-listing.html
Branxton Joinery,(02) 4938 1903,"44 Russell St, Branxton NSW 2335",https://joinerybranxton.com.au,33002769735,https://www.yellowpages.com.au/nsw/branxton/branxton-joinery-12878528-listing.html
Stansfield Joinery,(08) 8326 7078,Hackham SA 5163,http://www.stansfieldjoinery.com,89134107950,https://www.yellowpages.com.au/sa/hackham/stansfield-joinery-14958765-listing.html
Adina Designed Interiors,(07) 4132 7755,"35 Enterprise St, Svensson Heights QLD 4670",https://www.adinainteriors.com.au,48163834642,https://www.yellowpages.com.au/qld/svensson-heights/adina-designed-interiors-13023432-listing.html
EuroTrend Windows & Doors,(03) 6267 2632,"24 Crescent Dr, Margate TAS 7054",http://www.eurotrend.net.au,43344852566,https://www.yellowpages.com.au/tas/margate/eurotrend-windows-doors-14644484-listing.html
Marrickville Joinery,(02) 9558 2435,"12 Tramway St, Tempe NSW 2044",http://www.marrickvillejoinery.com.au,64857264153,https://www.yellowpages.com.au/nsw/tempe/marrickville-joinery-12058620-listing.html
Clayton R. M. Joinery Pty Ltd,(03) 5721 5122,"28- 32 Newman St, Wangaratta VIC 3677",,65687298536,https://www.yellowpages.com.au/vic/wangaratta/clayton-r-m-joinery-pty-ltd-13256928-listing.html
Ancient Opal Joinery & Stained Glass,0431 790 702,"31 Princes Ave, Charlestown NSW 2290",https://newcastlec4.wixsite.com/mysite,83252702432,https://www.yellowpages.com.au/nsw/charlestown/ancient-opal-joinery-stained-glass-13813703-listing.html
H Dallas Industries Pty Ltd,(02) 9771 4200,"47 Marigold St, Revesby NSW 2212",http://www.hdallas.com.au,22001776183,https://www.yellowpages.com.au/nsw/revesby/h-dallas-industries-pty-ltd-12919842-listing.html
Jindabyne Joinery,(02) 6457 2833,"Leesville Industrial Estate 11 Percy Harris St, Jindabyne NSW 2627",http://www.jindabynejoinery.com.au,14954656276,https://www.yellowpages.com.au/nsw/jindabyne/jindabyne-joinery-13742674-listing.html
Mount Barker Joinery,(08) 8391 2706,"31 Oborn Rd, Mt Barker SA 5251",http://www.mountbarkerjoinery.com.au,90008188001,https://www.yellowpages.com.au/sa/mt-barker/mount-barker-joinery-12665030-listing.html
Halton Joinery Pty Ltd,(03) 6227 2411,"16 Ascot Dr, Huntingfield TAS 7055",http://www.haltonjoinery.com.au,27137640389,https://www.yellowpages.com.au/tas/huntingfield/halton-joinery-pty-ltd-15738151-listing.html
Superfinish Designer Coatings Pty Ltd,(02) 4954 5300,"22 Aruma Pl, Cardiff NSW 2285",https://superfinishdc.com.au,13105256451,https://www.yellowpages.com.au/nsw/cardiff/superfinish-designer-coatings-pty-ltd-11936673-listing.html
Merritt Joinery Pty. Ltd,,"412 Hobart Rd, Youngtown TAS 7249",http://www.merrittjoinery.com.au,61839585727,https://www.yellowpages.com.au/tas/youngtown/merritt-joinery-pty-ltd-1000002375671-listing.html
Kensington Timber Windows & Doors,0438 617 155,"412 Willi Willi Rd, Kempsey NSW 2440",http://www.kensingtonwindows.com.au,85003501728,https://www.yellowpages.com.au/nsw/kempsey/kensington-timber-windows-doors-12872536-listing.html
Kohlen Joinery PTY LTD,(08) 9331 3433,"7 Marsh Cl, Oconnor WA 6163",http://www.kohlenjoinery.com.au,88437215114,https://www.yellowpages.com.au/wa/oconnor/kohlen-joinery-pty-ltd-13833272-listing.html
Midvale Joinery,(08) 9452 1690,"Unit 2/ 20 Alloa Rd, Maddington WA 6109",,49059077049,https://www.yellowpages.com.au/wa/maddington/midvale-joinery-15144003-listing.html
T.OK Carpentry & Partitioning,(02) 6299 3860,"56 Paterson Parade, Queanbeyan West NSW 2620",,60008546398,https://www.yellowpages.com.au/nsw/queanbeyan-west/tok-carpentry-partitioning-11931510-listing.html
Designer Woodworks,0438 663 622,"225 Warrazambil Creek Rd, Kyogle NSW 2474",,64124271414,https://www.yellowpages.com.au/nsw/kyogle/designer-woodworks-12124202-listing.html
Cabinet-Tech Pty Ltd,(08) 8447 1400,"18 Francis St, Port Adelaide SA 5015",http://www.cabtech.com.au,30079085519,https://www.yellowpages.com.au/sa/port-adelaide/cabinet-tech-pty-ltd-13914879-listing.html
Intermain Pty Ltd,(02) 9318 2272,"126-136 Bourke Rd, Alexandria NSW 2015",http://www.intermain.com.au,62096189623,https://www.yellowpages.com.au/nsw/alexandria/intermain-pty-ltd-13939983-listing.html
Merrick Joinery,0422 188 835,Somerville VIC 3912,https://www.instagram.com/merrickjoinery,59674261057,https://www.yellowpages.com.au/vic/somerville/merrick-joinery-1000002256464-listing.html
Moyle Bendale Timber Pty Ltd,(08) 8347 1677,"17 Cheltenham Parade, Cheltenham SA 5014",http://www.mbtimber.com,94007657981,https://www.yellowpages.com.au/sa/cheltenham/moyle-bendale-timber-pty-ltd-15074121-listing.html
Ray's Joinery,(02) 6492 1041,Bega NSW 2550,,68109467585,https://www.yellowpages.com.au/nsw/bega/rays-joinery-15216472-listing.html
Advance Detail Joinery Pty. Ltd.,(02) 6297 6268,"136 Gilmore Rd, Queanbeyan NSW 2620",http://advancedetailjoinery.com.au,95008550525,https://www.yellowpages.com.au/nsw/queanbeyan/advance-detail-joinery-pty-ltd-13500764-listing.html
Bakers Joinery,(02) 6562 5455,"10-12 Akubra Pl, Kempsey NSW 2440",http://www.bakersjoinery.com.au,31001148894,https://www.yellowpages.com.au/nsw/kempsey/bakers-joinery-12470470-listing.html
Signature Joinery & Design,(02) 9625 0282,"Unit 2/ 51 Owen St, Glendenning NSW 2761",,79001432524,https://www.yellowpages.com.au/nsw/glendenning/signature-joinery-design-14257609-listing.html
Karve Kitchens and Joinery,0438 443 990,"Unit 3 Cnr Whitbread and Elizabeth Street, Taree NSW 2430",https://karvekitchens.com.au,85611605648,https://www.yellowpages.com.au/nsw/taree/karve-kitchens-and-joinery-1000002064086-listing.html
KB Joinery,0403 501 260,Kandanga QLD 4570,http://www.facebook.com/kbjoineryqld,49406519858,https://www.yellowpages.com.au/qld/kandanga/kb-joinery-1000002237685-listing.html
BOS JOINERY NSW PTY LTD,(02) 8387 6459,"2 Production Ave, Kogarah NSW 2217",https://www.bosjoinery.com.au,96638101176,https://www.yellowpages.com.au/nsw/kogarah/bos-joinery-nsw-pty-ltd-1000002376474-listing.html
Sunshine Joinery (VIC) Pty Ltd,(03) 9366 7284,"188 McIntyre Rd, Sunshine North VIC 3020",http://www.sunshinejoinery.com.au,22068847030,https://www.yellowpages.com.au/vic/sunshine-north/sunshine-joinery-vic-pty-ltd-12957173-listing.html
Complete Joinery Solutions Pty Ltd,(07) 3205 6122,"Unit 1/ 34 Terrence St, Brendale QLD 4500",http://www.completejoinery.com,43107416035,https://www.yellowpages.com.au/qld/brendale/complete-joinery-solutions-pty-ltd-14591097-listing.html
Rest Interior Pty Ltd,(02) 9708 0733,"20 Clements Ave, Bankstown NSW 2200",http://www.restinterior.com.au,32078753876,https://www.yellowpages.com.au/nsw/bankstown/rest-interior-pty-ltd-12317890-listing.html
Classic Shopfitting,(03) 6236 9074,"209 Murray St, Hobart TAS 7000",http://www.classicshopfitting.com,21781585627,https://www.yellowpages.com.au/tas/hobart/classic-shopfitting-13312380-listing.html
Carls Joinery Contracting,0407 463 578,"8 / 103 Quarry Rd, Murwillumbah NSW 2484",http://www.carlsjoinery.com.au,13813146528,https://www.yellowpages.com.au/nsw/murwillumbah/carls-joinery-contracting-14636632-listing.html
Master Glass Industries Pty Ltd,1300 555 644,"2 Wordie Pl, Padstow NSW 2211",http://www.masterglass.com.au,90000714983,https://www.yellowpages.com.au/nsw/padstow/master-glass-industries-pty-ltd-13331775-listing.html
Anlee Industries Pty Ltd,(03) 9761 6794,"Unit 2 44 Burgess Rd, Bayswater North VIC 3153",http://www.anleeindustries.com.au,43121467105,https://www.yellowpages.com.au/vic/bayswater-north/anlee-industries-pty-ltd-12301140-listing.html
Shield's River Redgum Furniture Timbers,0417 415 315,"45D The Back Rd, Porepunkah VIC 3740",http://www.riverredgum.com.au,88378987588,https://www.yellowpages.com.au/vic/porepunkah/shields-river-redgum-furniture-timbers-13189088-listing.html
Sam's Refined Furniture,0428 316 716,"117-119 McDougall St, Toowoomba QLD 4350",,83298792474,https://www.yellowpages.com.au/qld/toowoomba/sams-refined-furniture-15583230-listing.html
Martin's Fine Furniture,(03) 6431 3039,"31 Hopkinson St, South Burnie TAS 7320",,49388511879,https://www.yellowpages.com.au/tas/south-burnie/martins-fine-furniture-1000002203634-listing.html
Blak Oak,0447 027 961,"Unit 3 46 Lysaght St, Coolum Beach QLD 4573",http://www.blakoak.com.au,21885831585,https://www.yellowpages.com.au/qld/coolum-beach/blak-oak-1000002740676-listing.html
Pfitzner Furniture,(08) 8391 0492,"3 Mt Barker Rd, Totness SA 5250",http://www.pfitzner.com.au,91436577894,https://www.yellowpages.com.au/sa/totness/pfitzner-furniture-13039362-listing.html
Roy Furniture Manufacturers Pty Ltd,(02) 4587 7034,"7 Blackman Crst, South Windsor NSW 2756",http://www.royfurniture.com.au,35000048484,https://www.yellowpages.com.au/nsw/south-windsor/roy-furniture-manufacturers-pty-ltd-13142708-listing.html
Lacewood Furniture,(07) 3875 1577,"Unit 5/ 31 Boyland Ave, Coopers Plains QLD 4108",http://www.lacewoodfurniture.com.au,59086204211,https://www.yellowpages.com.au/qld/coopers-plains/lacewood-furniture-15054248-listing.html
Christian Cole Furniture,(03) 9350 3327,"5 Dairy Dr, Coburg North VIC 3058",http://www.christiancolefurniture.com.au,86100171339,https://www.yellowpages.com.au/vic/coburg-north/christian-cole-furniture-13152752-listing.html
Bessant Custom Furniture,(02) 4987 7225,"19 Heather St, Heatherbrae NSW 2324",http://www.bessant.com.au,70728273839,https://www.yellowpages.com.au/nsw/heatherbrae/bessant-custom-furniture-12802689-listing.html
Golden Oak Furniture Design,(07) 4725 0621,"3/ 315 Bayswater Rd, Garbutt QLD 4814",http://www.goldenoakfurnituredesign.com,93684124407,https://www.yellowpages.com.au/qld/garbutt/golden-oak-furniture-design-11984532-listing.html
R.H. Bullard Custom Timber Furniture,(02) 4324 8700,"26 Wollong St, Gosford NSW 2250",http://www.rhbullard.com.au,43913051647,https://www.yellowpages.com.au/nsw/gosford/rh-bullard-custom-timber-furniture-12057682-listing.html
KW Kitchens & Interiors,(03) 5441 8563,,,14135582288,https://www.yellowpages.com.au/sup/kw-kitchens-interiors-14694632-listing.html
Dewhurst Furniture,(03) 9555 0055,"2/ 30 Cochranes Rd, Moorabbin VIC 3189",http://www.dewhurstfurniture.com.au,14081472442,https://www.yellowpages.com.au/vic/moorabbin/dewhurst-furniture-12750129-listing.html
Caulfield Cabinet Making & Joinery,0417 376 638,Caulfield VIC 3162,http://www.caulfieldcabinets.com.au,60167202136,https://www.yellowpages.com.au/vic/caulfield/caulfield-cabinet-making-joinery-12243963-listing.html
Woodsong Fine Furniture,0407 571 903,"Jue Sue Rd, Tolga QLD 4882",http://woodsongfinefurniture.com.au,20875299593,https://www.yellowpages.com.au/qld/tolga/woodsong-fine-furniture-12817100-listing.html
SP Furniture,0409 939 064,"67 Cromwell St, Perth TAS 7300",,93192771554,https://www.yellowpages.com.au/tas/perth/sp-furniture-12899448-listing.html
Valley Barrel Furniture,0447 079 975,"Hunter Bec Corner Merthyr & Barton Streets, Kurri Kurri NSW 2327",,58860354864,https://www.yellowpages.com.au/nsw/kurri-kurri/valley-barrel-furniture-15584892-listing.html
The Hardwood Refinery,(02) 4970 5558,"60 Biddulph St, Eraring NSW 2264",http://www.thehardwoodrefinery.com.au,51349204171,https://www.yellowpages.com.au/nsw/eraring/the-hardwood-refinery-12892071-listing.html
Bombora Custom Furniture,0407 906 799,"Unit 5 6 Boneyards Ave, Torquay VIC 3228",http://www.bomboracustomfurniture.com.au,76249169709,https://www.yellowpages.com.au/vic/torquay/bombora-custom-furniture-14865012-listing.html
Deep in the Woods,0414 738 112,"444 Macaulay Road, Kensington VIC 3031",http://www.deepinthewoods.com.au,96983138124,https://www.yellowpages.com.au/vic/kensington/deep-in-the-woods-1000002123608-listing.html
Interfar Furniture Systems Pty Ltd,,"219 Victoria Rd, Drummoyne NSW 2047",http://www.interfar.com.au,56109487792,https://www.yellowpages.com.au/nsw/drummoyne/interfar-furniture-systems-pty-ltd-14264077-listing.html
Ramons Fine Furniture Pty Ltd,(03) 9719 7965,"Factory 15/ 350 Settlement Rd, Thomastown VIC 3074",https://www.ramonsfinefurniture.com.au,65007281941,https://www.yellowpages.com.au/vic/thomastown/ramons-fine-furniture-pty-ltd-14387351-listing.html
Dan Witts Furniture,0406 194 756,Ranelagh TAS 7109,,39604826390,https://www.yellowpages.com.au/tas/ranelagh/dan-witts-furniture-14963599-listing.html
Harry Howard Fine Furniture,0439 731 889,"7/6 Sheffield Pl, Kelso NSW 2795",http://www.harryhoward.com,96358193693,https://www.yellowpages.com.au/nsw/kelso/harry-howard-fine-furniture-14041480-listing.html
Mark Mathews Furniture,0407 112 289,Berkley Vale NSW 2261,,71873027141,https://www.yellowpages.com.au/nsw/berkley-vale/mark-mathews-furniture-15374735-listing.html
Upcycled Wood Designs,0432 766 331,East Albury NSW 2640,http://www.upcycledwooddesigns.com.au,52650323452,https://www.yellowpages.com.au/nsw/east-albury/upcycled-wood-designs-1000001676696-listing.html
Charlie's Furniture Frames,0414 331 785,"Factory 1/ 8 Merri Con, Campbellfield VIC 3061",http://charliesframes.com.au,70751256542,https://www.yellowpages.com.au/vic/campbellfield/charlies-furniture-frames-1000002023464-listing.html
Zivo Designs,0409 436 376,Jindalee QLD 4074,http://zivo-designs.business.site,65995717841,https://www.yellowpages.com.au/qld/jindalee/zivo-designs-1000002084873-listing.html
RZ Interiors,0413 793 749,"6 Lancewood Ave, Peregian Beach QLD 4573",http://www.rzrestorations.com.au,20179549828,https://www.yellowpages.com.au/qld/peregian-beach/rz-interiors-1000002150458-listing.html
Decor Fusion Design,0403 117 294,Labrador QLD 4215,https://www.decorfusion.com.au,55552024533,https://www.yellowpages.com.au/qld/labrador/decor-fusion-design-1000002212391-listing.html
Hausware,(07) 4096 6123,"Pioneer Ave, Malanda QLD 4885",http://hausware.com.au,87455436383,https://www.yellowpages.com.au/qld/malanda/hausware-1000002875699-listing.html
Barmakers,(03) 8790 3399,"3 Golden Leaf Close, Narre Warren South VIC 3805",http://www.barmakers.com.au,39807592966,https://www.yellowpages.com.au/vic/narre-warren-south/barmakers-1000002930773-listing.html
Vibe FM Pty Ltd,(02) 6284 3113,"6 Coal Ct, Beard ACT 2620",https://www.vibefm.com.au,93101542107,https://www.yellowpages.com.au/act/beard/vibe-fm-pty-ltd-12300771-listing.html
Custombuilt Furnishers,(07) 4152 2800,"Activity St, Bundaberg QLD 4670",,18528826069,https://www.yellowpages.com.au/qld/bundaberg/custombuilt-furnishers-12541793-listing.html
Braithwaite Innovative Joinery,0412 995 446,"47 Yass Rd, Queanbeyan ACT 2620",http://www.bij.com.au,53837090562,https://www.yellowpages.com.au/act/queanbeyan/braithwaite-innovative-joinery-12636683-listing.html
Ultimo Interiors,(08) 9201 2479,"4 Hutton St, Osborne Park WA 6017",http://www.ultimointeriors.com.au,34314232765,https://www.yellowpages.com.au/wa/osborne-park/ultimo-interiors-13138745-listing.html
Nannup Furniture Gallery,(08) 9756 0460,"259 Sexton Way, Nannup WA 6275",http://www.nannupfurnituregallery.com.au,78015572538,https://www.yellowpages.com.au/wa/nannup/nannup-furniture-gallery-13742951-listing.html
Nicholas Design,(03) 5976 2220,"21 Speed Cct, Tyabb VIC 3913",http://www.nicholasdesign.com.au,96007069098,https://www.yellowpages.com.au/vic/tyabb/nicholas-design-14129126-listing.html
Damien Hipwell Furniture - Studio Hip,(03) 5862 2079,,http://www.studiohip.com.au,41035659152,https://www.yellowpages.com.au/sup/damien-hipwell-furniture-studio-hip-14636304-listing.html
Easyliving Furniture & Interiors,(08) 9386 6311,"144 Stirling Hwy, Nedlands WA 6009",http://www.easyliving.com.au,80672300999,https://www.yellowpages.com.au/wa/nedlands/easyliving-furniture-interiors-14702191-listing.html
All Robes Pty Ltd,0400 413 363,,http://www.allrobes.com.au,20167279905,https://www.yellowpages.com.au/sa/cowandilla/all-robes-pty-ltd-15753034-listing.html
Brodco Built-In Wardrobes Pty Ltd,(03) 9794 8195,"24 Sinclair Rd, Dandenong VIC 3175",http://brodcowardrobes.com.au,60115045933,https://www.yellowpages.com.au/vic/dandenong/brodco-built-in-wardrobes-pty-ltd-12831581-listing.html
Ideal Furniture,0410 701 882,"14 May St, Albert Park SA 5014",,43255208851,https://www.yellowpages.com.au/sa/albert-park/ideal-furniture-12988695-listing.html
Chris Young's Joinery,(02) 4476 6200,"10 Hopkins Pl, Narooma NSW 2546",http://www.chrisyoungsjoinery.com.au,90050291417,https://www.yellowpages.com.au/nsw/narooma/chris-youngs-joinery-14839974-listing.html
Impressive Built-In Wardrobes Pty Ltd,(02) 9796 3355,"54 Canterbury Rd, Bankstown NSW 2200",https://www.impressivewardrobes.com.au,44070940573,https://www.yellowpages.com.au/nsw/bankstown/impressive-built-in-wardrobes-pty-ltd-13073476-listing.html
Wardrobe World Cairns,(07) 4031 3131,"141 Buchan St, Bungalow QLD 4870",http://www.wardrobeworld.com.au,34093527178,https://www.yellowpages.com.au/qld/bungalow/wardrobe-world-cairns-12036495-listing.html
Lifestyle Kitchen Wardrobes & Shower Screens,(03) 6387 7659,"43 Albert Rd, Moonah TAS 7009",https://www.lifestylewardrobestas.com.au,14007344023,https://www.yellowpages.com.au/tas/moonah/lifestyle-kitchen-wardrobes-shower-screens-13196881-listing.html
Cash's Cabinets,(08) 8584 5300,,http://cashscabinets.com.au,61007956982,https://www.yellowpages.com.au/sa/loxton/cashs-cabinets-1000001790201-listing.html
Ross Joinery Kitchens Pty Ltd,(07) 4774 5511,,http://www.rossjoinery.com.au,94009854200,https://www.yellowpages.com.au/qld/townsville/ross-joinery-kitchens-pty-ltd-1000002858840-listing.html
Cobram Windows,(03) 5872 2482,"Koonoomoo Rd, Cobram VIC 3644",https://www.awsaustralia.com.au,72099028270,https://www.yellowpages.com.au/vic/cobram/cobram-windows-12257548-listing.html
"Willsden Joinery, Hardware, Glass & Glazing",(08) 8641 1676,"98 Railway Parade, Port Augusta SA 5700",https://www.facebook.com/WillsdenJoineryGlassandGlazing,67143963802,https://www.yellowpages.com.au/sa/port-augusta/willsden-joinery-hardware-glass-glazing-14951565-listing.html
Noosa Door Centre,(07) 5449 7322,,https://www.noosadoorcentre.com.au,64804165105,https://www.yellowpages.com.au/sup/noosa-door-centre-11919581-listing.html
Jack's Glass & Security Screens,(07) 4191 4208,"61 Islander Road, Pialba QLD 4655",http://www.jacksglass.com.au,56624879410,https://www.yellowpages.com.au/qld/pialba/jacks-glass-security-screens-14920969-listing.html
Twin Cities Glass & Aluminium,(07) 4773 7711,"125 Dalrymple Road, Garbutt QLD 4814",http://www.twincities.com.au,26164016782,https://www.yellowpages.com.au/qld/garbutt/twin-cities-glass-aluminium-14352797-listing.html
Ulladulla Glass,(02) 4455 1770,"172 Camden St, Ulladulla NSW 2539",https://www.ulladullaglass.com.au,42118641400,https://www.yellowpages.com.au/nsw/ulladulla/ulladulla-glass-1000002614402-listing.html
Western Wardrobes,0418 290 645,"86A Myall St, Dubbo NSW 2830",http://www.westernwardrobes.com.au,78673941036,https://www.yellowpages.com.au/nsw/dubbo/western-wardrobes-1000002272408-listing.html
Form Function NT,(08) 8941 0588,"13/ 34 Bishop St, Woolner NT 0820",http://www.formfunctionnt.com.au,19081732032,https://www.yellowpages.com.au/nt/woolner/form-function-nt-14574003-listing.html
Profile Wardrobes,(08) 8234 6005,"252 Sir Donald Bradman Dr, Cowandilla SA 5033",http://www.profilewardrobes.com.au,24080924554,https://www.yellowpages.com.au/sa/cowandilla/profile-wardrobes-12258294-listing.html
Platinum Group Pty Ltd,(02) 4872 2211,"U 8 Linkwood Crt 19 Cavendish St, Mittagong NSW 2575",http://www.platinumgroupnsw.com.au,67607975191,https://www.yellowpages.com.au/nsw/mittagong/platinum-group-pty-ltd-1000002336242-listing.html
Federation Built In Furniture,(08) 9248 9600,"9 Action Rd, Malaga WA 6090",http://www.wardrobesperth.net.au,60569385480,https://www.yellowpages.com.au/wa/malaga/federation-built-in-furniture-12149563-listing.html
Chinchilla Kitchens,(07) 4662 8185,"96-98 Warrego Hwy, Chinchilla QLD 4413",http://chinchillakitchens.com.au,12175029134,https://www.yellowpages.com.au/qld/chinchilla/chinchilla-kitchens-14716049-listing.html
Rooney Glass,(02) 6652 7549,"33 Hurley Dr, Coffs Harbour NSW 2450",http://rooneyglass.com.au,53081204917,https://www.yellowpages.com.au/nsw/coffs-harbour/rooney-glass-13198581-listing.html
Modern Design Wardrobes Pty Ltd,(02) 9892 1366,Warwick Farm NSW 2170,http://www.moderndesignwardrobes.com.au,50166157731,https://www.yellowpages.com.au/nsw/warwick-farm/modern-design-wardrobes-pty-ltd-15317816-listing.html
Millennium Shelving,(02) 4647 7609,Smeaton Grange NSW 2567,http://www.millenniumshelving.com.au,93120738383,https://www.yellowpages.com.au/nsw/smeaton-grange/millennium-shelving-12995203-listing.html
Victor Wardrobes,1800 809 463,"9 Enterprise Ave, Encounter Bay SA 5211",https://www.victorrobes.com.au,92849554358,https://www.yellowpages.com.au/sa/encounter-bay/victor-wardrobes-12103234-listing.html
Advance Design Wardrobes,(02) 6239 1341,"169 Gilmore Rd, Queanbeyan West NSW 2620",http://www.adwardrobes.com.au,51099287840,https://www.yellowpages.com.au/nsw/queanbeyan-west/advance-design-wardrobes-12978324-listing.html
Best Price Wardrobes,0402 927 376,"26-28 Cottage Lane, Hackham SA 5163",http://www.bestpricewardrobes.com.au,24736932733,https://www.yellowpages.com.au/sa/hackham/best-price-wardrobes-14223066-listing.html
Custom Wardrobes & Doors,0418 279 239,Palmwoods QLD 4555,http://www.customwardrobesanddoors.com.au,59160929653,https://www.yellowpages.com.au/qld/palmwoods/custom-wardrobes-doors-14837563-listing.html
Wardrobe World Bayside,(03) 9555 3466,"Showroom 156 Cochranes Rd, Moorabbin VIC 3189",http://www.wardrobeworldbayside.com.au,51141758861,https://www.yellowpages.com.au/vic/moorabbin/wardrobe-world-bayside-11904786-listing.html
Norska (NSW) Pty Ltd,(02) 9698 9766,"Unit 2 38 Binny Rd, Kings Park NSW 2148",http://www.norska.com.au,21159403826,https://www.yellowpages.com.au/nsw/kings-park/norska-nsw-pty-ltd-14731310-listing.html
Tumut Valley Kitchens,(02) 6947 3004,"Shed 1/ 180 Adelong Rd, Tumut NSW 2720",http://www.tumutvalleykitchens.com,43781840833,https://www.yellowpages.com.au/nsw/tumut/tumut-valley-kitchens-15775017-listing.html
Homestead Industries,(08) 9455 1880,"3/ 18 Vinnicombe Dr, Canning Vale WA 6155",http://www.homesteadindustries.com.au,98068690792,https://www.yellowpages.com.au/wa/canning-vale/homestead-industries-11852440-listing.html
Sizewise,(07) 4952 3366,,http://www.sizewise.com.au,68009829485,https://www.yellowpages.com.au/sup/sizewise-11860959-listing.html
Archer Built-In Wardrobes,(02) 9639 7772,"10 Lindsay St, Baulkham Hills NSW 2153",http://www.archerwardrobes.com.au,85956980480,https://www.yellowpages.com.au/nsw/baulkham-hills/archer-built-in-wardrobes-12646004-listing.html
Lifestyle Wardrobes WA,(08) 9303 9962,"6 Venture Loop, Wangara WA 6065",http://www.lifestylewa.com.au,21005825374,https://www.yellowpages.com.au/wa/wangara/lifestyle-wardrobes-wa-14266542-listing.html
Impact Kitchens,0400 536 940,"15 Legana Park Dr, Legana TAS 7277",http://www.impactkitchens.com.au,14050638404,https://www.yellowpages.com.au/tas/legana/impact-kitchens-15786857-listing.html
Jindabyne Joinery,(02) 6457 2833,"Leesville Estate 11B Percy Harris St, Jindabyne NSW 2627",http://www.jindabynejoinery.com.au,14954656276,https://www.yellowpages.com.au/nsw/jindabyne/jindabyne-joinery-13742244-listing.html
Leisure Coast Wardrobes And Joinery,(02) 4297 3764,"14 Veronica St, Warilla NSW 2528",https://www.leisurecoastwardrobesandjoinery.com.au,89154646607,https://www.yellowpages.com.au/nsw/warilla/leisure-coast-wardrobes-and-joinery-14538344-listing.html
Apex Showerscreens And Wardrobes,0402 288 791,"5 Heather St, Heatherbrae NSW 2324",http://www.apexglass.com.au,39942827618,https://www.yellowpages.com.au/nsw/heatherbrae/apex-showerscreens-and-wardrobes-15417248-listing.html
Perfect Australian Wardrobes & Shower Screens,(03) 9357 7204,"57 Capital Link Dr, Campbellfield VIC 3061",http://www.builtinrobes.com,96288040701,https://www.yellowpages.com.au/vic/campbellfield/perfect-australian-wardrobes-shower-screens-12081316-listing.html
Cube Kitchens & Joinery Pty Ltd,(03) 6425 5978,"22 Fieldings Way, Ulverstone TAS 7315",https://cubekitchensandjoinery.com.au,64126285149,https://www.yellowpages.com.au/tas/ulverstone/cube-kitchens-joinery-pty-ltd-12501116-listing.html
Shower Screens Direct,0418 669 464,"6/ 16 Donaldson St, Wyong NSW 2259",http://www.showerscreensdirect.com.au,47692468011,https://www.yellowpages.com.au/nsw/wyong/shower-screens-direct-12525434-listing.html
Quick-Fix Aluminium,0415 442 504,"Shed 4 47 Taree St, Burleigh Heads QLD 4220",http://www.quick-fixaluminium.com.au,28135845083,https://www.yellowpages.com.au/qld/burleigh-heads/quick-fix-aluminium-1000002153258-listing.html
Precision Shower Screens & Wardrobes,(08) 8932 8881,"U 12 15 Callanan Rd, Yarrawonga NT 0830",http://www.precisionssw.com.au,63145418533,https://www.yellowpages.com.au/nt/yarrawonga/precision-shower-screens-wardrobes-1000002804640-listing.html
Darwin Shopfitting,0421 222 622,,,16616229666,https://www.yellowpages.com.au/nt/palmerston-city/darwin-shopfitting-1000001979281-listing.html?isTopOfList=true&premiumProductId=400005308570
William Waters Shop Fitters,(03) 9887 1098,"94 Parkhurst Dr, Knoxfield VIC 3180",http://www.williamwaters.com.au,38927859235,https://www.yellowpages.com.au/vic/knoxfield/william-waters-shop-fitters-12441522-listing.html
MKC Shopfit,0438 263 743,"2 Hamilton St, North Mackay QLD 4740",http://www.mkcshopfit.com.au,72076332048,https://www.yellowpages.com.au/qld/north-mackay/mkc-shopfit-14857559-listing.html
S.O.H. Design & Fitout,(07) 4779 6298,"Unit 2/ 9 Civil Rd, Garbutt QLD 4814",http://www.sohdesign.com.au,96844504831,https://www.yellowpages.com.au/qld/garbutt/soh-design-fitout-13191174-listing.html
Bendigo Windows,(03) 5444 0391,"24 McDowalls Rd, Bendigo VIC 3550",http://www.bendigowindows.com.au,82007225738,https://www.yellowpages.com.au/vic/bendigo/bendigo-windows-14496244-listing.html
Fields Glass & Glazing Pty Ltd,(02) 9680 1900,Castle Hill NSW 2154,http://www.fieldsglassandglazing.net.au,35145102432,https://www.yellowpages.com.au/nsw/castle-hill/fields-glass-glazing-pty-ltd-1000001755546-listing.html
Rossco's Shop & Office Fitters,0459 450 490,"Shed 1 5 Bollard St, Portsmith QLD 4870",https://rosscoshop.com.au,86860334038,https://www.yellowpages.com.au/qld/portsmith/rosscos-shop-office-fitters-15382169-listing.html
Quality Shopfitters International,(07) 3205 1230,,http://www.qualityshopfitters.com.au,55144011441,https://www.yellowpages.com.au/qld/toowoomba/quality-shopfitters-international-1000002309075-listing.html
Winkle Shopfitters Pty Ltd,(08) 8277 5600,"16-26 Weaver St, Edwardstown SA 5039",http://www.winklegroup.com.au,21008048888,https://www.yellowpages.com.au/sa/edwardstown/winkle-shopfitters-pty-ltd-12245945-listing.html
Lees Rodney Cabinet Making,(02) 6622 2364,"Shed 3/ 23 Skyline Rd, East Lismore NSW 2480",http://www.rodneyleescabinetmaking.com.au,64785055989,https://www.yellowpages.com.au/nsw/east-lismore/lees-rodney-cabinet-making-14527973-listing.html
Fitouts Australia,0499 789 789,"Unit 30 5-7 Inglewood Pl, Norwest NSW 2153",https://fitoutsaustralia.com.au,49684292948,https://www.yellowpages.com.au/nsw/norwest/fitouts-australia-1000002978408-listing.html
Uprite Constructions Pty Ltd,0418 605 801,Blaxlands Ridge NSW 2758,https://upriteconstructions.com.au,15061853058,https://www.yellowpages.com.au/nsw/blaxlands-ridge/uprite-constructions-pty-ltd-1000002956619-listing.html
Affective Building Services,(02) 9674 3380,"3 Prince William Dr, Seven Hills NSW 2147",http://www.affectivebuilding.com.au,35126380103,https://www.yellowpages.com.au/nsw/seven-hills/affective-building-services-1000002961494-listing.html
M D'S Shopfitting & Carpentry Pty Ltd,(08) 8396 4590,,http://www.mdsshopfitting.com.au,92683625621,https://www.yellowpages.com.au/sup/m-ds-shopfitting-carpentry-pty-ltd-1000002891885-listing.html
Acclaim Shopfitting Pty Ltd,(07) 3266 5322,"8 Hungerford St, Northgate QLD 4013",,66062246931,https://www.yellowpages.com.au/qld/northgate/acclaim-shopfitting-pty-ltd-12192332-listing.html
LJ Shop Fitters,0409 646 048,,http://www.ljshopfitters.com.au,26856492641,https://www.yellowpages.com.au/sup/lj-shop-fitters-14957748-listing.html
Commodore Dental and Medical Fitouts,(02) 9655 1919,"166 Arcadia Rd, Arcadia NSW 2159",https://www.commodorefitouts.com.au,97001448880,https://www.yellowpages.com.au/nsw/arcadia/commodore-dental-and-medical-fitouts-14566052-listing.html
Elite Office Environments,(03) 9555 6244,"Factory 6/ 291 Wickham Rd, Moorabbin VIC 3189",http://www.eliteoffice.com.au,18250728472,https://www.yellowpages.com.au/vic/moorabbin/elite-office-environments-12356894-listing.html
Cyclo Group,(02) 4271 7141,"22 Industrial Rd, Unanderra NSW 2526",http://cyclogroup.com.au,11207175400,https://www.yellowpages.com.au/nsw/unanderra/cyclo-group-15485551-listing.html
OfficeBoy Workplace Interiors,0402 254 531,,http://www.officeboy.com.au,65164318272,https://www.yellowpages.com.au/sup/officeboy-workplace-interiors-13732476-listing.html
QA Kitchens Pty Ltd,(02) 6040 2007,"909 Metry St, Albury NSW 2640",http://www.qakitchens.com.au,19150622521,https://www.yellowpages.com.au/nsw/albury/qa-kitchens-pty-ltd-1000002169004-listing.html
Murphy's Construction & Maintenance Pty Ltd,(07) 4775 4055,"Unit 3 10 Gurney St, Garbutt QLD 4814",http://www.murphysconstruction.com.au,35126135984,https://www.yellowpages.com.au/qld/garbutt/murphys-construction-maintenance-pty-ltd-12199399-listing.html
Latrobe Valley Shopfitters Pty Ltd,(03) 5134 4777,"57 Chickerell St, Morwell VIC 3840",https://www.lvshopfitters.com.au,16115022618,https://www.yellowpages.com.au/vic/morwell/latrobe-valley-shopfitters-pty-ltd-11879103-listing.html
Jacaranda Industries,(03) 5240 4600,"64-72 Seaside Parade, North Shore VIC 3214",http://www.jacarandaindustries.com,25106571135,https://www.yellowpages.com.au/vic/north-shore/jacaranda-industries-12875849-listing.html
Liberty Kitchens,(03) 5831 2620,"60 Williams Rd, Shepparton VIC 3630",http://www.libertykitchens.com.au,25621507505,https://www.yellowpages.com.au/vic/shepparton/liberty-kitchens-14690921-listing.html
Chapman Joiners Pty Ltd,(07) 3353 0255,"27 Timms Rd, Everton Hills QLD 4053",http://www.chapmanjoiners.com.au,36114179136,https://www.yellowpages.com.au/qld/everton-hills/chapman-joiners-pty-ltd-12054370-listing.html
Phoenix Constructions (Queensland) Pty Ltd,0407 760 290,"Ground Floor 79 Denham St, Townsville City QLD 4810",http://www.phoenixconstructions.com.au,24056159614,https://www.yellowpages.com.au/qld/townsville-city/phoenix-constructions-queensland-pty-ltd-15039920-listing.html
Adina Designed Interiors Svensson Heights,(07) 4132 7777,"35 Enterprise St, Bundaberg QLD 4670",https://www.adinainteriors.com.au,16009870071,https://www.yellowpages.com.au/qld/bundaberg/adina-designed-interiors-svensson-heights-14815771-listing.html
Office Comforts,(08) 9201 1211,"26 Hutton St, Osborne Park WA 6017",http://www.officecomforts.com.au,11540512270,https://www.yellowpages.com.au/wa/osborne-park/office-comforts-12843976-listing.html
Safetybuild Interiors,(02) 4920 7614,Gateshead NSW 2290,http://www.safetybuild.com,70113617575,https://www.yellowpages.com.au/nsw/gateshead/safetybuild-interiors-11860499-listing.html
RSF Commercial Interiors Pty Ltd,(02) 6592 0555,"69 Hargreaves Dr, Taree NSW 2430",http://www.rsfcom.com.au,47003664837,https://www.yellowpages.com.au/nsw/taree/rsf-commercial-interiors-pty-ltd-13461393-listing.html
Barrett Shopfitting,(07) 3376 7400,"16 Forge Cl, Sumner Park QLD 4074",http://www.shopfit.com.au,84093137609,https://www.yellowpages.com.au/qld/sumner-park/barrett-shopfitting-13794382-listing.html
Sizewise,13 1805,,http://www.sizewise.com.au,68009829485,https://www.yellowpages.com.au/sup/sizewise-14099342-listing.html
TKO Office Fitouts,(08) 9347 1800,"9 Donovan St, Osborne Park WA 6017",http://www.tkofitouts.com.au,54009238420,https://www.yellowpages.com.au/wa/osborne-park/tko-office-fitouts-15051307-listing.html
Art Aluminium Pty. Ltd.,(03) 9355 8553,"29 Trade Pl, Coburg North VIC 3058",http://artaluminium.com.au,61065922705,https://www.yellowpages.com.au/vic/coburg-north/art-aluminium-pty-ltd-11850380-listing.html
Runde Shopfitters,(07) 3206 4200,"780 Mt Cotton Rd, Sheldon QLD 4157",http://www.rundeshopfitters.com.au,50083005976,https://www.yellowpages.com.au/qld/sheldon/runde-shopfitters-12065293-listing.html
Carment Pty Ltd,(02) 4352 2122,Tuggerah NSW 2259,http://www.carment.com.au,26003751791,https://www.yellowpages.com.au/nsw/tuggerah/carment-pty-ltd-13162081-listing.html
Kitchen Creations,(02) 6884 0997,"81 Jenmark Pl, Dubbo NSW 2830",http://www.kitchencreationsdubbo.com.au,26516221242,https://www.yellowpages.com.au/nsw/dubbo/kitchen-creations-14739864-listing.html
Tpi Todays Prestige Interiors Pty Ltd,(02) 4257 5755,"15 Miall Way, Albion Park Rail NSW 2527",http://www.todayspi.com.au,62128064273,https://www.yellowpages.com.au/nsw/albion-park-rail/tpi-todays-prestige-interiors-pty-ltd-12840987-listing.html
LKD Fitouts,0401 938 190,"152 Fitzgerald St, Perth WA 6000",http://www.lkdfitouts.com.au,38630442312,https://www.yellowpages.com.au/wa/perth/lkd-fitouts-1000002321853-listing.html
Deadline Shopfitters,(02) 9838 8052,"23 Anvil Rd, Seven Hills NSW 2147",http://deadlinecommercial.com.au,42050048649,https://www.yellowpages.com.au/nsw/seven-hills/deadline-shopfitters-12346176-listing.html
Wadsworth Joinery,(02) 4272 2611,"227 Berkeley Rd, Unanderra NSW 2526",http://www.wadsworth.net.au,65000932329,https://www.yellowpages.com.au/nsw/unanderra/wadsworth-joinery-13042568-listing.html
Aluminium Shopfront Fabrications,(03) 9761 6333,"Factory 4/ 12 Stephenson Rd, Bayswater North VIC 3153",http://www.aluminiumshopfronts.com.au,37073952575,https://www.yellowpages.com.au/vic/bayswater-north/aluminium-shopfront-fabrications-13495843-listing.html
Dave Brent Constructions Pty Ltd,0418 182 326,"24 Mckillop St, Belgian Gardens QLD 4810",http://www.davebrentconstructions.com.au,25147178578,https://www.yellowpages.com.au/qld/belgian-gardens/dave-brent-constructions-pty-ltd-14048990-listing.html
A Division Of Space,(08) 8297 2345,"2 / 89-101 Factory, Oxley QLD 4075",http://www.adivisionofspace.com.au,14126046731,https://www.yellowpages.com.au/qld/oxley/a-division-of-space-14893976-listing.html
Ulex Constructions Pty Ltd,(07) 3868 3217,"Unit 1 50 French St, Eagle Farm QLD 4009",http://www.ulex.com.au,84089221643,https://www.yellowpages.com.au/qld/eagle-farm/ulex-constructions-pty-ltd-15032435-listing.html
Shopfittings Sunshine Coast,(07) 5474 9291,"26 Toulambi St, Noosa Heads QLD 4567",http://www.myshopfittings.com,51742035654,https://www.yellowpages.com.au/qld/noosa-heads/shopfittings-sunshine-coast-15378955-listing.html
Stealth Interiors Pty Ltd,0405 199 523,"Level 26 1-7 Bligh St, Sydney NSW 2000",http://www.stealthinteriors.com.au,36614834936,https://www.yellowpages.com.au/nsw/sydney/stealth-interiors-pty-ltd-1000002258871-listing.html
Atelier Furniture Interiors,,,http://www.atelier.com.au,59008880055,https://www.yellowpages.com.au/sup/atelier-furniture-interiors-1000002356218-listing.html
Interior Fitout Group Pty Ltd,(02) 9501 1664,"16 30-32 Beaconsfield St, Alexandria NSW 2015",,42112183749,https://www.yellowpages.com.au/nsw/alexandria/interior-fitout-group-pty-ltd-13812661-listing.html
Interior Fitouts Pty Ltd,(07) 3855 3140,"241 Elliott Rd, Banyo QLD 4014",http://www.interiorfitouts.com.au,66006891158,https://www.yellowpages.com.au/qld/banyo/interior-fitouts-pty-ltd-12470297-listing.html
Kevin Maycock Painting Contractors & Interior Decorators,(07) 3281 5002,Ipswich QLD 4305,,62392084281,https://www.yellowpages.com.au/qld/ipswich/kevin-maycock-painting-contractors-interior-decorators-13010266-listing.html
Expert Interiors & Fitouts,,,,32733440308,https://www.yellowpages.com.au/nsw/holsworthy/expert-interiors-fitouts-15299968-listing.html
Interior Exterior Builders,0410 405 574,Pinjarra Hills QLD 4069,,36137267899,https://www.yellowpages.com.au/qld/pinjarra-hills/interior-exterior-builders-13292361-listing.html
Complete Interior Projects Pty Ltd,(07) 3161 5114,"Unit 3 / 58 Metroplex Ave, Murarrie QLD 4172",,77124135888,https://www.yellowpages.com.au/qld/murarrie/complete-interior-projects-pty-ltd-15330306-listing.html
DK Commercial Fitouts,0416 728 694,"44 Timbercrest Ch, Charlestown NSW 2290",,64984092894,https://www.yellowpages.com.au/nsw/charlestown/dk-commercial-fitouts-1000001922214-listing.html
Cairns Plasterboard Contractors,(07) 4051 7835,"176 - 178 Aumuller St, Cairns QLD 4870",,46078132199,https://www.yellowpages.com.au/qld/cairns/cairns-plasterboard-contractors-12765719-listing.html
Bourjon Contracting Group,,,,21086720096,https://www.yellowpages.com.au/vic/notting-hill/bourjon-contracting-group-12949263-listing.html
Craftsmen Office Interiors (Vic) Pty Ltd,(03) 9314 9971,"63 Technology Dr, Sunshine West VIC 3020",http://www.craftsmen.com.au,59005670888,https://www.yellowpages.com.au/vic/sunshine-west/craftsmen-office-interiors-vic-pty-ltd-12687101-listing.html
Bruce Interiors and Constructions Pty Ltd,(08) 8338 1818,"214 Glen Osmond Rd, Fullarton SA 5063",http://www.bicpl.com.au,37130642385,https://www.yellowpages.com.au/sa/fullarton/bruce-interiors-and-constructions-pty-ltd-15533625-listing.html
Trinity Quality Interiors Pty Ltd,(02) 9587 2299,"Suite 11/ 11 Forest Rd, Hurstville NSW 2220",http://www.trinityqualityinteriors.com.au,73070559625,https://www.yellowpages.com.au/nsw/hurstville/trinity-quality-interiors-pty-ltd-12200876-listing.html
Profile Interiors,(03) 9568 3811,"U 3 2 Railway Ave, Oakleigh VIC 3166",https://www.profileinteriors.com.au,36142151228,https://www.yellowpages.com.au/vic/oakleigh/profile-interiors-12412903-listing.html
IRM Interiors Pty Ltd,(03) 9603 5111,"392 Victoria St, North Melbourne VIC 3051",http://www.irminteriors.com.au,73068920132,https://www.yellowpages.com.au/vic/north-melbourne/irm-interiors-pty-ltd-12892732-listing.html
Mossop Construction Interiors,,,,52008018540,https://www.yellowpages.com.au/sa/hindmarsh/mossop-construction-interiors-1000002029821-listing.html
A1 Interiors Perth Pty Ltd,0432 106 608,,https://www.facebook.com/a1interiorsperth,14626015629,https://www.yellowpages.com.au/sup/a1-interiors-perth-pty-ltd-1000002131302-listing.html
Custom Interiors Pty Ltd,0425 202 764,"Unit 6 57A Rhodes St, Hillsdale NSW 2036",http://www.custominteriors.com.au,77089983924,https://www.yellowpages.com.au/nsw/hillsdale/custom-interiors-pty-ltd-12948342-listing.html
Instyle Interiors And Construction,0403 915 698,,https://www.iiac.com.au,88652218592,https://www.yellowpages.com.au/sup/instyle-interiors-and-construction-15605486-listing.html
AJ Interiors & Exteriors,0413 352 932,,,29740183938,https://www.yellowpages.com.au/sup/aj-interiors-exteriors-1000002739151-listing.html
Adelco Interiors,(08) 8293 1333,"36 Surrey Rd, Keswick SA 5035",,83007976267,https://www.yellowpages.com.au/sa/keswick/adelco-interiors-12173960-listing.html
Peninsula Office Interiors Pty Ltd,0417 275 814,"24 Career Pl, Narraweena NSW 2099",,32003271029,https://www.yellowpages.com.au/nsw/narraweena/peninsula-office-interiors-pty-ltd-15515368-listing.html
Think Interiors & Designs,0414 707 030,"1 Keele St, Como NSW 2226",,57658953927,https://www.yellowpages.com.au/nsw/como/think-interiors-designs-15770704-listing.html
HONGFA INTERIORS PTY LTD,0470 250 431,"36-38 Dryden St, Campsie NSW 2194",,47627807578,https://www.yellowpages.com.au/nsw/campsie/hongfa-interiors-pty-ltd-1000002777312-listing.html
Black Chalk Homes & Interiors,0411 630 751,"10 Crestview Ct, Rye VIC 3941",,64143229976,https://www.yellowpages.com.au/vic/rye/black-chalk-homes-interiors-1000002856664-listing.html
BHR CEILINGS & INTERIORS PTY LTD,,,,52621610188,https://www.yellowpages.com.au/wa/subiaco/bhr-ceilings-interiors-pty-ltd-1000002920507-listing.html
Coco Interiors,0480 319 952,"6 Sailfish Dr, Mountain Creek QLD 4557",,59715336259,https://www.yellowpages.com.au/qld/mountain-creek/coco-interiors-1000002990159-listing.html
First Impressions Commercial Interiors,(02) 9610 5400,"5 Coonawarra St, Edensor Park NSW 2176",,67188305227,https://www.yellowpages.com.au/nsw/edensor-park/first-impressions-commercial-interiors-12780076-listing.html
Livla Interiors Pty Ltd,0416 115 511,"17 Elbrus St, Seven Hills NSW 2147",,12081583851,https://www.yellowpages.com.au/nsw/seven-hills/livla-interiors-pty-ltd-13041404-listing.html
Bronts Commercial Interiors Pty Ltd,(03) 5141 1122,Maffra VIC 3860,,39097673893,https://www.yellowpages.com.au/vic/maffra/bronts-commercial-interiors-pty-ltd-13092012-listing.html
Inner Part Interiors,(02) 9725 5441,"Unit 1/ 19 Durian Pl, Wetherill Park NSW 2164",,65098604678,https://www.yellowpages.com.au/nsw/wetherill-park/inner-part-interiors-13294138-listing.html
Mi Design Studio,(07) 5576 7118,"11/43 Tallebudgera Creek Rd, Burleigh Heads QLD 4220",https://www.midesignstudio.com.au,33627474168,https://www.yellowpages.com.au/qld/burleigh-heads/mi-design-studio-1000002624736-listing.html
MPG Design Studio,(03) 5562 9443,"182B Lava St, Warrnambool VIC 3280",http://www.mpgdesignstudio.com.au,53253414622,https://www.yellowpages.com.au/vic/warrnambool/mpg-design-studio-1000002660040-listing.html
Raywells Design Studio,(07) 5520 2827,Benowa QLD 4217,http://www.raywells.net,13361836959,https://www.yellowpages.com.au/qld/benowa/raywells-design-studio-15574437-listing.html
Italicherry Design Studio,(03) 5176 5547,"1/20 Hotham St, Traralgon VIC 3844",http://italicherrydesign.com.au,95190328095,https://www.yellowpages.com.au/vic/traralgon/italicherry-design-studio-14058996-listing.html
Golden Oak Furniture Design,(07) 4725 0621,"3/ 315 Bayswater Rd, Garbutt QLD 4814",http://www.goldenoakfurnituredesign.com,93684124407,https://www.yellowpages.com.au/qld/garbutt/golden-oak-furniture-design-11984532-listing.html
CM Furniture Design,0425 711 510,Doncaster VIC 3108,http://www.cmfurnituredesign.com.au,27350650836,https://www.yellowpages.com.au/vic/doncaster/cm-furniture-design-15615039-listing.html
Symbol Furniture Design,0408 566 552,"90 Fairview Dr, Willow Vale QLD 4209",,32193967931,https://www.yellowpages.com.au/qld/willow-vale/symbol-furniture-design-12458455-listing.html
Martin Davis Furniture Design,0417 592 971,"30 McLeod Rd, Waratah Bay VIC 3959",,80424486101,https://www.yellowpages.com.au/vic/waratah-bay/martin-davis-furniture-design-14132561-listing.html
Detour Design Studio,(08) 8232 5500,"133 Wakefield St, Adelaide SA 5000",http://www.detourdesign.net.au,26083216479,https://www.yellowpages.com.au/sa/adelaide/detour-design-studio-12822149-listing.html
Design Studio 22,(02) 6651 4104,"U 4 11 Murdock St, Coffs Harbour NSW 2450",http://www.designstudio22.com.au,30600688248,https://www.yellowpages.com.au/nsw/coffs-harbour/design-studio-22-1000001763666-listing.html
Airlie Tiles & Design Studio,(07) 4948 0068,"12 McIntosh Dr, Cannonvale QLD 4802",http://www.metrotiles.com.au,32305517621,https://www.yellowpages.com.au/qld/cannonvale/airlie-tiles-design-studio-15311357-listing.html
Orange Tree Design Studio,(07) 3208 3052,"10 Coolcrest St, Daisy Hill QLD 4127",http://www.orangetree.com.au,63551267569,https://www.yellowpages.com.au/qld/daisy-hill/orange-tree-design-studio-14089344-listing.html
Product Design Studio,0411 403 079,"42 Kemp St, Thornbury VIC 3071",http://www.productdesignstudio.com,62906692676,https://www.yellowpages.com.au/vic/thornbury/product-design-studio-14537763-listing.html
Dental Design Studio 32,(02) 6652 3242,"176 Pacific Highway, Coffs Harbour NSW 2450",http://www.dentaldesignstudio32.com.au,93149002086,https://www.yellowpages.com.au/nsw/coffs-harbour/dental-design-studio-32-14897732-listing.html
PS Design Studio,0411 133 052,Caulfield North VIC 3161,http://www.psdesignstudio.com,18138353090,https://www.yellowpages.com.au/vic/caulfield-north/ps-design-studio-15420518-listing.html
Inform Design Studio,0479 064 463,Fortitude Valley QLD 4006,http://www.informdesignstudio.com.au,58200378597,https://www.yellowpages.com.au/qld/fortitude-valley/inform-design-studio-1000001964687-listing.html
I AM Design Studio,0438 134 195,"5 Harden Cres, Georges Hall NSW 2198",,47482607178,https://www.yellowpages.com.au/nsw/georges-hall/i-am-design-studio-1000002169164-listing.html
Field Design Studio Pty Ltd,0407 694 644,Dromana VIC 3936,http://www.fielddesignstudio.com.au,36167565086,https://www.yellowpages.com.au/vic/dromana/field-design-studio-pty-ltd-1000002185833-listing.html
Bloomey's Floral Design Studio,(02) 9360 1800,"61-65 Bayswater Rd, Rushcutters Bay NSW 2011",http://bloomeys.net,52809159932,https://www.yellowpages.com.au/nsw/rushcutters-bay/bloomeys-floral-design-studio-1000002255027-listing.html
Prism Design Studio,0431 204 444,Stockton NSW 2295,https://prismdesign.com.au,59191783293,https://www.yellowpages.com.au/nsw/stockton/prism-design-studio-1000002315809-listing.html
Flowers For Everyone Head Design Studio,,,,39606513366,https://www.yellowpages.com.au/nsw/silverwater/flowers-for-everyone-head-design-studio-1000002392525-listing.html
Work.Shop.Dine Design Studio,(08) 6365 4831,"Unit 2/ 87 South Tce, Fremantle WA 6160",http://www.workshopdine.com.au,44064688642,https://www.yellowpages.com.au/wa/fremantle/workshopdine-design-studio-13140478-listing.html
Laimiga Design Studio,0410 412 440,Lower Norton VIC 3401,http://laimiga.com.au,89675236513,https://www.yellowpages.com.au/vic/lower-norton/laimiga-design-studio-1000002189448-listing.html
Footprints Design Studio,0403 422 760,"24 Collinson Wy, Officer VIC 3809",http://www.footprintsdesignstudio.com,70614068677,https://www.yellowpages.com.au/vic/officer/footprints-design-studio-1000002220744-listing.html
DEDA Design Studio,0413 495 718,Mardi NSW 2259,https://www.dedadesignstudio.com,95803156885,https://www.yellowpages.com.au/nsw/mardi/deda-design-studio-1000002228182-listing.html
Coda Design Studio,(02) 9838 9079,,https://codadesignstudio.com,58623760350,https://www.yellowpages.com.au/sup/coda-design-studio-1000002345926-listing.html
Enframe Design Studio,0404 866 895,"38 Oatley Park Ave, Oatley NSW 2223",http://www.enframe.com.au,62546161671,https://www.yellowpages.com.au/nsw/oatley/enframe-design-studio-1000002411336-listing.html
Weber Design Studio,0410 667 822,Merrylands NSW 2160,http://www.weberdesignstudio.com.au,83245028524,https://www.yellowpages.com.au/nsw/merrylands/weber-design-studio-14274147-listing.html
Ilanel Design Studio,(03) 9534 1164,"1/264 Kilda Rd, St Kilda VIC 3182",http://www.ilanel.com,39932921275,https://www.yellowpages.com.au/vic/st-kilda/ilanel-design-studio-14538325-listing.html
Plico Design Studio,0407 633 473,"Level 1 195 Rouse St, Port Melbourne VIC 3207",http://www.plicodesignstudio.com,64479965721,https://www.yellowpages.com.au/vic/port-melbourne/plico-design-studio-15099304-listing.html
Graphic design Studio Melbourne,(02) 8006 0809,,http://www.graphicdesignstudio.com.au,82598662575,https://www.yellowpages.com.au/sup/graphic-design-studio-melbourne-15135728-listing.html
Big Blue Roo Design Studio,0466 341 365,,http://www.bigblueroo.com,61149785768,https://www.yellowpages.com.au/sup/big-blue-roo-design-studio-15233420-listing.html
Carpenter's Body Works Heidelberg,(03) 9459 7400,"667 Waterdale Rd, Heidelberg West VIC 3081",,77359633130,https://www.yellowpages.com.au/vic/heidelberg-west/carpenters-body-works-heidelberg-12235084-listing.html
Scp Works Pty Ltd,0410 598 722,"18 Mcpherson St, Carlton NSW 2218",,92132819982,https://www.yellowpages.com.au/nsw/carlton/scp-works-pty-ltd-14100048-listing.html
Darwin Shopfitting,0421 222 622,,,16616229666,https://www.yellowpages.com.au/nt/palmerston-city/darwin-shopfitting-1000001979281-listing.html?isTopOfList=true&premiumProductId=400005308570
Bendigo Windows,(03) 5444 0391,"24 McDowalls Rd, Bendigo VIC 3550",http://www.bendigowindows.com.au,82007225738,https://www.yellowpages.com.au/vic/bendigo/bendigo-windows-14496244-listing.html
S.O.H. Design & Fitout,(07) 4779 6298,"Unit 2/ 9 Civil Rd, Garbutt QLD 4814",http://www.sohdesign.com.au,96844504831,https://www.yellowpages.com.au/qld/garbutt/soh-design-fitout-13191174-listing.html
Rossco's Shop & Office Fitters,0459 450 490,"Shed 1 5 Bollard St, Portsmith QLD 4870",https://rosscoshop.com.au,86860334038,https://www.yellowpages.com.au/qld/portsmith/rosscos-shop-office-fitters-15382169-listing.html
William Waters Shop Fitters,(03) 9887 1098,"94 Parkhurst Dr, Knoxfield VIC 3180",http://www.williamwaters.com.au,38927859235,https://www.yellowpages.com.au/vic/knoxfield/william-waters-shop-fitters-12441522-listing.html
Winkle Shopfitters Pty Ltd,(08) 8277 5600,"16-26 Weaver St, Edwardstown SA 5039",http://www.winklegroup.com.au,21008048888,https://www.yellowpages.com.au/sa/edwardstown/winkle-shopfitters-pty-ltd-12245945-listing.html
MKC Shopfit,0438 263 743,"2 Hamilton St, North Mackay QLD 4740",http://www.mkcshopfit.com.au,72076332048,https://www.yellowpages.com.au/qld/north-mackay/mkc-shopfit-14857559-listing.html
Lees Rodney Cabinet Making,(02) 6622 2364,"Shed 3/ 23 Skyline Rd, East Lismore NSW 2480",http://www.rodneyleescabinetmaking.com.au,64785055989,https://www.yellowpages.com.au/nsw/east-lismore/lees-rodney-cabinet-making-14527973-listing.html
Office Comforts,(08) 9201 1211,"26 Hutton St, Osborne Park WA 6017",http://www.officecomforts.com.au,11540512270,https://www.yellowpages.com.au/wa/osborne-park/office-comforts-12843976-listing.html
RSF Commercial Interiors Pty Ltd,(02) 6592 0555,"69 Hargreaves Dr, Taree NSW 2430",http://www.rsfcom.com.au,47003664837,https://www.yellowpages.com.au/nsw/taree/rsf-commercial-interiors-pty-ltd-13461393-listing.html
TKO Office Fitouts,(08) 9347 1800,"9 Donovan St, Osborne Park WA 6017",http://www.tkofitouts.com.au,54009238420,https://www.yellowpages.com.au/wa/osborne-park/tko-office-fitouts-15051307-listing.html
Carment Pty Ltd,(02) 4352 2122,Tuggerah NSW 2259,http://www.carment.com.au,26003751791,https://www.yellowpages.com.au/nsw/tuggerah/carment-pty-ltd-13162081-listing.html
Kitchen Creations,(02) 6884 0997,"81 Jenmark Pl, Dubbo NSW 2830",http://www.kitchencreationsdubbo.com.au,26516221242,https://www.yellowpages.com.au/nsw/dubbo/kitchen-creations-14739864-listing.html
Mosc Constructions Pty Ltd,0416 242 610,"44 Chowchilla St, Albany Creek QLD 4035",http://www.moscconstructions.com,61082679687,https://www.yellowpages.com.au/qld/albany-creek/mosc-constructions-pty-ltd-14197075-listing.html
Paramount Shopfitters,(08) 9592 1111,"Unit 1 20 Hurrell Way, Rockingham WA 6168",,97091904853,https://www.yellowpages.com.au/wa/rockingham/paramount-shopfitters-12453291-listing.html
LJ Shop Fitters,0409 646 048,,http://www.ljshopfitters.com.au,26856492641,https://www.yellowpages.com.au/sup/lj-shop-fitters-14957748-listing.html
Quality Shopfitters International,,,,55144011441,https://www.yellowpages.com.au/qld/toowoomba/quality-shopfitters-international-1000002309075-listing.html
James Mansfield Contracting Pty Ltd,0405 576 554,Londonderry NSW 2753,,51165149280,https://www.yellowpages.com.au/nsw/londonderry/james-mansfield-contracting-pty-ltd-1000001726076-listing.html
Bunbury Commercial Shopfitters,(08) 9725 4622,"4 Halifax Dr, Davenport WA 6230",,98821616821,https://www.yellowpages.com.au/wa/davenport/bunbury-commercial-shopfitters-1000002890444-listing.html
Check Fit-Outs,0430 039 059,"9 Pipit Cl, Mango Hill QLD 4509",,96128253145,https://www.yellowpages.com.au/qld/mango-hill/check-fit-outs-14823039-listing.html
Boss Fitouts,0412 000 977,"36 Yarraowee Dr, Nerang QLD 4211",,60411219242,https://www.yellowpages.com.au/qld/nerang/boss-fitouts-14847486-listing.html
Dragon City Cabinet Makers,(03) 5446 2380,"Factory 1 2 129 Victoria St, Eaglehawk VIC 3556",,64515900668,https://www.yellowpages.com.au/vic/eaglehawk/dragon-city-cabinet-makers-12978598-listing.html
Safetybuild Interiors,(02) 4920 7614,Gateshead NSW 2290,http://www.safetybuild.com,70113617575,https://www.yellowpages.com.au/nsw/gateshead/safetybuild-interiors-11860499-listing.html
Barrett Shopfitting,(07) 3376 7400,"16 Forge Cl, Sumner Park QLD 4074",http://www.shopfit.com.au,84093137609,https://www.yellowpages.com.au/qld/sumner-park/barrett-shopfitting-13794382-listing.html
Sizewise,13 1805,,http://www.sizewise.com.au,68009829485,https://www.yellowpages.com.au/sup/sizewise-14099342-listing.html
Shopfittings Sunshine Coast,(07) 5474 9291,"26 Toulambi St, Noosa Heads QLD 4567",http://www.myshopfittings.com,51742035654,https://www.yellowpages.com.au/qld/noosa-heads/shopfittings-sunshine-coast-15378955-listing.html
Select Shopfitting Pty Ltd,(03) 9768 2355,"27 Mickle St, Dandenong South VIC 3175",http://www.selectshopfitting.com.au,15190080869,https://www.yellowpages.com.au/vic/dandenong-south/select-shopfitting-pty-ltd-15099837-listing.html
RMG Commercial Pty Ltd,(07) 5437 3559,"3 Midden Pl, Pelican Waters QLD 4551",,42149634953,https://www.yellowpages.com.au/qld/pelican-waters/rmg-commercial-pty-ltd-13768216-listing.html
Bentley Workspaces Pty Ltd,,,,49633580382,https://www.yellowpages.com.au/tas/hobart/bentley-workspaces-pty-ltd-15314859-listing.html
All Storage Systems,(03) 5822 2133,"29 Drummond Rd, Shepparton VIC 3630",,36649511857,https://www.yellowpages.com.au/vic/shepparton/all-storage-systems-11932202-listing.html
Fitouts Australia,0499 789 789,"Unit 30 5-7 Inglewood Pl, Norwest NSW 2153",https://fitoutsaustralia.com.au,49684292948,https://www.yellowpages.com.au/nsw/norwest/fitouts-australia-1000002978408-listing.html
Jacaranda Industries,(03) 5240 4600,"64-72 Seaside Parade, North Shore VIC 3214",http://www.jacarandaindustries.com,25106571135,https://www.yellowpages.com.au/vic/north-shore/jacaranda-industries-12875849-listing.html
Chapman Joiners Pty Ltd,(07) 3353 0255,"27 Timms Rd, Everton Hills QLD 4053",http://www.chapmanjoiners.com.au,36114179136,https://www.yellowpages.com.au/qld/everton-hills/chapman-joiners-pty-ltd-12054370-listing.html
Acclaim Shopfitting Pty Ltd,(07) 3266 5322,"8 Hungerford St, Northgate QLD 4013",,66062246931,https://www.yellowpages.com.au/qld/northgate/acclaim-shopfitting-pty-ltd-12192332-listing.html
QA Kitchens Pty Ltd,(02) 6040 2007,"909 Metry St, Albury NSW 2640",http://www.qakitchens.com.au,19150622521,https://www.yellowpages.com.au/nsw/albury/qa-kitchens-pty-ltd-1000002169004-listing.html
Murphy's Construction & Maintenance Pty Ltd,(07) 4775 4055,"Unit 3 10 Gurney St, Garbutt QLD 4814",http://www.murphysconstruction.com.au,35126135984,https://www.yellowpages.com.au/qld/garbutt/murphys-construction-maintenance-pty-ltd-12199399-listing.html
Fields Glass & Glazing Pty Ltd,(02) 9680 1900,Castle Hill NSW 2154,http://www.fieldsglassandglazing.net.au,35145102432,https://www.yellowpages.com.au/nsw/castle-hill/fields-glass-glazing-pty-ltd-1000001755546-listing.html
Elite Office Environments,(03) 9555 6244,"Factory 6/ 291 Wickham Rd, Moorabbin VIC 3189",http://www.eliteoffice.com.au,18250728472,https://www.yellowpages.com.au/vic/moorabbin/elite-office-environments-12356894-listing.html
Uprite Constructions Pty Ltd,0418 605 801,Blaxlands Ridge NSW 2758,https://upriteconstructions.com.au,15061853058,https://www.yellowpages.com.au/nsw/blaxlands-ridge/uprite-constructions-pty-ltd-1000002956619-listing.html
Affective Building Services,(02) 9674 3380,"3 Prince William Dr, Seven Hills NSW 2147",http://www.affectivebuilding.com.au,35126380103,https://www.yellowpages.com.au/nsw/seven-hills/affective-building-services-1000002961494-listing.html
Stealth Interiors Pty Ltd,0405 199 523,"Level 26 1-7 Bligh St, Sydney NSW 2000",http://www.stealthinteriors.com.au,36614834936,https://www.yellowpages.com.au/nsw/sydney/stealth-interiors-pty-ltd-1000002258871-listing.html
Hy-Craft Cabinets,(08) 8723 1122,"347 Commercial St West, Mt Gambier SA 5290",,42881668954,https://www.yellowpages.com.au/sa/mt-gambier/hy-craft-cabinets-12708049-listing.html
Woodcraft Cabinets Pty Ltd,(03) 9768 3292,"4/ 23-25 Swift Way, Dandenong South VIC 3175",http://www.woodcraftcabinets.com.au,67631972613,https://www.yellowpages.com.au/vic/dandenong-south/woodcraft-cabinets-pty-ltd-14338323-listing.html
Five Star Cabinets Australia Pty Ltd,(08) 8241 2727,"10 Wilson St, Royal Park SA 5014",,61105506189,https://www.yellowpages.com.au/sa/royal-park/five-star-cabinets-australia-pty-ltd-12180851-listing.html
Aluminium Shopfront Fabrications,(03) 9761 6333,"Factory 4/ 12 Stephenson Rd, Bayswater North VIC 3153",http://www.aluminiumshopfronts.com.au,37073952575,https://www.yellowpages.com.au/vic/bayswater-north/aluminium-shopfront-fabrications-13495843-listing.html
Masterplanners Interiors Pty. Ltd.,(08) 9340 9700,"123 Howe St, Osborne Park WA 6017",http://www.masterplanners.com.au,97008777857,https://www.yellowpages.com.au/wa/osborne-park/masterplanners-interiors-pty-ltd-13240878-listing.html
Revolution Retail Pty Ltd,(07) 3881 2944,"Unit 1/ 12 Hinkler Ct, Brendale QLD 4500",http://www.revretail.com.au,23449336088,https://www.yellowpages.com.au/qld/brendale/revolution-retail-pty-ltd-13341321-listing.html
All Class Joinery Pty Ltd,(08) 8345 3538,"38 Wodonga St, Beverley SA 5009",,26117408572,https://www.yellowpages.com.au/sa/beverley/all-class-joinery-pty-ltd-12285642-listing.html
Arch-System Fabrication P/L,(02) 4577 2900,"Unit 3/ 17 Rob Pl, Vineyard NSW 2765",http://www.archsystem.com.au,72003647998,https://www.yellowpages.com.au/nsw/vineyard/arch-system-fabrication-p-l-14612615-listing.html
Complete Joinery Pty Ltd,(08) 8131 8502,,https://www.completejoineryadelaidehills.com.au,85315134346,https://www.yellowpages.com.au/sa/adelaide/complete-joinery-pty-ltd-1000002260217-listing.html
Regalline Cabinets & Joinery,(07) 4152 3813,"10 Production St, Bundaberg QLD 4670",http://www.regalline.com.au,68011047617,https://www.yellowpages.com.au/qld/bundaberg/regalline-cabinets-joinery-14248635-listing.html
Custombuilt Furnishers,(07) 4152 2800,"4 Activity St, Bundaberg QLD 4670",http://custombuiltfurnishers.com.au,18528826069,https://www.yellowpages.com.au/qld/bundaberg/custombuilt-furnishers-14264946-listing.html
Brian Long Cabinets,0417 769 038,"44 Supply Rd, Edmonton QLD 4869",http://www.brianlongcabinets.com.au,97741122726,https://www.yellowpages.com.au/qld/edmonton/brian-long-cabinets-1000002940064-listing.html
Campbells Kitchen Cabinets,(07) 4774 6888,"16 Northern Link Cct, Shaw QLD 4818",https://campbellskitchens.com.au,33127267556,https://www.yellowpages.com.au/qld/shaw/campbells-kitchen-cabinets-12007038-listing.html
Cloud Cabinetry,0439 117 890,Marshall VIC 3216,https://www.cloudcabinetry.com.au,15878424724,https://www.yellowpages.com.au/vic/marshall/cloud-cabinetry-1000002984735-listing.html
C & R Cabinets,,,https://www.candrcabinets.com.au,92009311906,https://www.yellowpages.com.au/sup/c-r-cabinets-1000002994955-listing.html
Peter Ferrari Furniture & Cabinetmakers,(08) 9459 6029,"12 Orchard Rd, Maddington WA 6109",http://www.ferrarifurniture.com,49066831098,https://www.yellowpages.com.au/wa/maddington/peter-ferrari-furniture-cabinetmakers-13826882-listing.html
The Cabinet Factory,(08) 9584 2392,"Unit 4 6 Thornborough Rd, Mandurah WA 6210",http://www.cabinetfactory.com.au,55723734543,https://www.yellowpages.com.au/wa/mandurah/the-cabinet-factory-14397695-listing.html
Eadie Cabinet Making,0409 601 052,"4-3 Willis Rd, Woolgoolga NSW 2456",,65116521781,https://www.yellowpages.com.au/nsw/woolgoolga/eadie-cabinet-making-15335834-listing.html
Ross Joinery Kitchens Pty Ltd,(07) 4774 5511,"447-451 Bayswater Rd, Garbutt QLD 4814",http://www.rossjoinery.com.au,94009854200,https://www.yellowpages.com.au/qld/garbutt/ross-joinery-kitchens-pty-ltd-14264818-listing.html
Mirko Tomasich,0419 786 736,"Telford St, Earlville QLD 4870",,18104493491,https://www.yellowpages.com.au/qld/earlville/mirko-tomasich-14757864-listing.html
GV Kitchens,0428 866 527s only,"15 Lemnos North Rd, Lemnos VIC 3631",https://www.gvkitchens.com.au,21719490304,https://www.yellowpages.com.au/vic/lemnos/gv-kitchens-12344545-listing.html
Darling Downs Joinery,(07) 2110 7157,"Shd 1/ 15 Rocla Ct, Toowoomba QLD 4350",http://www.darlingdownsjoinery.com.au,19754547127,https://www.yellowpages.com.au/qld/toowoomba/darling-downs-joinery-1000002862511-listing.html
Kitchens Wardrobes Vanities,(08) 8983 2223,"Shed 52 5 Tulagi Rd, Yarrawonga NT 0830",,19125775420,https://www.yellowpages.com.au/nt/yarrawonga/kitchens-wardrobes-vanities-15533766-listing.html
Desire Interiors,0408 975 580,,,96757262933,https://www.yellowpages.com.au/sup/desire-interiors-1000002105738-listing.html
Thomas Ludi-Schutz,,,,72227464451,https://www.yellowpages.com.au/sa/tanunda/thomas-ludi-schutz-12538648-listing.html
KW Kitchens & Interiors,,,,14135582288,https://www.yellowpages.com.au/vic/bendigo/kw-kitchens-interiors-14356592-listing.html
Bourke's Kitchens,(03) 5441 7786,"176 Murphy St, Bendigo VIC 3550",https://www.bourkeskitchens.com.au,41065410620,https://www.yellowpages.com.au/vic/bendigo/bourkes-kitchens-11893831-listing.html
Calabro Joinery,(03) 5153 1874,"175 Bosworth Rd, Bairnsdale VIC 3875",http://www.calabrojoinery.com.au,28177625024,https://www.yellowpages.com.au/vic/bairnsdale/calabro-joinery-1000002292201-listing.html
Kitchens By CCJS,(07) 4031 4911,"11 Muir St, Cairns QLD 4870",http://kitchensbyccjs.com.au,44637609753,https://www.yellowpages.com.au/qld/cairns/kitchens-by-ccjs-13931439-listing.html
Blades Joinery & Construction Pty Ltd,(07) 4633 1415,"21 Mansell Street, Toowoomba QLD 4350",http://www.bladesjoinery.com.au,48074417548,https://www.yellowpages.com.au/qld/toowoomba/blades-joinery-construction-pty-ltd-12983625-listing.html
Regalline Cabinets & Joinery,(07) 4152 3813,"10 Production St, Bundaberg QLD 4670",http://www.regalline.com.au,68011047617,https://www.yellowpages.com.au/qld/bundaberg/regalline-cabinets-joinery-14547672-listing.html
Johnson Home Improvements,(08) 8632 5411,"42 Main Rd, Port Pirie SA 5540",https://www.jhi.com.au,61008066813,https://www.yellowpages.com.au/sa/port-pirie/johnson-home-improvements-11907252-listing.html
Boss Better Living Systems,(02) 6040 2211,"517 Dallinger Rd, Lavington NSW 2641",http://www.bossbetterlivingsystems.com.au,56373831147,https://www.yellowpages.com.au/nsw/lavington/boss-better-living-systems-14215205-listing.html
Merlin Cabinets,(08) 9584 2822,"5 Galbraith Loop, Falcon WA 6210",https://www.merlincabinets.com.au,58743807091,https://www.yellowpages.com.au/wa/falcon/merlin-cabinets-1000002966817-listing.html
Darling Downs Joinery,(07) 4633 1109,"Shd 1/ 15 Rocla Ct, Toowoomba QLD 4350",http://www.darlingdownsjoinery.com.au,19754547127,https://www.yellowpages.com.au/qld/toowoomba/darling-downs-joinery-14280628-listing.html
Custombuilt Furnishers,(07) 4152 2800,"4 Activity St, Bundaberg QLD 4670",http://custombuiltfurnishers.com.au,18528826069,https://www.yellowpages.com.au/qld/bundaberg/custombuilt-furnishers-11868341-listing.html
GV Kitchens,,,,21719490304,https://www.yellowpages.com.au/vic/shepparton/gv-kitchens-1000001673966-listing.html
Rodgers Kitchens Pty Ltd,(03) 6244 6932,"125 Mornington Rd, Mornington TAS 7018",http://www.rodgerskitchens.net.au,23065254284,https://www.yellowpages.com.au/tas/mornington/rodgers-kitchens-pty-ltd-12488182-listing.html
CDCM Kitchens and Bathrooms,(02) 6562 1545,"Cnr Of South and West Sts, South Kempsey NSW 2440",http://www.cdcm.net.au,59788376881,https://www.yellowpages.com.au/nsw/south-kempsey/cdcm-kitchens-and-bathrooms-14902864-listing.html
WD Bryan Joinery House,(03) 6272 3699,"14 Hull St, Glenorchy TAS 7010",http://www.joineryhouse.com.au,85009584936,https://www.yellowpages.com.au/tas/glenorchy/wd-bryan-joinery-house-1000002119950-listing.html
Fine Design Kitchens,(03) 5442 2379,"7 Whip Ct, Long Gully VIC 3550",https://www.finedesignkitchens.au,98007410479,https://www.yellowpages.com.au/vic/long-gully/fine-design-kitchens-12366636-listing.html
RBJ Kitchens & Bathrooms,(02) 6242 6400,,https://www.rbjkitchensandbathrooms.com.au,73662261170,https://www.yellowpages.com.au/act/canberra-city/rbj-kitchens-bathrooms-1000002752987-listing.html
Burleigh Kitchens & Joinery,0431 062 661,"Factory 8 68-70 Township Dr, Burleigh Heads QLD 4220",https://www.burleighkitchens.com,32358724787,https://www.yellowpages.com.au/qld/burleigh-heads/burleigh-kitchens-joinery-14858478-listing.html
Kookaburra Kitchens & Joinery Pty Limited.,,,,46003504809,https://www.yellowpages.com.au/nsw/kurri-kurri/kookaburra-kitchens-joinery-pty-limited-14518573-listing.html
Liberty Kitchens,(03) 5831 2620,"60 Williams Rd, Shepparton VIC 3630",http://www.libertykitchens.com.au,25621507505,https://www.yellowpages.com.au/vic/shepparton/liberty-kitchens-12082212-listing.html
Custom Cabinets Design Pty Ltd,(08) 7905 7164,"11 Anictomatis Rd, Berrimah NT 0828",http://www.ccddesign.com.au,61143718398,https://www.yellowpages.com.au/nt/berrimah/custom-cabinets-design-pty-ltd-12498156-listing.html
Qbic Living,(08) 8373 1088,"79 Unley Rd, Parkside SA 5063",http://www.kitchendesignersadelaide.com.au,11149509642,https://www.yellowpages.com.au/sa/parkside/qbic-living-15449628-listing.html
Designer Living Kitchens,(02) 5525 0800,,,15152610243,https://www.yellowpages.com.au/nsw/wauchope/designer-living-kitchens-1000002116624-listing.html
Elite Kitchens Orange,(02) 6360 0505,"112 Dalton St, Orange NSW 2800",http://elitekitchensorange.com.au,67636016932,https://www.yellowpages.com.au/nsw/orange/elite-kitchens-orange-15713155-listing.html
Phil Lambert's Kitchen & Joinery,(02) 6362 5216,"U 7 8 180 March St, Orange NSW 2800",https://www.pljoinery.com.au,67060290780,https://www.yellowpages.com.au/nsw/orange/phil-lamberts-kitchen-joinery-13310344-listing.html
Kitchens Galore Pty Ltd,(02) 4285 4668,"70-74 Jardine St, Fairy Meadow NSW 2519",http://www.kitchensgalore.com.au,65002843567,https://www.yellowpages.com.au/nsw/fairy-meadow/kitchens-galore-pty-ltd-13186002-listing.html
Scheff's Kitchens & Cabinets,(08) 8345 1451,,http://www.scheffskitchens.com.au,65189560966,https://www.yellowpages.com.au/sa/mile-end/scheffs-kitchens-cabinets-1000002232607-listing.html
Micale Cabinets,(07) 4061 2552,"1 Station St, Innisfail QLD 4860",http://www.micalecabinets.com.au,78624779559,https://www.yellowpages.com.au/qld/innisfail/micale-cabinets-11915779-listing.html
BDN Kitchens & Joinery,(02) 6862 2203,"1B Armstrong St, Parkes NSW 2870",http://www.bdnkitchens.com,50084586643,https://www.yellowpages.com.au/nsw/parkes/bdn-kitchens-joinery-14275771-listing.html
Kelso Kitchens Pty Ltd,(02) 6331 8711,"3 Corporation Ave, Bathurst NSW 2795",http://www.kelsokitchens.com,64002154609,https://www.yellowpages.com.au/nsw/bathurst/kelso-kitchens-pty-ltd-13094983-listing.html
Alternative Kitchens,(07) 5446 8304,,http://www.alternativekitchens.net.au,93589431573,https://www.yellowpages.com.au/sup/alternative-kitchens-15364521-listing.html
Dr Phill's Kitchens & Cabinetry,(02) 9652 1055,Glenorie NSW 2157,https://www.drphill.com.au,88120989040,https://www.yellowpages.com.au/nsw/glenorie/dr-phills-kitchens-cabinetry-15314790-listing.html
All Style Kitchens And Bathrooms,0414 514 573,"Shop 3/ 32 Wyllie St, Thabeban QLD 4670",http://www.allstylekandb.com.au,43101347568,https://www.yellowpages.com.au/qld/thabeban/all-style-kitchens-and-bathrooms-14191064-listing.html
QA Kitchens Pty Ltd,(02) 6040 2007,"909 Metry St, Albury NSW 2640",http://www.qakitchens.com.au,19150622521,https://www.yellowpages.com.au/nsw/albury/qa-kitchens-pty-ltd-14588487-listing.html
Advance Kitchens Pty Ltd,(07) 5491 6822,"13 Enterprise St, Caloundra QLD 4551",http://www.advancekitchens.com.au,48056077091,https://www.yellowpages.com.au/qld/caloundra/advance-kitchens-pty-ltd-12031165-listing.html
Independent Kitchens & Joinery,(02) 6942 3195,"79 Gundagai Rd, Cootamundra NSW 2590",http://www.independentkitchens.com.au,75211441087,https://www.yellowpages.com.au/nsw/cootamundra/independent-kitchens-joinery-11853550-listing.html
Cube Kitchens & Joinery,(03) 6425 4011,"3 Dysons Lane, Ulverstone TAS 7315",https://cubekitchensandjoinery.com.au,64126285149,https://www.yellowpages.com.au/tas/ulverstone/cube-kitchens-joinery-1000002956354-listing.html
Cooloola Coast Cabinets,(07) 5486 2925,"136 Emperor St, Tin Can Bay QLD 4580",http://www.cooloolacoastcabinets.com,98133539020,https://www.yellowpages.com.au/qld/tin-can-bay/cooloola-coast-cabinets-14643851-listing.html
Allens Cabinets Pty Ltd,(07) 4982 1997,"1- 7 Beezley St, Emerald QLD 4720",http://www.allenscabinets.com.au,35127237147,https://www.yellowpages.com.au/qld/emerald/allens-cabinets-pty-ltd-13835901-listing.html
Trubuilt Kitchens and Commercial Joinery,(02) 6494 3161,"5 Toallo St, Pambula NSW 2549",http://www.trubuiltpambula.com.au,55000818959,https://www.yellowpages.com.au/nsw/pambula/trubuilt-kitchens-and-commercial-joinery-14785264-listing.html
Remington Kitchens & Furniture,0402 219 572,"81 Knox St, Goulburn NSW 2580",http://www.remingtonkitchens.com.au,56106892040,https://www.yellowpages.com.au/nsw/goulburn/remington-kitchens-furniture-14571812-listing.html
"Kustom Kitchens, Portland",0407 548 582,"74A Fitzgerald St, Portland VIC 3305",http://www.kustomkitchen.com.au,66627051405,https://www.yellowpages.com.au/vic/portland/kustom-kitchens-portland-14079084-listing.html
KD Stoneworks Pty Ltd,(02) 6947 2933,"156 Fitzroy St, Tumut NSW 2720",https://www.kdstoneworks.com.au,49634403768,https://www.yellowpages.com.au/nsw/tumut/kd-stoneworks-pty-ltd-12496802-listing.html
Saad Kitchens and Joinery,0451 137 788,Bankstown NSW 2200,https://www.saadkitchens.com.au,11608404100,https://www.yellowpages.com.au/nsw/bankstown/saad-kitchens-and-joinery-1000002981571-listing.html
McCully Cabinets & Joinery,(08) 8762 0581,"38 Smith St, Naracoorte SA 5271",,65347742600,https://www.yellowpages.com.au/sa/naracoorte/mccully-cabinets-joinery-14375046-listing.html
Peff Cabinets,(07) 4921 8339,,http://www.peffcabinets.com.au,30879510753,https://www.yellowpages.com.au/qld/rockhampton/peff-cabinets-1000002641359-listing.html
Complete Joinery Pty Ltd,(08) 8131 8502,"8 Piccadilly Rd, Crafers SA 5152",https://www.completejoineryadelaidehills.com.au,85315134346,https://www.yellowpages.com.au/sa/crafers/complete-joinery-pty-ltd-1000002260215-listing.html
Foreshore Kitchens,(07) 5372 9437,"Unit 5 & Unit 6 22-24 Link Cres, Coolum Beach QLD 4573",http://www.foreshorekitchens.com.au,32117471342,https://www.yellowpages.com.au/qld/coolum-beach/foreshore-kitchens-13967868-listing.html
Kingston Kabinets,(08) 1416 3230,"40 Princes Hwy, Kingston Se SA 5275",http://www.kingstonkabinets.com.au,95100123552,https://www.yellowpages.com.au/sa/kingston-se/kingston-kabinets-13227315-listing.html
South Coast Cabinets & Joinery Pty Ltd,(08) 8554 2113,Port Elliot SA 5212,,67064916712,https://www.yellowpages.com.au/sa/port-elliot/south-coast-cabinets-joinery-pty-ltd-1000002942466-listing.html
Carrera Kitchens,(08) 8342 0944,"254 Prospect Rd, Prospect SA 5082",http://www.carrerakitchens.com.au,62073019913,https://www.yellowpages.com.au/sa/prospect/carrera-kitchens-12507931-listing.html
K.I.S Kitchens,0413 222 342,"Unit 4 52 Sunset Ave, Barrack Heights NSW 2528",https://www.kiskitchens.com.au,85383779341,https://www.yellowpages.com.au/nsw/barrack-heights/kis-kitchens-1000002979570-listing.html
Jono's Cabinets,0407 878 675,"116 New West Rd, Port Lincoln SA 5606",https://jonoscabinets.com.au,30499815298,https://www.yellowpages.com.au/sa/port-lincoln/jonos-cabinets-11871879-listing.html
Wagga Kitchen and Wardrobe Centre,(02) 6925 5525,"14 Cheshire St, Wagga Wagga NSW 2650",http://www.waggakitchenandwardrobecentre.com.au,98627181181,https://www.yellowpages.com.au/nsw/wagga-wagga/wagga-kitchen-and-wardrobe-centre-15290179-listing.html
Chris Young's Joinery,(02) 4476 6201,"10 Hopkins Pl, Narooma NSW 2546",http://www.chrisyoungsjoinery.com.au,90050291417,https://www.yellowpages.com.au/nsw/narooma/chris-youngs-joinery-14839991-listing.html
Kitchens And That Pty Ltd,(07) 5530 7745,Mudgeeraba QLD 4213,http://www.kitchensandthat.com,79111614469,https://www.yellowpages.com.au/qld/mudgeeraba/kitchens-and-that-pty-ltd-13357709-listing.html
Warraview Joinery Pty Ltd,(03) 5622 1464,"31 Phoenix St, Warragul VIC 3820",https://go.thryv.com/site/warraviewjoinery,97166739144,https://www.yellowpages.com.au/vic/warragul/warraview-joinery-pty-ltd-15125414-listing.html
Ross Joinery Kitchens Pty Ltd,(07) 4774 5511,"447-451 Bayswater Rd, Garbutt QLD 4814",http://www.rossjoinery.com.au,94009854200,https://www.yellowpages.com.au/qld/garbutt/ross-joinery-kitchens-pty-ltd-14264819-listing.html
Hodgman Kitchens And Cabinets,(03) 6344 5135,"91 Howick St, South Launceston TAS 7249",http://www.hodgmankitchens.com.au,88332921652,https://www.yellowpages.com.au/tas/south-launceston/hodgman-kitchens-and-cabinets-13720345-listing.html
Campbells Kitchen Cabinets,(07) 4774 6888,"16 Northern Link Cct, Shaw QLD 4818",https://campbellskitchens.com.au,33127267556,https://www.yellowpages.com.au/qld/shaw/campbells-kitchen-cabinets-12894715-listing.html
Joinery Co. Australia,(02) 6964 8891,"142 Wakaden St, Griffith NSW 2680",http://www.joineryco.com.au,90610458716,https://www.yellowpages.com.au/nsw/griffith/joinery-co-australia-14122973-listing.html
Evalock Cedar Windows & Doors,(02) 4871 2144,"102 Lyell St, Mittagong NSW 2575",http://www.evalock.com.au,12108334678,https://www.yellowpages.com.au/nsw/mittagong/evalock-cedar-windows-doors-12885427-listing.html?isTopOfList=true&premiumProductId=400004901054
Johnston Joinery,(07) 4035 4208,"113 Newell St, Bungalow QLD 4870",http://www.johnstonjoinery.com.au,12720562109,https://www.yellowpages.com.au/qld/bungalow/johnston-joinery-15417564-listing.html
Davies Joinery,(03) 5460 4600,"61-65 Loch St, Maryborough VIC 3465",http://www.daviesjoinery.com,21330575364,https://www.yellowpages.com.au/vic/maryborough/davies-joinery-14777121-listing.html
Bismac Pty Ltd,(02) 9699 6479,"150 Queen St, Beaconsfield NSW 2015",http://www.bismac.com.au,27001705282,https://www.yellowpages.com.au/nsw/beaconsfield/bismac-pty-ltd-1000002933697-listing.html
Ross Joinery Kitchens Pty Ltd,(07) 4774 5511,"PO Box 145, Aitkenvale QLD 4814",http://www.rossjoinery.com.au,94009854200,https://www.yellowpages.com.au/qld/aitkenvale/ross-joinery-kitchens-pty-ltd-15759350-listing.html
North East Timber Windows & Doors,0455 824 220,"13 Ashmore St, Wangaratta VIC 3677",,79970030967,https://www.yellowpages.com.au/vic/wangaratta/north-east-timber-windows-doors-15024414-listing.html
Facelift For Homes,(03) 9532 2727,,https://faceliftwindows.com.au,94146225416,https://www.yellowpages.com.au/vic/malvern/facelift-for-homes-14962941-listing.html
Diamond Windows,(03) 5221 7088,"14 Dowsett St, South Geelong VIC 3220",http://diamondwindows.yellow.com.au,57211210966,https://www.yellowpages.com.au/vic/south-geelong/diamond-windows-13734532-listing.html
Capeview Windows,(03) 5672 4890,"Cape Paterson Rd, Wonthaggi VIC 3995",http://www.capeviewbuildingproducts.com.au,89005530370,https://www.yellowpages.com.au/vic/wonthaggi/capeview-windows-13411182-listing.html
Carison Bros Pty Ltd,(03) 9469 5360,,https://www.carisonbros.com.au,62004528796,https://www.yellowpages.com.au/vic/melbourne/carison-bros-pty-ltd-14782778-listing.html
Metro Joinery & Carpentry,(03) 9357 9423,"44 Jessica Rd, Campbellfield VIC 3061",http://www.metrowindows.com.au,81409778012,https://www.yellowpages.com.au/vic/campbellfield/metro-joinery-carpentry-14202767-listing.html
Brisbane Window Framing Service,,,,36124334916,https://www.yellowpages.com.au/qld/salisbury/brisbane-window-framing-service-14543864-listing.html
Select Window Installations,(02) 9938 1500,"1/23-25 Carter Rd, Brookvale NSW 2100",https://www.selectwindows.com.au,49125618457,https://www.yellowpages.com.au/nsw/brookvale/select-window-installations-15773929-listing.html
Nicholas Home Improvements,(03) 9532 1757,Moorabbin VIC 3189,http://www.nicholashomeimprovements.com.au,36617698632,https://www.yellowpages.com.au/vic/moorabbin/nicholas-home-improvements-14118544-listing.html
Seaview Joinery,(08) 8349 5930,"17 White Road, Gepps Cross SA 5094",http://www.seaviewjoinery.com.au,85007991666,https://www.yellowpages.com.au/sa/gepps-cross/seaview-joinery-12443657-listing.html
Superior Joinery,(03) 5721 5960,"4-6 Gibson St, Wangaratta VIC 3677",http://superiorjoinery.com.au,81069213878,https://www.yellowpages.com.au/vic/wangaratta/superior-joinery-11888748-listing.html
Hunt's Joinery,0429 704 730,"76 Showground Rd, Taminda NSW 2340",https://huntsjoinery.com,91287492065,https://www.yellowpages.com.au/nsw/taminda/hunts-joinery-1000002091490-listing.html
Watt's Joinery,(02) 4973 5455,"10 Alliance Ave, Morisset NSW 2264",https://wattsjoinery.com.au,74075186355,https://www.yellowpages.com.au/nsw/morisset/watts-joinery-1000002409888-listing.html
Acacia Joinery,(02) 4284 3502,"25 Bellambi Lane, Bellambi NSW 2518",http://www.acaciajoinery.com.au,35297242879,https://www.yellowpages.com.au/nsw/bellambi/acacia-joinery-12109921-listing.html
Trend Windows & Doors Pty Limited,(02) 9840 2000,"44-52 Mandoon Rd, Girraween NSW 2145",http://www.trendwindows.com.au,96000433492,https://www.yellowpages.com.au/nsw/girraween/trend-windows-doors-pty-limited-12245879-listing.html
Preston Windows & Joinery Pty Ltd,1300 651 721,"19 Braithwaite St, Warrnambool VIC 3280",http://www.prestonwindows.com.au,43018817803,https://www.yellowpages.com.au/vic/warrnambool/preston-windows-joinery-pty-ltd-12924846-listing.html
Dengate Joinery,1300 885 417,"28 Arvo Street,, Tamworth NSW 2340",http://www.dengatejoinery.com.au,87254162151,https://www.yellowpages.com.au/nsw/tamworth/dengate-joinery-13260374-listing.html
Stoddarts Windows & Doors,(02) 6372 2299,"16 Industrial Ave, Mudgee NSW 2850",http://www.swdmudgee.com.au,17166765984,https://www.yellowpages.com.au/nsw/mudgee/stoddarts-windows-doors-15440074-listing.html
APS Joinery Pty Ltd,(03) 9729 1212,"25 Edelmaier St, Bayswater North VIC 3153",https://www.apsjoinery.com.au,92152053346,https://www.yellowpages.com.au/vic/bayswater-north/aps-joinery-pty-ltd-15713403-listing.html
Pickering Joinery,(03) 5243 4166,"11 Park St, Belmont VIC 3216",http://www.pickeringwindows.com.au,45164159433,https://www.yellowpages.com.au/vic/belmont/pickering-joinery-11961016-listing.html
Boyds Joinery Works,0412 911 124,"1 Bowser St, Hamilton North NSW 2292",https://boydsjoinery.com.au,25807877192,https://www.yellowpages.com.au/nsw/hamilton-north/boyds-joinery-works-12835247-listing.html
Bakers Joinery,(02) 6562 5455,"10-12 Akubra Pl, Kempsey NSW 2440",http://www.bakersjoinery.com.au,31001148894,https://www.yellowpages.com.au/nsw/kempsey/bakers-joinery-14794214-listing.html
Clayton R. M. Joinery Pty Ltd,(03) 5721 5122,"28- 32 Newman St, Wangaratta VIC 3677",,65687298536,https://www.yellowpages.com.au/vic/wangaratta/clayton-r-m-joinery-pty-ltd-13572857-listing.html
Pacific Joinery Co.,(02) 9436 3582,"25 Dickson Ave, Artarmon NSW 2064",http://www.pacificjoinery.com.au,15490972218,https://www.yellowpages.com.au/nsw/artarmon/pacific-joinery-co-13514387-listing.html
Teal Windows Pty Ltd,(02) 6643 1166,"46- 49 Mulgi Dr, South Grafton NSW 2460",http://www.tealwindows.com.au,14092329309,https://www.yellowpages.com.au/nsw/south-grafton/teal-windows-pty-ltd-14696216-listing.html
Tiana Joinery,(08) 8388 7715,"141 Snelling Rd, Hahndorf SA 5245",http://www.tianajoinery.com.au,93083103726,https://www.yellowpages.com.au/sa/hahndorf/tiana-joinery-15699119-listing.html
Eurotrend Windows & Doors,(03) 6267 2632,"24 Crescent Drv, Margate TAS 7054",http://www.eurotrend.net.au,43344852566,https://www.yellowpages.com.au/tas/margate/eurotrend-windows-doors-14937965-listing.html
Thompsons Joinery,(03) 5821 0438,"145 Channel Rd, Shepparton VIC 3630",http://www.thompsonsjoinery.com.au,22865823774,https://www.yellowpages.com.au/vic/shepparton/thompsons-joinery-12911287-listing.html
Windview Australia,(02) 4722 3104,"Unit 2/ 31-33 Jack Williams Dr, Penrith NSW 2750",https://www.windviewaustralia.com,85594765722,https://www.yellowpages.com.au/nsw/penrith/windview-australia-1000002074539-listing.html
Hamma Joinery,0437 015 625,Bega NSW 2550,,79135437207,https://www.yellowpages.com.au/nsw/bega/hamma-joinery-1000002056441-listing.html
The Joinery Shed,(08) 9758 7454,"Unit 2 18 Auger Way, Margaret River WA 6285",,55361879786,https://www.yellowpages.com.au/wa/margaret-river/the-joinery-shed-14534315-listing.html
Palermo Joinery,(03) 9560 2355,"15 Mcdonalds Lane, Mulgrave VIC 3170",http://www.palermojoinery.com.au,76620111337,https://www.yellowpages.com.au/vic/mulgrave/palermo-joinery-14238989-listing.html
Aspect Windows Pty Ltd,(03) 9768 3944,"16 Healey Rd, Dandenong South VIC 3175",http://www.aspectwindows.com.au,43114857591,https://www.yellowpages.com.au/vic/dandenong-south/aspect-windows-pty-ltd-13991581-listing.html
Statesman Windows,(08) 8345 1911,"879 Port Rd, Cheltenham SA 5014",http://www.states.com.au,67787236464,https://www.yellowpages.com.au/sa/cheltenham/statesman-windows-14657656-listing.html
Bendigo Cedar Sales,(03) 5443 0681,"Factory 2 78 Hattam St, Golden Gully VIC 3555",http://www.bendigocedar.com.au,91075993645,https://www.yellowpages.com.au/vic/golden-gully/bendigo-cedar-sales-15712996-listing.html
Townsend Joinery P/L,,,,34649874070,https://www.yellowpages.com.au/vic/canadian/townsend-joinery-p-l-13331072-listing.html
Cantebury Windows and Doors,(03) 9549 7333,"590 Heatherton Rd, Clayton South VIC 3169",http://www.canterburywindows.com.au,89130653575,https://www.yellowpages.com.au/vic/clayton-south/cantebury-windows-and-doors-14701898-listing.html
ARCHITECTURAL HARDWOOD JOINERY,(02) 4283 2100,"Unit 12 8-10 Pioneer Dr, Woonona NSW 2517",http://www.ahjoinery.com.au,82201375529,https://www.yellowpages.com.au/nsw/woonona/architectural-hardwood-joinery-14893942-listing.html
Fineworx Joinery,0416 041 753,"Unit 2 13 Burnet Rd, Warnervale NSW 2259",,58675926440,https://www.yellowpages.com.au/nsw/warnervale/fineworx-joinery-15365223-listing.html
Timber Windows,(03) 9770 8207,"68 Frankston Gardens Dr, Carrum Downs VIC 3201",http://www.alltimberwindows.com.au,92006632426,https://www.yellowpages.com.au/vic/carrum-downs/timber-windows-15552587-listing.html
Noremac Windows,(03) 9439 6048,"22 Bridge St, Eltham VIC 3095",http://www.noremacwindows.com.au,49079286490,https://www.yellowpages.com.au/vic/eltham/noremac-windows-15559247-listing.html
Shamrock Joinery & Associates Pty Ltd,(02) 4388 5515,"11 Ketch Cl, Fountaindale NSW 2258",http://www.shamrockjoinery.com.au,48601053990,https://www.yellowpages.com.au/nsw/fountaindale/shamrock-joinery-associates-pty-ltd-15572119-listing.html
Paarhammer Pty Ltd,(03) 5368 1999,"53 Haddon Drive, Ballan VIC 3342",http://www.paarhammer.com.au,16079102391,https://www.yellowpages.com.au/vic/ballan/paarhammer-pty-ltd-1000000779447-listing.html
MSW Windows and Doors,0414 167 938,"Unit 14 9 Elite Way, Carrum Downs VIC 3201",http://www.mswwindows.com.au,92634063308,https://www.yellowpages.com.au/vic/carrum-downs/msw-windows-and-doors-1000002298444-listing.html
Longma Joinery,(02) 9898 3698,"27 Muriel Ave, Rydalmere NSW 2116",http://www.longmajoinery.com,16102851132,https://www.yellowpages.com.au/nsw/rydalmere/longma-joinery-12082662-listing.html
All Sash Cords & General Repairs,0414 611 486,"23 Tungara Ave, Croydon Park SA 5008",,82143851457,https://www.yellowpages.com.au/sa/croydon-park/all-sash-cords-general-repairs-13370864-listing.html
J K Windows & Doors,(03) 5231 2340,"55 Hugh Murray Dr, Colac East VIC 3250",,22992575631,https://www.yellowpages.com.au/vic/colac-east/j-k-windows-doors-12394425-listing.html
Forefront Services,(02) 6362 7070,"68 Astill Dr, Orange NSW 2800",http://forefrontservices.com.au,95104180734,https://www.yellowpages.com.au/nsw/orange/forefront-services-15558698-listing.html
Damian Vaughan Joinery,0419 540 838,"28 Andrews St, Hamilton VIC 3300",,30526985701,https://www.yellowpages.com.au/vic/hamilton/damian-vaughan-joinery-13774470-listing.html
Lifestyle Custom Cabinetry - Cardiff Kitchen Cabinets,(02) 4023 2885,"Unit 2/4 Pennant St, Cardiff NSW 2285",http://www.lifestylecustomcabinetry.com,15852502585,https://www.yellowpages.com.au/nsw/cardiff/lifestyle-custom-cabinetry-cardiff-kitchen-cabinets-15725201-listing.html
The Cabinet Factory,(08) 9584 2392,"Unit 4 6 Thornborough Rd, Mandurah WA 6210",http://www.cabinetfactory.com.au,55723734543,https://www.yellowpages.com.au/wa/mandurah/the-cabinet-factory-14397695-listing.html
Custom Cabinets Design Pty Ltd,(08) 7905 7164,"11 Anictomatis Rd, Berrimah NT 0828",http://www.ccddesign.com.au,61143718398,https://www.yellowpages.com.au/nt/berrimah/custom-cabinets-design-pty-ltd-12498156-listing.html
Sublime Custom Cabinetry,(02) 9939 6570,"Unit 19 410 Pittwater Rd, North Manly NSW 2100",,89519063307,https://www.yellowpages.com.au/nsw/north-manly/sublime-custom-cabinetry-15157762-listing.html
Custom Cabinetry by Glenn Bell,0429 132 019,"85 Emu Creek, Strathfieldsaye VIC 3551",,59064330506,https://www.yellowpages.com.au/vic/strathfieldsaye/custom-cabinetry-by-glenn-bell-14672123-listing.html
Custom Built Cabinetry,0410 774 058,,,66012259217,https://www.yellowpages.com.au/sup/custom-built-cabinetry-13839087-listing.html
Knock on Wood Furniture and Cabinetry,0414 488 054,Greensborough VIC 3088,https://www.facebook.com/knockonwoodfurnitureandcabinetry,53308063798,https://www.yellowpages.com.au/vic/greensborough/knock-on-wood-furniture-and-cabinetry-1000001879556-listing.html
Factory Direct Furniture Sales P/L,(03) 5940 4444,"2 6 Venture Way, Pakenham VIC 3810",,43055094981,https://www.yellowpages.com.au/vic/pakenham/factory-direct-furniture-sales-p-l-15400788-listing.html
Fremantle Furniture Factory,(08) 9457 2811,"36 Gympie Way, Willetton WA 6155",,68252134338,https://www.yellowpages.com.au/wa/willetton/fremantle-furniture-factory-12303727-listing.html
BAC Custom Cabinets & Kitchens,(08) 9291 9825,"25 Banksia Rd, Walliston WA 6076",http://www.backitchens.com.au,66366922907,https://www.yellowpages.com.au/wa/walliston/bac-custom-cabinets-kitchens-14592355-listing.html
Benchmark Custom Cabinets,0400 463 940,Coolum Beach QLD 4573,http://www.benchmarkcabinets.com.au,87613354831,https://www.yellowpages.com.au/qld/coolum-beach/benchmark-custom-cabinets-1000002092091-listing.html
Bunbury Custom Cabinets,0411 431 163,"3/ 5 Wallis Rd, Davenport WA 6230",,86187295971,https://www.yellowpages.com.au/wa/davenport/bunbury-custom-cabinets-15582140-listing.html
Custom Edge Cabinets,(03) 9720 2541,"Factory 10/ 172 Canterbury Rd, Bayswater VIC 3153",,37744871240,https://www.yellowpages.com.au/vic/bayswater/custom-edge-cabinets-15399446-listing.html
Binna Burra Custom Cabinets,0412 912 319,"Bay 2 11 Jambali Rd, Port Macquarie NSW 2444",,14275761445,https://www.yellowpages.com.au/nsw/port-macquarie/binna-burra-custom-cabinets-12734101-listing.html
Robertson's Custom Cabinets,(11) 1111 1111,"Unit 4/ 10-14 Yalgar Rd, Kirrawee NSW 2232",,83050097428,https://www.yellowpages.com.au/nsw/kirrawee/robertsons-custom-cabinets-15420865-listing.html
Bulli Custom Cabinets Pty Ltd,(02) 4283 5822,"12 Collins St, Corrimal NSW 2518",,61050612425,https://www.yellowpages.com.au/nsw/corrimal/bulli-custom-cabinets-pty-ltd-1000002889350-listing.html
Stylewise Custom Cabinets,(08) 9472 1221,"Unit 3/ 96 Briggs St, Welshpool WA 6106",,12244076676,https://www.yellowpages.com.au/wa/welshpool/stylewise-custom-cabinets-11953157-listing.html
Geoff England Custom Cabinets Pty Ltd,0424 528 054,Mona Vale NSW 2103,,38098205157,https://www.yellowpages.com.au/nsw/mona-vale/geoff-england-custom-cabinets-pty-ltd-14823720-listing.html
Quality Custom Cabinets,0409 693 434,"50 Mitton Ave, Henley Beach SA 5022",,90152175253,https://www.yellowpages.com.au/sa/henley-beach/quality-custom-cabinets-14971045-listing.html
Forte Custom Cabinets,0438 220 026,,,93529688192,https://www.yellowpages.com.au/sup/forte-custom-cabinets-15388980-listing.html
Caulfield Cabinet Making & Joinery,0417 376 638,Caulfield VIC 3162,http://www.caulfieldcabinets.com.au,60167202136,https://www.yellowpages.com.au/vic/caulfield/caulfield-cabinet-making-joinery-12243963-listing.html
International Cabinet Designs,(08) 9240 9000,"12 Stretton Pl, Balcatta WA 6021",,38121375833,https://www.yellowpages.com.au/wa/balcatta/international-cabinet-designs-12296910-listing.html
Factorie Echuca,(03) 5480 0753,"180 Hare St, Echuca VIC 3564",http://www.factorie.com.au,92906497234,https://www.yellowpages.com.au/vic/echuca/factorie-echuca-1000001898495-listing.html
J J Cabinets Pty Ltd,(02) 4648 0774,"14 Orielton Rd Smeaton Grange, Narellan NSW 2567",,62050060814,https://www.yellowpages.com.au/nsw/narellan/j-j-cabinets-pty-ltd-12462798-listing.html
Waters Excavations Pty Ltd,(03) 5021 2249,,http://www.waterex.com.au,59136965814,https://www.yellowpages.com.au/vic/robinvale/waters-excavations-pty-ltd-1000002328191-listing.html
Burke Industries Pty Ltd,(07) 4613 4222,Toowoomba QLD 4350,https://www.burkeindustries.net,55010719525,https://www.yellowpages.com.au/qld/toowoomba/burke-industries-pty-ltd-15130555-listing.html
Smallmon Brothers Waste & Recycling,(02) 6925 7008,"32 Bomen Rd, Bomen NSW 2650",https://www.smallmonbrotherswaste.com.au,91160179715,https://www.yellowpages.com.au/nsw/bomen/smallmon-brothers-waste-recycling-1000002828607-listing.html
Rose's Liquid Waste,(03) 5422 6018,Kyneton VIC 3444,https://www.rosesliquidwaste.com.au,74007254873,https://www.yellowpages.com.au/vic/kyneton/roses-liquid-waste-12687695-listing.html
Brema Group Pty Ltd,(02) 6262 9772,"36 Aurora Ave, Queanbeyan NSW 2620",http://www.bremagroup.com.au,86128707148,https://www.yellowpages.com.au/nsw/queanbeyan/brema-group-pty-ltd-14838743-listing.html
Skippen's Landscape & Building Supplies,(02) 7908 3203,"3 Perry St, Matraville NSW 2036",https://www.skippens.com.au,86058670509,https://www.yellowpages.com.au/nsw/matraville/skippens-landscape-building-supplies-13550160-listing.html
Burgess Earthmoving P/L,(02) 6921 1750,Wagga Wagga NSW 2650,https://www.burgessearth.com.au,82002974496,https://www.yellowpages.com.au/nsw/wagga-wagga/burgess-earthmoving-p-l-12240559-listing.html
Ecodynamics Group,1300 782 266,Keilor East VIC 3033,https://www.ecodynamics.com.au,16608635490,https://www.yellowpages.com.au/vic/keilor-east/ecodynamics-group-14637352-listing.html
KS Environmental,(03) 9551 7833,"544 Boundary Rd, Dingley VIC 3172",http://www.ksenvironmental.com.au,96004687709,https://www.yellowpages.com.au/vic/dingley/ks-environmental-13624992-listing.html
Olympic Polymers Pty Ltd,(03) 9555 5559,"82 Levanswell Rd, Moorabbin VIC 3189",http://olympicpolymers.com/recycling,60089273898,https://www.yellowpages.com.au/vic/moorabbin/olympic-polymers-pty-ltd-12783382-listing.html
Enviro Pallets Pty Ltd,0413 106 447,"59 Forrester Rd, North St Marys NSW 2760",http://www.enviropallets.com.au,81162914614,https://www.yellowpages.com.au/nsw/north-st-marys/enviro-pallets-pty-ltd-15552337-listing.html
Bayswater Metal Recycling,0468 393 968,"58 Malvern St, Bayswater VIC 3153",http://www.bmetalrecycling.com.au,98681388492,https://www.yellowpages.com.au/vic/bayswater/bayswater-metal-recycling-1000002975306-listing.html
Dan's Metal Recycling,0407 788 931,Holgate NSW 2250,,27521215490,https://www.yellowpages.com.au/nsw/holgate/dans-metal-recycling-14574035-listing.html
Ipswich Metal Recycling,0426 220 912,"Shed 9/ 1 Turley St, Ipswich QLD 4305",https://www.facebook.com/ipswichmetalrecycling,24239730541,https://www.yellowpages.com.au/qld/ipswich/ipswich-metal-recycling-1000001712213-listing.html
Ellsley Metal Recycling,(07) 4783 1841,"41 McCathie St, Ayr QLD 4807",https://www.ellsleymetal.com.au,13126047158,https://www.yellowpages.com.au/qld/ayr/ellsley-metal-recycling-14022471-listing.html
Allscrap Metal Recycling Centre,(02) 9727 2114,"1 Christina Rd, Villawood NSW 2163",https://www.megatrade.com.au,84105076113,https://www.yellowpages.com.au/nsw/villawood/allscrap-metal-recycling-centre-14731105-listing.html
NR Metal Recycling,(08) 9302 5658,"1/ 33 Competition Way, Wangara WA 6065",,43276589497,https://www.yellowpages.com.au/wa/wangara/nr-metal-recycling-1000001712325-listing.html
Wyndham Metal Recycling,0432 427 566,Werribee VIC 3030,https://www.facebook.com/Wyndhammetalrecycling,15767007663,https://www.yellowpages.com.au/vic/werribee/wyndham-metal-recycling-15678789-listing.html
AME Scrap Metal Recycling Pty Ltd,(02) 9773 1329,"99 Carrington St, Revesby NSW 2212",,69135144946,https://www.yellowpages.com.au/nsw/revesby/ame-scrap-metal-recycling-pty-ltd-12567329-listing.html
Wanneroo Metal Recycling,(08) 9309 9556,"22 Buckingham Dr, Wangara WA 6065",http://www.wmrperth.com.au,20440271629,https://www.yellowpages.com.au/wa/wangara/wanneroo-metal-recycling-1000001661566-listing.html
Super Metal Recycling Pty Ltd,(03) 9706 4909,"345 Frankston Dandenong Rd, Dandenong South VIC 3175",http://www.supermetal.com.au,39126563693,https://www.yellowpages.com.au/vic/dandenong-south/super-metal-recycling-pty-ltd-14761995-listing.html
New Life Metal Recycling,0414 587 919,"Lot 4 Riordan Rd, South Innisfail QLD 4860",,76632469615,https://www.yellowpages.com.au/qld/south-innisfail/new-life-metal-recycling-1000002328347-listing.html
MTKL Metal Recycling,(07) 3388 5285,,,67089245979,https://www.yellowpages.com.au/sup/mtkl-metal-recycling-14709590-listing.html
Carpe Diem Scrap Metal & Recycling,0430 431 143,"1/ 32 Collier Ave, Balcatta WA 6021",,60360880642,https://www.yellowpages.com.au/wa/balcatta/carpe-diem-scrap-metal-recycling-15563298-listing.html
GV Scrap Metal Recycling,0466 522 625,Greenvale VIC 3059,,74787837564,https://www.yellowpages.com.au/vic/greenvale/gv-scrap-metal-recycling-1000002929359-listing.html
Beyond Metal Recycling,0427 123 479,"Unit 3 26-28 Abbott Rd, Hallam VIC 3803",,86682837912,https://www.yellowpages.com.au/vic/hallam/beyond-metal-recycling-1000002949513-listing.html
Cash Metal Recycling,(07) 3277 3667,"744 Beaudesert Rd, Rocklea QLD 4106",,13483922536,https://www.yellowpages.com.au/qld/rocklea/cash-metal-recycling-13018695-listing.html
Marx Metal Recycling,(03) 5352 3866,"169 Elizabeth St, Ararat VIC 3377",,95663844246,https://www.yellowpages.com.au/vic/ararat/marx-metal-recycling-13999174-listing.html
Orbit Metal Recycling,0405 982 031,"117 Bourbon Rd, Cranbourne East VIC 3977",,65689584772,https://www.yellowpages.com.au/vic/cranbourne-east/orbit-metal-recycling-1000002994631-listing.html
Australian Metal Recycling Industries Pty Ltd,(02) 9627 4396,"1- 4 Princes St, Riverstone NSW 2765",,35060963331,https://www.yellowpages.com.au/nsw/riverstone/australian-metal-recycling-industries-pty-ltd-12458300-listing.html
Metal Men Recycling - 18 Drovers Place Pakenham,(03) 5941 6677,"18 Drovers Pl, Pakenham VIC 3810",http://www.metalmenrecycling.com.au,46736812039,https://www.yellowpages.com.au/vic/pakenham/metal-men-recycling-18-drovers-place-pakenham-15058242-listing.html
Vic Recycling Metal,0403 938 119,,,81527231829,https://www.yellowpages.com.au/sup/vic-recycling-metal-1000001978492-listing.html
EQ Plastics Pty Ltd,(03) 9792 0356,"16 Egan Rd, Dandenong VIC 3175",,41095557798,https://www.yellowpages.com.au/vic/dandenong/eq-plastics-pty-ltd-14794105-listing.html
Plantic Technologies Ltd,(03) 9353 7900,"51 Burns Rd, Altona VIC 3018",http://www.plantic.com.au,71097524975,https://www.yellowpages.com.au/vic/altona/plantic-technologies-ltd-15711963-listing.html
Ballarat Scrap Metal & Recyclers,(03) 5332 0513,"8-18 Kossuth St, Sebastopol VIC 3356",http://www.ballaratscrapmetals.com.au,20639772821,https://www.yellowpages.com.au/vic/sebastopol/ballarat-scrap-metal-recyclers-14973218-listing.html?isTopOfList=true&premiumProductId=400009623217
Central Metal Recyclers,(08) 9923 3698,"190 Goulds Rd, Narngulu WA 6532",https://www.centralmetalrecyclers.com.au,46918464027,https://www.yellowpages.com.au/wa/narngulu/central-metal-recyclers-1000002886787-listing.html
Lucky's Scrap Metals,(02) 4958 1271,"21 Racecourse Rd, Teralba NSW 2284",http://www.luckysscrapmetal.com.au,52098115747,https://www.yellowpages.com.au/nsw/teralba/luckys-scrap-metals-14111495-listing.html
Daws Road Recycling Centre,(08) 8277 5588,"76 Daws Rd, Edwardstown SA 5039",http://www.recyclingsa.com.au,86599497827,https://www.yellowpages.com.au/sa/edwardstown/daws-road-recycling-centre-14607465-listing.html
ADL Metals Pty Ltd,(02) 9861 0183,"47 Egerton Silverwater 2128, Silverwater NSW 2128",http://www.adlmetals.com.au,71089092811,https://www.yellowpages.com.au/nsw/silverwater/adl-metals-pty-ltd-12003415-listing.html
Bayswater Metal Recycling,0468 393 968,"58 Malvern St, Bayswater VIC 3153",http://www.bmetalrecycling.com.au,98681388492,https://www.yellowpages.com.au/vic/bayswater/bayswater-metal-recycling-1000002975306-listing.html
Rentsch's Metal  Recyclers,(03) 5560 5655,"58 Braithwaite Street, Warrnambool VIC 3280",https://www.rentschs.com.au:8443,68004579864,https://www.yellowpages.com.au/vic/warrnambool/rentschs-metal-recyclers-1000002088714-listing.html
Busby's Recycling,(07) 4632 1003,"377 Taylor St, Wilsonton QLD 4350",http://scrapmetaltoowoomba.com.au,44913103567,https://www.yellowpages.com.au/qld/wilsonton/busbys-recycling-12734393-listing.html
North Western Metal Recyclers,(08) 8645 1251,"6 Oborn St, Whyalla Norrie SA 5608",http://northwesternmetalrecyclers.com.au,65638711205,https://www.yellowpages.com.au/sa/whyalla-norrie/north-western-metal-recyclers-15413459-listing.html
Enviro Scrap Metal Recyclists,(08) 8532 2477,"154-164 Thomas St, Murray Bridge SA 5253",http://www.enviroscrapmetal.com.au,61934911706,https://www.yellowpages.com.au/sa/murray-bridge/enviro-scrap-metal-recyclists-12385933-listing.html
Flint's Rural Supplies,0407 766 703s only,"22/24 Martin St, Coolah NSW 2843",https://www.flintsrural.com.au,36503042851,https://www.yellowpages.com.au/nsw/coolah/flints-rural-supplies-14391968-listing.html
Eccles Scrap Metal,(03) 5562 3227,"6 Watson St, Warrnambool VIC 3280",,75108743844,https://www.yellowpages.com.au/vic/warrnambool/eccles-scrap-metal-15557565-listing.html
Wagga Scrap Metals,(02) 6931 2102,"163-165 Fernleigh Rd, Wagga Wagga NSW 2650",https://www.waggascrapmetals.com.au,38152780900,https://www.yellowpages.com.au/nsw/wagga-wagga/wagga-scrap-metals-12155798-listing.html
Barca Metals,(02) 9725 6411,"24- 28 Childs Rd, Chipping Norton NSW 2170",http://www.barcametals.com.au,98003258419,https://www.yellowpages.com.au/nsw/chipping-norton/barca-metals-12665684-listing.html
Hampshire Recycling,(08) 8264 3139,"24 Pleasant Gr, Holden Hill SA 5088",http://www.hampshirerecycling.com.au,61051872434,https://www.yellowpages.com.au/sa/holden-hill/hampshire-recycling-14189663-listing.html
Shoe-Steel Pty Ltd,(07) 4151 4214,"2 Scotland St, Bundaberg East QLD 4670",https://shoesteel.com.au,73010064294,https://www.yellowpages.com.au/qld/bundaberg-east/shoe-steel-pty-ltd-14322293-listing.html
Scrapped For Cash,(02) 4973 3220,"45 Advantage Ave, Morisset NSW 2264",https://www.scrappedforcash.com.au,30610902386,https://www.yellowpages.com.au/nsw/morisset/scrapped-for-cash-13834578-listing.html
Australian Recycling Group,(08) 9452 8822,"12 Church Rd, Maddington WA 6109",,37116318793,https://www.yellowpages.com.au/wa/maddington/australian-recycling-group-12795445-listing.html
Orana Wool,(02) 6882 5666,"21L Gilgandra Rd, Dubbo NSW 2830",https://www.facebook.com/oranawoolscrapmetal,11876482100,https://www.yellowpages.com.au/nsw/dubbo/orana-wool-11943986-listing.html
Dan's Metal Recycling,0407 788 931,Holgate NSW 2250,,27521215490,https://www.yellowpages.com.au/nsw/holgate/dans-metal-recycling-14574035-listing.html
Geraldton Scrap Metal,0429 800 049,"36 Boyd St, Webberton WA 6530",http://www.geraldtonscrapmetal.com.au,80217452827,https://www.yellowpages.com.au/wa/webberton/geraldton-scrap-metal-14755786-listing.html
Bass Coast Car Removals,(03) 5678 2002,,https://basscoastcarremovals.com.au,42028236138,https://www.yellowpages.com.au/vic/wonthaggi/bass-coast-car-removals-1000002239724-listing.html
Rockhampton Metal Recyclers,0407 139 392,"256 Lion Creek Rd, West Rockhampton QLD 4700",http://www.rockhamptonmetalrecyclers.com.au,93100710610,https://www.yellowpages.com.au/qld/west-rockhampton/rockhampton-metal-recyclers-1000000746708-listing.html
Byrnes Crane & Tilt Tray Hire,0439 400 248,St Georges Basin NSW 2540,,37308735692,https://www.yellowpages.com.au/nsw/st-georges-basin/byrnes-crane-tilt-tray-hire-14580539-listing.html
Ipswich Metal Recycling,0426 220 912,"Shed 9/ 1 Turley St, Ipswich QLD 4305",https://www.facebook.com/ipswichmetalrecycling,24239730541,https://www.yellowpages.com.au/qld/ipswich/ipswich-metal-recycling-1000001712213-listing.html
West Coast Metals Recycling PTY LTD,(08) 9248 2207,"22 Crocker Dr, Malaga WA 6090",https://www.westcoastmetals.com.au,93614821395,https://www.yellowpages.com.au/wa/malaga/west-coast-metals-recycling-pty-ltd-13052857-listing.html
Metal Men Recycling - 18 Drovers Place Pakenham,(03) 5941 6677,"18 Drovers Pl, Pakenham VIC 3810",http://www.metalmenrecycling.com.au,46736812039,https://www.yellowpages.com.au/vic/pakenham/metal-men-recycling-18-drovers-place-pakenham-15058242-listing.html
Future Metals Recycling,1300 172 727,"194 - 204 Ordish Rd, Dandenong South VIC 3175",http://www.futuremetals.com.au,83129407790,https://www.yellowpages.com.au/vic/dandenong-south/future-metals-recycling-14336775-listing.html
Blacktown Towing,(02) 9838 7388,"41 Lucas Rd, Seven Hills NSW 2147",http://www.blacktowntowing.com.au,54799162830,https://www.yellowpages.com.au/nsw/seven-hills/blacktown-towing-14848453-listing.html
King Scrap Metals,(08) 6150 9424,"29 Truganina Rd, Malaga WA 6090",http://www.kingscrapmetals.com.au,32608068551,https://www.yellowpages.com.au/wa/malaga/king-scrap-metals-15773770-listing.html
Haggarty Group QLD Pty Ltd,(07) 3281 8144,"347- 349 Brisbane St, West Ipswich QLD 4305",http://www.haggarty.com.au/services.php?pag_id=15,62142220184,https://www.yellowpages.com.au/qld/west-ipswich/haggarty-group-qld-pty-ltd-12937892-listing.html
Fox Contractors,0408 813 542,Murray Bridge SA 5253,https://www.foxcontractors.com.au,89907357354,https://www.yellowpages.com.au/sa/murray-bridge/fox-contractors-15388850-listing.html
Normetals Pty Ltd,(08) 8240 0066,"255 Grand Junction Rd, Ottoway SA 5013",http://normetals.com.au,57008035130,https://www.yellowpages.com.au/sa/ottoway/normetals-pty-ltd-11931112-listing.html
Coastal Scrap Car,0455 033 133,Erina NSW 2250,http://www.coastalscrapcar.com.au,92647971926,https://www.yellowpages.com.au/nsw/erina/coastal-scrap-car-15578001-listing.html
Complete Metal & Waste Industries,(02) 9531 8961,"38 York Rd, Ingleburn NSW 2565",http://completemetal.com.au,31081814397,https://www.yellowpages.com.au/nsw/ingleburn/complete-metal-waste-industries-14065119-listing.html
Amit Metals Pty. Ltd,0423 335 376,"33 Green St, Doveton VIC 3177",https://www.amitmetals.com.au,58124577653,https://www.yellowpages.com.au/vic/doveton/amit-metals-pty-ltd-15507943-listing.html
Shine Motor Corporation Pty Ltd,0435 135 080,"8 Noonan Rd, Ingleburn NSW 2565",http://www.shinemotor.com.au,96167579179,https://www.yellowpages.com.au/nsw/ingleburn/shine-motor-corporation-pty-ltd-15431232-listing.html
Norstar Steel Recyclers,0409 183 803,"191-205 Dohertys Rd, Laverton North VIC 3026",http://www.norstar.com.au,37125250151,https://www.yellowpages.com.au/vic/laverton-north/norstar-steel-recyclers-1000001680129-listing.html
Benedict Recycling Belrose,(02) 9986 3500,Belrose NSW 2085,https://www.benedict.com.au/locations/belrose-waste-management-recycling-centre,46001926503,https://www.yellowpages.com.au/nsw/belrose/benedict-recycling-belrose-1000002951830-listing.html
Ezy Waste n Recycle,1300 305 776,"59-61 South St, South Kempsey NSW 2440",https://www.ezygroupservices.com.au,91101047625,https://www.yellowpages.com.au/nsw/south-kempsey/ezy-waste-n-recycle-15354657-listing.html
Speedie Waste Pty Ltd,(03) 9305 2265,"29 Halley Ct, Campbellfield VIC 3061",http://www.speediewaste.com.au,90623113708,https://www.yellowpages.com.au/vic/campbellfield/speedie-waste-pty-ltd-13305921-listing.html
Mansfield Bins & Skips,0407 500 711,"167 Monkey Gully Rd, Mansfield VIC 3722",https://www.facebook.com/mansfieldskipsvic,33100888211,https://www.yellowpages.com.au/vic/mansfield/mansfield-bins-skips-13189639-listing.html
Coral Coast Plumbing,(08) 9262 3725,"428 Robinson St, Carnarvon WA 6701",https://www.coralcoastplumbing.com.au,40236277636,https://www.yellowpages.com.au/wa/carnarvon/coral-coast-plumbing-15765725-listing.html
A West Bin,(08) 9248 9196,"394 Victoria Rd, Malaga WA 6090",http://www.westbin.com.au,22537497634,https://www.yellowpages.com.au/wa/malaga/a-west-bin-12247498-listing.html
Blue Bins Waste Pty Ltd & Kangaroo Bin Hire Pty Ltd,(08) 8376 7744,,http://www.bluebins.com.au,16098413239,https://www.yellowpages.com.au/sa/glenelg/blue-bins-waste-pty-ltd-kangaroo-bin-hire-pty-ltd-15546229-listing.html
Ezy Waste Skips,1300 305 776,"51-61 South St, South Kempsey NSW 2440",https://www.ezygroupservices.com.au,91101047625,https://www.yellowpages.com.au/nsw/south-kempsey/ezy-waste-skips-15358787-listing.html
Wheelie Waste Pty Ltd,1800 999 690,"224 Allansford Wangoom Rd, Allansford VIC 3277",http://www.wheeliewaste.com.au,68058653802,https://www.yellowpages.com.au/vic/allansford/wheelie-waste-pty-ltd-13155143-listing.html
South Gippsland Skip Bins,(03) 5662 0001,Leongatha VIC 3953,http://www.southgippslandskipbins.com.au,78697189175,https://www.yellowpages.com.au/vic/leongatha/south-gippsland-skip-bins-14387998-listing.html
Bin King Skip Hire,0428 648 600,,https://binkingskiphire.com.au,26056931116,https://www.yellowpages.com.au/qld/maryborough/bin-king-skip-hire-1000002296727-listing.html
JR Richards & Sons,,,,71147423481,https://www.yellowpages.com.au/nsw/tamworth/jr-richards-sons-11875962-listing.html
Eastern Recycling,1300 889 582,"22 Palmerston Road West, Ringwood VIC 3134",http://www.easternrecycling.com.au,61018551950,https://www.yellowpages.com.au/vic/ringwood/eastern-recycling-12332454-listing.html
Bay Waste,,,,67351445372,https://www.yellowpages.com.au/nsw/billinudgel/bay-waste-12887826-listing.html
Northern Rivers Waste,1300 878 387,"313 Wyrallah Rd, Lismore NSW 2480",https://northernriverswaste.com.au,60080932837,https://www.yellowpages.com.au/nsw/lismore/northern-rivers-waste-12215457-listing.html
Solo Resource Recovery,(02) 6674 7647,Chinderah NSW 2487,http://www.solo.com.au,62398515816,https://www.yellowpages.com.au/nsw/chinderah/solo-resource-recovery-14417828-listing.html
Southern Waste Solutions,(02) 6225 3770,"129 Derwent Park Rd, Derwent Park TAS 7009",http://www.swstas.com.au,87928486460,https://www.yellowpages.com.au/tas/derwent-park/southern-waste-solutions-12108190-listing.html
Kwik Tip Bins,(03) 5144 3900,"1 Wellington Park Way, Sale VIC 3850",http://www.kwiktipbins.com.au,57162315095,https://www.yellowpages.com.au/vic/sale/kwik-tip-bins-13776847-listing.html
Sorted Waste,,,,78574368529,https://www.yellowpages.com.au/nsw/south-golden-beach/sorted-waste-1000002132156-listing.html
Mornington Park Waste Transfer Station,(03) 6282 3200,"126 Mornington, Mornington TAS 7018",http://www.morningtonparkwaste.com.au,62092690849,https://www.yellowpages.com.au/tas/mornington/mornington-park-waste-transfer-station-12013528-listing.html
S.A. Oil Recovery,(08) 8281 8703,,https://www.saoilrecovery.com.au,40000805425,https://www.yellowpages.com.au/sup/sa-oil-recovery-14681566-listing.html
Recycle Solutions,0426 470 680,Altona VIC 3018,,70565849086,https://www.yellowpages.com.au/vic/altona/recycle-solutions-1000001714569-listing.html
Westvic Waste And Recyling,(03) 5561 3133,"3 Hammond Pl, Warrnambool VIC 3280",http://www.westvicwaste.com,32153678801,https://www.yellowpages.com.au/vic/warrnambool/westvic-waste-and-recyling-15768131-listing.html
GuardAway Bin Hire,(03) 6331 9331,"37 Killafaddy Rd, St Leonards TAS 7250",http://www.guardaway.com.au,77875259501,https://www.yellowpages.com.au/tas/st-leonards/guardaway-bin-hire-15583565-listing.html
Smiles Garden Bags,0402 511 575,Douglas QLD 4814,http://www.smilesgardenbags.com.au,51681296319,https://www.yellowpages.com.au/qld/douglas/smiles-garden-bags-13399946-listing.html
Ampeg Rubbish Removal,0459 791 491,"79 Birdwood Rd, Holland Park West QLD 4121",https://www.ampegrubbishremoval.com.au/#,81979301977,https://www.yellowpages.com.au/qld/holland-park-west/ampeg-rubbish-removal-1000002378967-listing.html
Southern Mini Skips,0420 804 805,"13 Buchanan Ct, Hindmarsh Valley SA 5211",https://www.southernminiskips.com,62359567565,https://www.yellowpages.com.au/sa/hindmarsh-valley/southern-mini-skips-15364048-listing.html
WM Waste Management Services,,,,69897425789,https://www.yellowpages.com.au/vic/boronia/wm-waste-management-services-12897525-listing.html
Sun City Skips,(07) 4728 5878,"1 Reward Crst, Bohle QLD 4818",https://suncityskips.com.au,92621556983,https://www.yellowpages.com.au/qld/bohle/sun-city-skips-13693329-listing.html
Perth Bin Hire,(08) 9378 4411,"11-13 Duffy St, Bayswater WA 6053",http://www.perthbinhire.com.au,86647609818,https://www.yellowpages.com.au/wa/bayswater/perth-bin-hire-14499290-listing.html
SA Skips,(08) 8327 1494,"35 Grove Ave, Marleston SA 5033",http://www.wasteawaysaskips.com.au,65135983106,https://www.yellowpages.com.au/sa/marleston/sa-skips-14212558-listing.html
S.A. Waste Management Pty Ltd,1300 163 646,"10 Donegal Rd, Lonsdale SA 5160",http://www.sawaste.com.au,13051282538,https://www.yellowpages.com.au/sa/lonsdale/sa-waste-management-pty-ltd-12894595-listing.html
Geelong Budget Bin Hire,0418 334 966,Geelong VIC 3220,http://www.geelongbudgetbinhire.com,26331876862,https://www.yellowpages.com.au/vic/geelong/geelong-budget-bin-hire-14040230-listing.html
Small Bins,(08) 9248 4955,"394 Victoria Rd, Malaga WA 6090",https://www.smallbins.com.au,22537497634,https://www.yellowpages.com.au/wa/malaga/small-bins-15010131-listing.html
Local Boys,0432 194 743,Warragul VIC 3820,https://www.localskips.net.au,42166565573,https://www.yellowpages.com.au/vic/warragul/local-boys-1000001749113-listing.html
All Bulk Waste,(08) 8382 8618,"12 Christie Rd, Lonsdale SA 5160",http://www.allbulkwaste.com.au,45733728758,https://www.yellowpages.com.au/sa/lonsdale/all-bulk-waste-12145920-listing.html
Aus Skips,0418 790 274,"13 Landsborough Cl, Westdale NSW 2340",http://www.ausskips.com.au,71604565573,https://www.yellowpages.com.au/nsw/westdale/aus-skips-14688825-listing.html
Garden Gully Bin Hire,0419 117 238,Bendigo VIC 3550,,89206903552,https://www.yellowpages.com.au/vic/bendigo/garden-gully-bin-hire-15742181-listing.html
Scottys Skip Bins,0412 198 287,Clunes NSW 2480,,97421577882,https://www.yellowpages.com.au/nsw/clunes/scottys-skip-bins-1000002135956-listing.html
Bundy Skip Bins,0428 988 093,"68 Townsons Rd, Welcome Creek QLD 4670",,39151729583,https://www.yellowpages.com.au/qld/welcome-creek/bundy-skip-bins-14343373-listing.html
Mams Plant Hire Pty Ltd,(07) 4776 5055,"21 Challands St, Ingham QLD 4850",,55011001308,https://www.yellowpages.com.au/qld/ingham/mams-plant-hire-pty-ltd-12435638-listing.html
Trashaway,(03) 6245 0450,"6 Mcintyre St, Mornington TAS 7018",https://www.trashaway.net.au,47161610124,https://www.yellowpages.com.au/tas/mornington/trashaway-1000002262058-listing.html
Toowoomba Paper Recyclers,0459 274 733,"15 Thackeray St, Toowoomba QLD 4350",https://www.toowoombapaperrecyclers.com.au,24293742842,https://www.yellowpages.com.au/qld/toowoomba/toowoomba-paper-recyclers-14770903-listing.html
Recycled Concrete Products,(02) 4340 0733,Gosford NSW 2250,http://www.recycledconcrete.com.au,28165043434,https://www.yellowpages.com.au/nsw/gosford/recycled-concrete-products-15321993-listing.html
North Queensland Recycling Agents,(07) 2145 7225,"27 Federation St, Bungalow QLD 4870",http://www.nqrecycling.com.au,48463630514,https://www.yellowpages.com.au/qld/bungalow/north-queensland-recycling-agents-12170674-listing.html
Burke Industries Pty Ltd,(07) 4613 4222,"60 Condamine St, Toowoomba QLD 4350",https://www.burkeindustries.net,55010719525,https://www.yellowpages.com.au/qld/toowoomba/burke-industries-pty-ltd-15477629-listing.html
Smallmon Brothers Waste & Recycling,(02) 6925 7008,"32 Bomen Rd, Bomen NSW 2650",https://www.smallmonbrotherswaste.com.au,91160179715,https://www.yellowpages.com.au/nsw/bomen/smallmon-brothers-waste-recycling-1000002828343-listing.html
North Shore Cement & Sand Pty Ltd,(02) 9948 3905,"20 Roseberry St, Balgowlah NSW 2093",https://www.northshorecementandsand.com.au,19000594310,https://www.yellowpages.com.au/nsw/balgowlah/north-shore-cement-sand-pty-ltd-13887563-listing.html
Ezy Waste n Recycle,1300 305 776,"59-61 South St, South Kempsey NSW 2440",https://www.ezygroupservices.com.au,91101047625,https://www.yellowpages.com.au/nsw/south-kempsey/ezy-waste-n-recycle-1000002917507-listing.html
Acacia Park Enterprises,(02) 6774 8977,"13 Myrtle Dr, Armidale NSW 2350",https://ascentgroup.org.au,54059901512,https://www.yellowpages.com.au/nsw/armidale/acacia-park-enterprises-14053130-listing.html
ATZ Scrap Metal,(03) 9961 4760,"24 Stephenson Rd, Seaford VIC 3198",https://www.facebook.com/pages/category/Waste-Management-Company/ATZ-auto-wrecker-and-Scrap-metal-113490790388117,74641339031,https://www.yellowpages.com.au/vic/seaford/atz-scrap-metal-1000002930411-listing.html
Agritract (NSW) Pty Ltd,0421 289 986,"PO Box 181, Camden NSW 2570",https://www.agritract.com.au,47128380932,https://www.yellowpages.com.au/nsw/camden/agritract-nsw-pty-ltd-1000002203992-listing.html
Central Queensland Container Refund,(07) 4926 1333,"306 Alexandra St, Kawana QLD 4701",https://cqcr.au,95636812041,https://www.yellowpages.com.au/qld/kawana/central-queensland-container-refund-1000002853648-listing.html
Wren Oil,(08) 9726 0659,"157 Harris Rd, Picton WA 6229",http://www.wrenoil.com.au,91275071859,https://www.yellowpages.com.au/wa/picton/wren-oil-13939079-listing.html
Shoe-Steel Pty Ltd,(07) 4151 4214,"2 Scotland St, Bundaberg East QLD 4670",https://shoesteel.com.au,73010064294,https://www.yellowpages.com.au/qld/bundaberg-east/shoe-steel-pty-ltd-14322294-listing.html
Waste Converters Recycling Pty Ltd,(03) 9799 1935,"185 Westernport Hwy, Dandenong South VIC 3175",http://www.wasteconverters.com.au,50862683811,https://www.yellowpages.com.au/vic/dandenong-south/waste-converters-recycling-pty-ltd-14917020-listing.html
Beutel Oughtred Sons Pty Ltd,(07) 4638 4438,"38-72 Griffiths St, Harlaxton QLD 4350",,86113614396,https://www.yellowpages.com.au/qld/harlaxton/beutel-oughtred-sons-pty-ltd-13005983-listing.html
Karratha Environmental Crushing,0420 588 518,Karratha WA 6714,,32140078431,https://www.yellowpages.com.au/wa/karratha/karratha-environmental-crushing-15035948-listing.html
Glass Recovery Services,(03) 9309 8244,"82-88 Maffra St, Coolaroo VIC 3048",http://www.glassrecovery.com.au,13130869920,https://www.yellowpages.com.au/vic/coolaroo/glass-recovery-services-14684788-listing.html
Smallmon Brothers Waste,0419 983 630s only,Wagga Wagga NSW 2650,https://www.smallmonbrotherswaste.com.au,91160179715,https://www.yellowpages.com.au/nsw/wagga-wagga/smallmon-brothers-waste-15582741-listing.html
Wally's Bottleyard & Recycling Centre,(08) 8532 1860,"12 Thelda St, Murray Bridge SA 5253",http://www.wallysbottleyard.com.au,83572351959,https://www.yellowpages.com.au/sa/murray-bridge/wallys-bottleyard-recycling-centre-14779304-listing.html
Busby's Recycling,(07) 4632 1003,"377 Taylor St, Wilsonton QLD 4350",http://scrapmetaltoowoomba.com.au,44913103567,https://www.yellowpages.com.au/qld/wilsonton/busbys-recycling-11938466-listing.html
SCCCR Quarries,(02) 4421 7766,,,76095243584,https://www.yellowpages.com.au/sup/scccr-quarries-13742141-listing.html
Ecodynamics Group,1300 782 266,Keilor East VIC 3033,https://www.ecodynamics.com.au,16608635490,https://www.yellowpages.com.au/vic/keilor-east/ecodynamics-group-14637352-listing.html
KS Environmental,(03) 9551 7833,"544 Boundary Rd, Dingley VIC 3172",http://www.ksenvironmental.com.au,96004687709,https://www.yellowpages.com.au/vic/dingley/ks-environmental-13624992-listing.html
Secura Bags,1800 757 000,"Unit 5/ 33 Phillips Rd, Kogarah NSW 2217",http://www.securabags.com.au,53110445906,https://www.yellowpages.com.au/nsw/kogarah/secura-bags-1000001788408-listing.html
Scanline,(02) 9627 6600,"55 Princes St, Riverstone NSW 2765",https://scanlineoil.com.au/used-cooking-oil-collection-service,96137319987,https://www.yellowpages.com.au/nsw/riverstone/scanline-12059276-listing.html
Greenaway Bins Pty Ltd,1300 033 606,"PO Box 279, Epsom VIC 3551",http://greenawaybins.com.au,77134664663,https://www.yellowpages.com.au/vic/epsom/greenaway-bins-pty-ltd-13747541-listing.html
Wide Bay Capricorn Battery Recyclers,(07) 4151 4600,Bundaberg North QLD 4670,http://www.wbcbatteryrecyclers.com.au,35089349057,https://www.yellowpages.com.au/qld/bundaberg-north/wide-bay-capricorn-battery-recyclers-14567837-listing.html
Newcastle Rubbish Removal Service,0407 794 769,Mayfield West NSW 2304,http://www.newcastlerubbish.com.au,47737290403,https://www.yellowpages.com.au/nsw/mayfield-west/newcastle-rubbish-removal-service-14163232-listing.html
Challenge Recycling Narrabri,,,,17059209675,https://www.yellowpages.com.au/nsw/narrabri/challenge-recycling-narrabri-12312483-listing.html
Aroundagain,(03) 5021 0739,"13 Scherger Dr, Mildura VIC 3500",http://aroundagain.com.au,68554592464,https://www.yellowpages.com.au/vic/mildura/aroundagain-13003808-listing.html
Solo Resource Recovery,(02) 6674 7656,"86- 88 Chinderah Bypa, Chinderah NSW 2487",http://www.solo.com.au,62398515816,https://www.yellowpages.com.au/nsw/chinderah/solo-resource-recovery-15527942-listing.html
Bull Bros Earthmoving,(08) 8762 0762,,https://www.bullbros.com.au,54128231470,https://www.yellowpages.com.au/sup/bull-bros-earthmoving-15107244-listing.html
Allscrap Metal Recycling Centre,(02) 9727 2114,"1 Christina Rd, Villawood NSW 2163",https://www.megatrade.com.au,84105076113,https://www.yellowpages.com.au/nsw/villawood/allscrap-metal-recycling-centre-14731112-listing.html
Transpacific Cleanaway,13 1339,,http://www.transpacific.com.au,79000164938,https://www.yellowpages.com.au/sup/transpacific-cleanaway-15502759-listing.html
Melbourne VIP Cash For Cars,0437 773 905,"Unit 3 2 Lace St, Eumemmerring VIC 3177",https://melbournevipcashforcars.com.au,51624175097,https://www.yellowpages.com.au/vic/eumemmerring/melbourne-vip-cash-for-cars-1000002254191-listing.html
Australian Paper Recycling,1300 363 033,,http://www.shred-x.com.au,44123767153,https://www.yellowpages.com.au/sup/australian-paper-recycling-12196590-listing.html
The Enterprise Centre - A Division of Mai-Wel,(02) 4932 8599,"115A South St, Telarah NSW 2320",http://www.maiwel.com.au/BusinessesProducts/ENT,88060661476,https://www.yellowpages.com.au/nsw/telarah/the-enterprise-centre-a-division-of-mai-wel-14820578-listing.html
Kenney-Pierce Timber,0438 622 181,"34 Lighthorse Dr, Seymour VIC 3660",http://www.kenneypierce.com.au,32006930258,https://www.yellowpages.com.au/vic/seymour/kenney-pierce-timber-15422769-listing.html
Hart Recycling,(03) 9315 3577,"90-92 Boundary Rd, Sunshine West VIC 3020",http://www.hartrecycling.com.au,59166025789,https://www.yellowpages.com.au/vic/sunshine-west/hart-recycling-12826360-listing.html
Wyndham Metal Recycling,0432 427 566,Werribee VIC 3030,https://www.facebook.com/Wyndhammetalrecycling,15767007663,https://www.yellowpages.com.au/vic/werribee/wyndham-metal-recycling-15678789-listing.html
All Cash For Car,0412 293 176,"14 Kingston Ave, Narre Warren South VIC 3805",https://allcashforcar.com,92626533122,https://www.yellowpages.com.au/vic/narre-warren-south/all-cash-for-car-1000002909835-listing.html
Nationwide Connect PL (PVC) Recyclers,(03) 9408 4414,,http://www.nwcrecycling.com.au,93069103260,https://www.yellowpages.com.au/sup/nationwide-connect-pl-pvc-recyclers-12611293-listing.html
Smallmon Brothers Waste & Recycling,(02) 6925 7008,"32 Bomen Rd, Bomen NSW 2650",https://www.smallmonbrotherswaste.com.au,91160179715,https://www.yellowpages.com.au/nsw/bomen/smallmon-brothers-waste-recycling-1000002828605-listing.html
Signal Waste & Recycling,(08) 8162 5544,,http://www.signalwaste.com.au,12091283153,https://www.yellowpages.com.au/sup/signal-waste-recycling-14892848-listing.html
Aussie Waste Recycling,0417 682 424,"31 Goodhugh St, East Maitland NSW 2323",http://betterwipers.com.au/about-us,35150832447,https://www.yellowpages.com.au/nsw/east-maitland/aussie-waste-recycling-1000002343391-listing.html
Trevor Hatch Waste & Recycling,(08) 8449 4259,Largs Bay SA 5016,,21988043978,https://www.yellowpages.com.au/sa/largs-bay/trevor-hatch-waste-recycling-14965767-listing.html
Carey's Waste & Recycling,0400 666 180,Somerville VIC 3912,,71846110344,https://www.yellowpages.com.au/vic/somerville/careys-waste-recycling-11981172-listing.html
Western Region Waste & Recycling Centre,0488 795 580,"8 Rowsley Station Rd, Maddingley VIC 3340",,85860162724,https://www.yellowpages.com.au/vic/maddingley/western-region-waste-recycling-centre-1000002372892-listing.html
Canberra Commercial Waste & Recycling Pty Ltd,(02) 6284 3444,"21 Wycombe St, Queanbeyan NSW 2620",,13141955580,https://www.yellowpages.com.au/nsw/queanbeyan/canberra-commercial-waste-recycling-pty-ltd-13165101-listing.html
Waste Converters Recycling Pty Ltd,(03) 9799 1935,"185 Westernport Hwy, Dandenong South VIC 3175",http://www.wasteconverters.com.au,58097356879,https://www.yellowpages.com.au/vic/dandenong-south/waste-converters-recycling-pty-ltd-14917020-listing.html
DB Waste and Recycling,0469 359 087,Truganina VIC 3029,https://www.dbwaste.com.au,95686969406,https://www.yellowpages.com.au/vic/truganina/db-waste-and-recycling-1000002988522-listing.html
A Charltons Waste Paper Recycling,(02) 9668 9370,Kurnell NSW 2231,,52363110612,https://www.yellowpages.com.au/nsw/kurnell/a-charltons-waste-paper-recycling-12495687-listing.html
Albino Skips Recycling & Waste,0419 541 542,Ulladulla NSW 2539,,75618455450,https://www.yellowpages.com.au/nsw/ulladulla/albino-skips-recycling-waste-12339276-listing.html
Ezy Waste n Recycle,1300 305 776,"59-61 South St, South Kempsey NSW 2440",https://www.ezygroupservices.com.au,91101047625,https://www.yellowpages.com.au/nsw/south-kempsey/ezy-waste-n-recycle-15354657-listing.html
Waste Converters Timber Recycling,(03) 9799 1935,"Cnr Westernport Hwy and Bayliss Rd, Dandenong South VIC 3175",,50862683811,https://www.yellowpages.com.au/vic/dandenong-south/waste-converters-timber-recycling-12566726-listing.html
A Charlton's Waste Paper Recycling,(02) 9668 8337,"103 Tasman St, Kurnell NSW 2231",,52363110612,https://www.yellowpages.com.au/nsw/kurnell/a-charltons-waste-paper-recycling-14998711-listing.html
AusWaste Recycling Pty Ltd,1300 288 802,"Suite 202, Sunnybank Times Square, 250 McCullough St, Sunnybank QLD 4109",http://www.auswaste.com.au,18102521460,https://www.yellowpages.com.au/qld/sunnybank/auswaste-recycling-pty-ltd-14735839-listing.html
Workhorse Waste & Recycle P/L,(02) 9834 3188,,,64117967281,https://www.yellowpages.com.au/sup/workhorse-waste-recycle-p-l-14391717-listing.html
Smart Parts,(03) 5334 1806,,http://www.smartparts.com.au,26122909282,https://www.yellowpages.com.au/sup/smart-parts-13431555-listing.html
All Tuggerah City Auto Dismantlers,(02) 4353 7671,,https://www.carwreckersnsw.com.au,35135640087,https://www.yellowpages.com.au/nsw/sydney/all-tuggerah-city-auto-dismantlers-1000000778850-listing.html
All Four X 4 Spares,(02) 4952 2320,"6 McDougall St, Kotara NSW 2289",http://www.allfourx4.com.au,87791670532,https://www.yellowpages.com.au/nsw/kotara/all-four-x-4-spares-12881450-listing.html
Wanneroo 4 x 4 Dismantlers,(08) 9309 2444,,http://www.wanneroo4x4wreckers.com.au,58076375374,https://www.yellowpages.com.au/wa/midland/wanneroo-4-x-4-dismantlers-1000002988007-listing.html
Murwillumbah Motor Wreckers,(02) 6672 2869,,https://murwillumbahwreckers.com.au,84844061048,https://www.yellowpages.com.au/nsw/tweed-heads-south/murwillumbah-motor-wreckers-15452080-listing.html
Central Hills Auto Wreckers,(08) 8391 0461,"6 Griffiths Ct, Littlehampton SA 5250",https://www.centralhillsauto.com.au,70890188331,https://www.yellowpages.com.au/sa/littlehampton/central-hills-auto-wreckers-15023826-listing.html
Warragul Motor Wreckers,(03) 5623 5855,"Lot 6 Spring St, Warragul VIC 3820",http://gippsland.com/web/wglmotorwreckers,87005311277,https://www.yellowpages.com.au/vic/warragul/warragul-motor-wreckers-13526778-listing.html
G M S Spares,(02) 9773 8384,"26 Mavis St, Revesby NSW 2212",https://www.gmsspares.com.au,67093339676,https://www.yellowpages.com.au/nsw/revesby/g-m-s-spares-12172496-listing.html
Machinery Drive Wreckers,(07) 5524 4222,"20 Pacific Hwy, Burleigh Heads QLD 4220",https://machinerydrive.com.au,90088223944,https://www.yellowpages.com.au/qld/burleigh-heads/machinery-drive-wreckers-1000000736427-listing.html
Great Western Auto Wreckers,,,,99471168408,https://www.yellowpages.com.au/nsw/orange/great-western-auto-wreckers-15443526-listing.html
Warwick Wrecking Co,(07) 4661 4555,"121 McEvoy Street, Warwick QLD 4370",,74556679094,https://www.yellowpages.com.au/qld/warwick/warwick-wrecking-co-12326398-listing.html
Bunbury Auto Wreckers,(08) 9725 4105,"Lot 24 Halifax Dr, Bunbury WA 6230",,54250711845,https://www.yellowpages.com.au/wa/bunbury/bunbury-auto-wreckers-14073082-listing.html
Logan City Park Ridge Wreckers,(07) 3805 5999,"46 Railway Parade, Loganlea QLD 4131",http://logancityparkridgewrecking.com.au,99098865662,https://www.yellowpages.com.au/qld/loganlea/logan-city-park-ridge-wreckers-15057176-listing.html
Blacktown Wreckers,0421 983 298,"14 Harvey Rd, Kings Park NSW 2148",,12267116009,https://www.yellowpages.com.au/nsw/kings-park/blacktown-wreckers-11971524-listing.html
Dry Creek Auto Wreckers,(08) 8260 3088,"310 Cormack Rd, Wingfield SA 5013",https://www.drycreekwreckers.com.au,89050773816,https://www.yellowpages.com.au/sa/wingfield/dry-creek-auto-wreckers-14893036-listing.html
Grant Walker Parts,(03) 9762 7233,"56 Holloway Dr, Bayswater VIC 3153",http://www.grantwalker.com.au,92225422865,https://www.yellowpages.com.au/vic/bayswater/grant-walker-parts-12442255-listing.html
Corio Auto Parts,(03) 5278 8588,"264 Thompson Rd, North Geelong VIC 3215",http://www.corioautoparts.com.au,22825073419,https://www.yellowpages.com.au/vic/north-geelong/corio-auto-parts-12221783-listing.html
Penrith Auto Parts Plus,(02) 4721 0006,"32-34 Cox Ave, Kingswood NSW 2747",http://www.penrithautoparts.com.au,78133975363,https://www.yellowpages.com.au/nsw/kingswood/penrith-auto-parts-plus-13215822-listing.html
City Dismantlers,(08) 8262 3588,Gepps Cross SA 5094,http://www.citydismantlers.com.au,52063563502,https://www.yellowpages.com.au/sa/gepps-cross/city-dismantlers-12163854-listing.html
Niss4x4 Autospares,(03) 9856 9206,"41 Buchanan Rd (Cnr Grieve Pde), Brooklyn VIC 3012",http://www.niss4x4.com.au,33256627127,https://www.yellowpages.com.au/vic/brooklyn/niss4x4-autospares-14551469-listing.html
Central Motor Wreckers - Ballarat VIC,(03) 5332 1721,"836 Humffray St, Mt Pleasant VIC 3350",http://www.centralmotorwreckers.com.au,18005515935,https://www.yellowpages.com.au/vic/mt-pleasant/central-motor-wreckers-ballarat-vic-12776981-listing.html
NQ Crash & 4WD Spares,(07) 4030 8400,Cairns QLD 4870,http://www.nqcrash.com.au,87096982731,https://www.yellowpages.com.au/qld/cairns/nq-crash-4wd-spares-14004274-listing.html
Jeeepart Recyclers,(07) 4128 9422,"2-20 Beck Rd, Urangan QLD 4655",http://www.j-p-r.com,56071591430,https://www.yellowpages.com.au/qld/urangan/jeeepart-recyclers-12487394-listing.html
Nisswreck,(08) 8347 0111,"59 South Tce, Wingfield SA 5013",http://www.nisswreck.com.au,35078042618,https://www.yellowpages.com.au/sa/wingfield/nisswreck-11843711-listing.html
Alljap Auto Parts,(07) 3865 2221,"241B Toombul Rd, Northgate QLD 4013",http://www.alljap.net,25134178813,https://www.yellowpages.com.au/qld/northgate/alljap-auto-parts-11959762-listing.html
Twin City Auto Dismantlers,(02) 6041 2550,"711 Drome St, East Albury NSW 2640",http://www.twincityautodismantlers.com.au,38763537429,https://www.yellowpages.com.au/nsw/east-albury/twin-city-auto-dismantlers-14252042-listing.html
Perth 4WD Centre,(08) 9470 1755,"87 Kew St, Welshpool WA 6106",http://www.perth4wd.com.au,67596412733,https://www.yellowpages.com.au/wa/welshpool/perth-4wd-centre-15058091-listing.html
West Coast Dismantlers,(08) 8682 3590,"52 Proper Bay Rd, Port Lincoln SA 5606",https://www.facebook.com/wcd0052,90116242297,https://www.yellowpages.com.au/sa/port-lincoln/west-coast-dismantlers-11919779-listing.html
Honbits,,,,67164440591,https://www.yellowpages.com.au/wa/rockingham/honbits-14636224-listing.html
World Wide Prestige Spares,(03) 9357 5313,"34 Killara Rd, Campbellfield VIC 3061",http://worldwidespares.com.au,54674671348,https://www.yellowpages.com.au/vic/campbellfield/world-wide-prestige-spares-1000002264891-listing.html
Fairford Spares,(02) 9709 4777,"109 Gow St, Padstow NSW 2211",http://www.fairfordspares.com,64103855876,https://www.yellowpages.com.au/nsw/padstow/fairford-spares-13775094-listing.html
JMG Auto Parts,(02) 8764 0080,"39 Larra St, Yennora NSW 2161",https://jmgautos.com.au,37636872190,https://www.yellowpages.com.au/nsw/yennora/jmg-auto-parts-1000002931969-listing.html
Dandenong Car Wreckers,(03) 9792 9321,"95 South Gippsland Hwy, Dandenong South VIC 3175",http://www.dandenongcarwreckers.com.au,86703037891,https://www.yellowpages.com.au/vic/dandenong-south/dandenong-car-wreckers-12371420-listing.html
Sandgate Wreckers,(07) 3269 0999,"95 Kempster St, Sandgate QLD 4017",http://www.sandgatewreckers.com.au,31072993811,https://www.yellowpages.com.au/qld/sandgate/sandgate-wreckers-12932666-listing.html
Lithgow Auto Wreckers & Repairers,(02) 6351 2367,"60 Bells Rd, Lithgow NSW 2790",https://lithgowwreckers.business.site,63681035030,https://www.yellowpages.com.au/nsw/lithgow/lithgow-auto-wreckers-repairers-1000002794105-listing.html
Gawler Motor Wrecking,(08) 8522 5677,"3 Prescott Crst, Gawler Belt SA 5118",http://www.gawlerwrecking.com.au,28517226310,https://www.yellowpages.com.au/sa/gawler-belt/gawler-motor-wrecking-11928252-listing.html
Telford Motors,(03) 9587 3418,,http://www.fordtransitspares.com.au,68192109088,https://www.yellowpages.com.au/sup/telford-motors-12526607-listing.html
Wagga Car Wreckers,(02) 6921 3371,Wagga Wagga NSW 2650,,84352828124,https://www.yellowpages.com.au/nsw/wagga-wagga/wagga-car-wreckers-14159740-listing.html
Commercial Wreckers R Us,(02) 9708 1322,Greenacre NSW 2190,,57759776550,https://www.yellowpages.com.au/nsw/greenacre/commercial-wreckers-r-us-14767866-listing.html
A.A. Auto Dismantling Ford,(02) 9707 1799,"43 Rosedale Ave, Greenacre NSW 2190",http://www.aaautodismantlingford.com.au,92002975788,https://www.yellowpages.com.au/nsw/greenacre/aa-auto-dismantling-ford-12260734-listing.html
National Auto Dismantlers Pty Ltd,(02) 9725 3072,"761 The Horsley Dr, Smithfield NSW 2164",http://www.nationaldismantlers.com.au,30166618542,https://www.yellowpages.com.au/nsw/smithfield/national-auto-dismantlers-pty-ltd-15505733-listing.html
Top Spot Auto Dismantlers,1300 720 101,"12B Wireless Rd East, Mt Gambier SA 5290",http://www.topspotauto.com.au,67947781634,https://www.yellowpages.com.au/sa/mt-gambier/top-spot-auto-dismantlers-11855264-listing.html
Wunghnu Auto Wreckers,(03) 5862 2220,"35 Welch St, Wunghnu VIC 3635",http://www.oneuwreckers.com.au,56903622889,https://www.yellowpages.com.au/vic/wunghnu/wunghnu-auto-wreckers-14044218-listing.html
Castlemaine Car Parts,(03) 5472 4244,"14 Langslow St, Castlemaine VIC 3450",,66172096889,https://www.yellowpages.com.au/vic/castlemaine/castlemaine-car-parts-15540759-listing.html
A.P. Panel Warehouse,(08) 8359 6875,"Unit 25 11-31 Port Wakefield Rd, Gepps Cross SA 5094",,15674868403,https://www.yellowpages.com.au/sa/gepps-cross/ap-panel-warehouse-14709910-listing.html
Athol Park Ford Wreckers,(08) 8341 1122,"242 Grand Junction Rd West, Athol Park SA 5012",http://www.fordwreckers.com,23144920150,https://www.yellowpages.com.au/sa/athol-park/athol-park-ford-wreckers-11848283-listing.html
Just Nissmaz,(08) 8359 1444,"152 South Tce, Wingfield SA 5013",http://www.nissmaz.com.au,86100130229,https://www.yellowpages.com.au/sa/wingfield/just-nissmaz-13099894-listing.html
All Week Wrecking,(03) 9793 1033,"10 Maxwell St, Dandenong South VIC 3175",,98937416824,https://www.yellowpages.com.au/vic/dandenong-south/all-week-wrecking-14553996-listing.html
Gold Coast Car Parts,(07) 5597 0400,"14 Kamholtz Ct, Molendinar QLD 4214",,27672329074,https://www.yellowpages.com.au/qld/molendinar/gold-coast-car-parts-11889233-listing.html
Ballarat Scrap Metal & Recyclers,(03) 5332 0513,"8-18 Kossuth St, Sebastopol VIC 3356",http://www.ballaratscrapmetals.com.au,20639772821,https://www.yellowpages.com.au/vic/sebastopol/ballarat-scrap-metal-recyclers-14973218-listing.html?isTopOfList=true&premiumProductId=400009623217
Busby's Recycling,(07) 4632 1003,"377 Taylor St, Wilsonton QLD 4350",http://scrapmetaltoowoomba.com.au,44913103567,https://www.yellowpages.com.au/qld/wilsonton/busbys-recycling-12734393-listing.html
ADL Metals Pty Ltd,(02) 9861 0183,"47 Egerton Silverwater 2128, Silverwater NSW 2128",http://www.adlmetals.com.au,71089092811,https://www.yellowpages.com.au/nsw/silverwater/adl-metals-pty-ltd-12003415-listing.html
Lucky's Scrap Metals,(02) 4958 1271,"21 Racecourse Rd, Teralba NSW 2284",http://www.luckysscrapmetal.com.au,52098115747,https://www.yellowpages.com.au/nsw/teralba/luckys-scrap-metals-14111495-listing.html
Wagga Scrap Metals,(02) 6931 2102,"163-165 Fernleigh Rd, Wagga Wagga NSW 2650",https://www.waggascrapmetals.com.au,38152780900,https://www.yellowpages.com.au/nsw/wagga-wagga/wagga-scrap-metals-12155798-listing.html
Bayswater Metal Recycling,0468 393 968,"58 Malvern St, Bayswater VIC 3153",http://www.bmetalrecycling.com.au,98681388492,https://www.yellowpages.com.au/vic/bayswater/bayswater-metal-recycling-1000002975306-listing.html
Hampshire Recycling,(08) 8264 3139,"24 Pleasant Gr, Holden Hill SA 5088",http://www.hampshirerecycling.com.au,61051872434,https://www.yellowpages.com.au/sa/holden-hill/hampshire-recycling-14189663-listing.html
Daws Road Recycling Centre,(08) 8277 5588,"76 Daws Rd, Edwardstown SA 5039",http://www.recyclingsa.com.au,86599497827,https://www.yellowpages.com.au/sa/edwardstown/daws-road-recycling-centre-14607465-listing.html
Australian Recycling Group,(08) 9452 8822,"12 Church Rd, Maddington WA 6109",,37116318793,https://www.yellowpages.com.au/wa/maddington/australian-recycling-group-12795445-listing.html
Double B Metals Pty Ltd,(03) 5480 9143,"Lot 1 Hillside Rd, Moama NSW 2731",http://www.scrapmetalbuyers.com.au,66263574915,https://www.yellowpages.com.au/nsw/moama/double-b-metals-pty-ltd-12440602-listing.html
Orana Wool,(02) 6882 5666,"21L Gilgandra Rd, Dubbo NSW 2830",https://www.facebook.com/oranawoolscrapmetal,11876482100,https://www.yellowpages.com.au/nsw/dubbo/orana-wool-11943986-listing.html
Millers Metal Recycling,,,,34297711644,https://www.yellowpages.com.au/nsw/tamworth/millers-metal-recycling-13962517-listing.html
North Western Metal Recyclers,(08) 8645 1251,"6 Oborn St, Whyalla Norrie SA 5608",http://northwesternmetalrecyclers.com.au,65638711205,https://www.yellowpages.com.au/sa/whyalla-norrie/north-western-metal-recyclers-15413459-listing.html
Enviro Scrap Metal Recyclists,(08) 8532 2477,"154-164 Thomas St, Murray Bridge SA 5253",http://www.enviroscrapmetal.com.au,61934911706,https://www.yellowpages.com.au/sa/murray-bridge/enviro-scrap-metal-recyclists-12385933-listing.html
Geraldton Scrap Metal,0429 800 049,"36 Boyd St, Webberton WA 6530",http://www.geraldtonscrapmetal.com.au,80217452827,https://www.yellowpages.com.au/wa/webberton/geraldton-scrap-metal-14755786-listing.html
Flint's Rural Supplies,0407 766 703s only,"22/24 Martin St, Coolah NSW 2843",https://www.flintsrural.com.au,36503042851,https://www.yellowpages.com.au/nsw/coolah/flints-rural-supplies-14391968-listing.html
Rockhampton Metal Recyclers,0407 139 392,"256 Lion Creek Rd, West Rockhampton QLD 4700",http://www.rockhamptonmetalrecyclers.com.au,93100710610,https://www.yellowpages.com.au/qld/west-rockhampton/rockhampton-metal-recyclers-1000000746708-listing.html
Ipswich Metal Recycling,0426 220 912,"Shed 9/ 1 Turley St, Ipswich QLD 4305",https://www.facebook.com/ipswichmetalrecycling,24239730541,https://www.yellowpages.com.au/qld/ipswich/ipswich-metal-recycling-1000001712213-listing.html
Eccles Scrap Metal,(03) 5562 3227,"6 Watson St, Warrnambool VIC 3280",,75108743844,https://www.yellowpages.com.au/vic/warrnambool/eccles-scrap-metal-15557565-listing.html
West Coast Metals Recycling PTY LTD,(08) 9248 2207,"22 Crocker Dr, Malaga WA 6090",https://www.westcoastmetals.com.au,93614821395,https://www.yellowpages.com.au/wa/malaga/west-coast-metals-recycling-pty-ltd-13052857-listing.html
Metal Men Recycling - 18 Drovers Place Pakenham,(03) 5941 6677,"18 Drovers Pl, Pakenham VIC 3810",http://www.metalmenrecycling.com.au,46736812039,https://www.yellowpages.com.au/vic/pakenham/metal-men-recycling-18-drovers-place-pakenham-15058242-listing.html
Future Metals Recycling,1300 172 727,"194 - 204 Ordish Rd, Dandenong South VIC 3175",http://www.futuremetals.com.au,83129407790,https://www.yellowpages.com.au/vic/dandenong-south/future-metals-recycling-14336775-listing.html
Matthews Metal Management,,,,90113352720,https://www.yellowpages.com.au/nsw/metford/matthews-metal-management-15512348-listing.html
Haggarty Group QLD Pty Ltd,(07) 3281 8144,"347- 349 Brisbane St, West Ipswich QLD 4305",http://www.haggarty.com.au/services.php?pag_id=15,62142220184,https://www.yellowpages.com.au/qld/west-ipswich/haggarty-group-qld-pty-ltd-12937892-listing.html
Fox Contractors,0408 813 542,Murray Bridge SA 5253,https://www.foxcontractors.com.au,89907357354,https://www.yellowpages.com.au/sa/murray-bridge/fox-contractors-15388850-listing.html
Normetals Pty Ltd,(08) 8240 0066,"255 Grand Junction Rd, Ottoway SA 5013",http://normetals.com.au,57008035130,https://www.yellowpages.com.au/sa/ottoway/normetals-pty-ltd-11931112-listing.html
Complete Metal & Waste Industries,(02) 9531 8961,"38 York Rd, Ingleburn NSW 2565",http://completemetal.com.au,31081814397,https://www.yellowpages.com.au/nsw/ingleburn/complete-metal-waste-industries-14065119-listing.html
Pittsworth Metals,0408 467 972,"37 Grevillea St, Pittsworth QLD 4356",,32163866171,https://www.yellowpages.com.au/qld/pittsworth/pittsworth-metals-15105747-listing.html
Amit Metals Pty. Ltd,0423 335 376,"33 Green St, Doveton VIC 3177",https://www.amitmetals.com.au,58124577653,https://www.yellowpages.com.au/vic/doveton/amit-metals-pty-ltd-15507943-listing.html
Norstar Steel Recyclers,0409 183 803,"191-205 Dohertys Rd, Laverton North VIC 3026",http://www.norstar.com.au,55353881285,https://www.yellowpages.com.au/vic/laverton-north/norstar-steel-recyclers-1000001680129-listing.html
Kidd Metals Pty Ltd,0418 325 736,"5-7 Kinder St, Campbellfield VIC 3061",https://www.kiddmetals.com,14168210919,https://www.yellowpages.com.au/vic/campbellfield/kidd-metals-pty-ltd-15363743-listing.html
Sovereign Metals & Recycling Pty Ltd,(07) 3889 8571,"17 Duntroon St, Brendale QLD 4500",https://www.sovereignmetals.net,98109618742,https://www.yellowpages.com.au/qld/brendale/sovereign-metals-recycling-pty-ltd-14105216-listing.html
Transformer Metals,(03) 5278 4869,"116 Victoria St, North Geelong VIC 3215",http://www.northshorescrapmetalrecycling.com.au,90880625663,https://www.yellowpages.com.au/vic/north-geelong/transformer-metals-1000001977204-listing.html
SEQ Recycling Services,0418 741 109,Caloundra QLD 4551,http://seqrecyclingservices.com.au,20825136153,https://www.yellowpages.com.au/qld/caloundra/seq-recycling-services-13527695-listing.html
Cape Divine Pty Ltd,(08) 8598 0375,,https://www.capedivine.com.au,73081163535,https://www.yellowpages.com.au/sup/cape-divine-pty-ltd-12121459-listing.html
Collin's Recycling Depot,(08) 9457 3973,"16 Kembla Way, Willetton WA 6155",http://www.collinsrecycling.com.au,44610413959,https://www.yellowpages.com.au/wa/willetton/collins-recycling-depot-12773709-listing.html
ACT Car Recyclers,(02) 6296 6867,Kambah ACT 2902,http://www.actcarrecyclers.com.au,72064982382,https://www.yellowpages.com.au/act/kambah/act-car-recyclers-14380187-listing.html
Brisbane Scrap Recyclers,(07) 3208 5166,"51 Rowland St, Slacks Creek QLD 4127",http://www.brisbanemetalmarket.com.au,72905772194,https://www.yellowpages.com.au/qld/slacks-creek/brisbane-scrap-recyclers-13909801-listing.html
Associated Scrap Metals Pty Ltd,(02) 9905 2240,"6 Winbourne Rd, Brookvale NSW 2100",http://www.associatedscrapmetals.com.au,59068048573,https://www.yellowpages.com.au/nsw/brookvale/associated-scrap-metals-pty-ltd-14718023-listing.html
Ezy Waste n Recycle,1300 305 776,"59-61 South St, South Kempsey NSW 2440",https://www.ezygroupservices.com.au,91101047625,https://www.yellowpages.com.au/nsw/south-kempsey/ezy-waste-n-recycle-1000002917507-listing.html
ATZ Scrap Metal,(03) 9961 4760,"24 Stephenson Rd, Seaford VIC 3198",https://www.facebook.com/pages/category/Waste-Management-Company/ATZ-auto-wrecker-and-Scrap-metal-113490790388117,74641339031,https://www.yellowpages.com.au/vic/seaford/atz-scrap-metal-1000002930411-listing.html
Smallmon Brothers Waste & Recycling,(02) 6925 7008,"32 Bomen Rd, Bomen NSW 2650",https://www.smallmonbrotherswaste.com.au,91160179715,https://www.yellowpages.com.au/nsw/bomen/smallmon-brothers-waste-recycling-1000002828343-listing.html
Trashaway,(03) 6245 0450,"6 Mcintyre St, Mornington TAS 7018",https://www.trashaway.net.au,47161610124,https://www.yellowpages.com.au/tas/mornington/trashaway-1000002262058-listing.html
Toowoomba Paper Recyclers,0459 274 733,"15 Thackeray St, Toowoomba QLD 4350",https://www.toowoombapaperrecyclers.com.au,24293742842,https://www.yellowpages.com.au/qld/toowoomba/toowoomba-paper-recyclers-14770903-listing.html
Waste Converters Recycling Pty Ltd,(03) 9799 1935,"185 Westernport Hwy, Dandenong South VIC 3175",http://www.wasteconverters.com.au,50862683811,https://www.yellowpages.com.au/vic/dandenong-south/waste-converters-recycling-pty-ltd-14917020-listing.html
Glass Recovery Services,(03) 9309 8244,"82-88 Maffra St, Coolaroo VIC 3048",http://www.glassrecovery.com.au,13130869920,https://www.yellowpages.com.au/vic/coolaroo/glass-recovery-services-14684788-listing.html
Australian Paper Recycling,1300 363 033,,http://www.shred-x.com.au,62000017372,https://www.yellowpages.com.au/sup/australian-paper-recycling-12196590-listing.html
Beutel Oughtred Sons Pty Ltd,(07) 4638 4438,"38-72 Griffiths St, Harlaxton QLD 4350",,86113614396,https://www.yellowpages.com.au/qld/harlaxton/beutel-oughtred-sons-pty-ltd-13005983-listing.html
Hagen Oil,(03) 6334 4664,"26 Murphy St, Invermay TAS 7248",,71076085884,https://www.yellowpages.com.au/tas/invermay/hagen-oil-14331598-listing.html
Wide Bay Capricorn Battery Recyclers,(07) 4151 4600,Bundaberg North QLD 4670,http://www.wbcbatteryrecyclers.com.au,35089349057,https://www.yellowpages.com.au/qld/bundaberg-north/wide-bay-capricorn-battery-recyclers-14567837-listing.html
Ecodynamics Group,1300 782 266,Keilor East VIC 3033,https://www.ecodynamics.com.au,16608635490,https://www.yellowpages.com.au/vic/keilor-east/ecodynamics-group-14637352-listing.html
KS Environmental,(03) 9551 7833,"544 Boundary Rd, Dingley VIC 3172",http://www.ksenvironmental.com.au,96004687709,https://www.yellowpages.com.au/vic/dingley/ks-environmental-13624992-listing.html
Scanline,(02) 9627 6600,"55 Princes St, Riverstone NSW 2765",https://scanlineoil.com.au/used-cooking-oil-collection-service,96137319987,https://www.yellowpages.com.au/nsw/riverstone/scanline-12059276-listing.html
Burke Industries Pty Ltd,(07) 4613 4222,"60 Condamine St, Toowoomba QLD 4350",https://www.burkeindustries.net,55010719525,https://www.yellowpages.com.au/qld/toowoomba/burke-industries-pty-ltd-15477629-listing.html
Wren Oil,(08) 9726 0659,"157 Harris Rd, Picton WA 6229",http://www.wrenoil.com.au,91275071859,https://www.yellowpages.com.au/wa/picton/wren-oil-13939079-listing.html
Smallmon Brothers Waste,0419 983 630s only,Wagga Wagga NSW 2650,https://www.smallmonbrotherswaste.com.au,91160179715,https://www.yellowpages.com.au/nsw/wagga-wagga/smallmon-brothers-waste-15582741-listing.html
Greenaway Bins Pty Ltd,1300 033 606,"PO Box 279, Epsom VIC 3551",http://greenawaybins.com.au,77134664663,https://www.yellowpages.com.au/vic/epsom/greenaway-bins-pty-ltd-13747541-listing.html
E Cycle Recovery Pty Ltd,(08) 8262 4074,"12- 14 Baulderstone Rd, Gepps Cross SA 5094",,75117560246,https://www.yellowpages.com.au/sa/gepps-cross/e-cycle-recovery-pty-ltd-12339717-listing.html
Yorke's Recycling,(08) 8854 5041,"7 Fourth St, Warooka SA 5577",,94464682278,https://www.yellowpages.com.au/sa/warooka/yorkes-recycling-15056394-listing.html
A Charltons Waste Paper Recycling,(02) 9668 9370,Kurnell NSW 2231,,52363110612,https://www.yellowpages.com.au/nsw/kurnell/a-charltons-waste-paper-recycling-12495687-listing.html
Karratha Environmental Crushing,0420 588 518,Karratha WA 6714,,32140078431,https://www.yellowpages.com.au/wa/karratha/karratha-environmental-crushing-15035948-listing.html
Aussie Waste Recycling,0417 682 424,"31 Goodhugh St, East Maitland NSW 2323",http://betterwipers.com.au/about-us,35150832447,https://www.yellowpages.com.au/nsw/east-maitland/aussie-waste-recycling-1000002343391-listing.html
Tambo Waste,1300 131 807,"58 Whiters St, Lakes Entrance VIC 3909",,70005461003,https://www.yellowpages.com.au/vic/lakes-entrance/tambo-waste-15262843-listing.html
Naish Waste,(03) 5721 4714,"Depot 6 Barry Ct, Wangaratta VIC 3677",,48004518576,https://www.yellowpages.com.au/vic/wangaratta/naish-waste-12158645-listing.html
Central Queensland Container Refund,(07) 4926 1333,"306 Alexandra St, Kawana QLD 4701",https://cqcr.au,95636812041,https://www.yellowpages.com.au/qld/kawana/central-queensland-container-refund-1000002853648-listing.html
Acacia Park Enterprises,(02) 6774 8977,"13 Myrtle Dr, Armidale NSW 2350",https://ascentgroup.org.au,54059901512,https://www.yellowpages.com.au/nsw/armidale/acacia-park-enterprises-14053130-listing.html
North Shore Cement & Sand Pty Ltd,(02) 9948 3905,"20 Roseberry St, Balgowlah NSW 2093",https://www.northshorecementandsand.com.au,19000594310,https://www.yellowpages.com.au/nsw/balgowlah/north-shore-cement-sand-pty-ltd-13887563-listing.html
Agritract (NSW) Pty Ltd,0421 289 986,"PO Box 181, Camden NSW 2570",https://www.agritract.com.au,47128380932,https://www.yellowpages.com.au/nsw/camden/agritract-nsw-pty-ltd-1000002203992-listing.html
North Queensland Recycling Agents,(07) 2145 7225,"27 Federation St, Bungalow QLD 4870",http://www.nqrecycling.com.au,48463630514,https://www.yellowpages.com.au/qld/bungalow/north-queensland-recycling-agents-12170674-listing.html
Shoe-Steel Pty Ltd,(07) 4151 4214,"2 Scotland St, Bundaberg East QLD 4670",https://shoesteel.com.au,73010064294,https://www.yellowpages.com.au/qld/bundaberg-east/shoe-steel-pty-ltd-14322294-listing.html
Recycled Concrete Products,(02) 4340 0733,Gosford NSW 2250,http://www.recycledconcrete.com.au,28165043434,https://www.yellowpages.com.au/nsw/gosford/recycled-concrete-products-15321993-listing.html
Wally's Bottleyard & Recycling Centre,(08) 8532 1860,"12 Thelda St, Murray Bridge SA 5253",http://www.wallysbottleyard.com.au,83572351959,https://www.yellowpages.com.au/sa/murray-bridge/wallys-bottleyard-recycling-centre-14779304-listing.html
Busby's Recycling,(07) 4632 1003,"377 Taylor St, Wilsonton QLD 4350",http://scrapmetaltoowoomba.com.au,44913103567,https://www.yellowpages.com.au/qld/wilsonton/busbys-recycling-11938466-listing.html
Western Region Waste & Recycling Centre,0488 795 580,"8 Rowsley Station Rd, Maddingley VIC 3340",,85860162724,https://www.yellowpages.com.au/vic/maddingley/western-region-waste-recycling-centre-1000002372892-listing.html
Australian Document Shredding Service,1800 001 008,"Unit 5/ 33 Phillips Rd, Kogarah NSW 2217",https://ausshred.com.au,53110445906,https://www.yellowpages.com.au/nsw/kogarah/australian-document-shredding-service-1000001788405-listing.html
Secura Bags,1800 757 000,"Unit 5/ 33 Phillips Rd, Kogarah NSW 2217",http://www.securabags.com.au,53110445906,https://www.yellowpages.com.au/nsw/kogarah/secura-bags-1000001788408-listing.html
Barossa Liquid Waste Services Pty Ltd,0437 824 395s only,"491 Stockwell Rd, Light Pass SA 5355",http://www.barossaliquidwaste.websyte.com.au,42093097315,https://www.yellowpages.com.au/sa/light-pass/barossa-liquid-waste-services-pty-ltd-13768315-listing.html
Sapphire Waste Services,0438 924 408,"469 Princes Hwy, Bega NSW 2550",http://www.sapphirewaste.com.au,44621458768,https://www.yellowpages.com.au/nsw/bega/sapphire-waste-services-1000000751183-listing.html
Williams Liquid Waste Services,(02) 6355 5319,Portland NSW 2847,,41097078914,https://www.yellowpages.com.au/nsw/portland/williams-liquid-waste-services-14228296-listing.html
Integrated Waste Services,(08) 8348 5100,"1 Hines Rd Cnr Wingfield Rd, Wingfield SA 5013",http://www.iwsgroup.com.au,46300729552,https://www.yellowpages.com.au/sa/wingfield/integrated-waste-services-15390913-listing.html
T.C. Waste Services,(02) 4932 6231,,,34000526385,https://www.yellowpages.com.au/sup/tc-waste-services-14784315-listing.html
Perth Liquid Waste Services,0417 226 939,"54 Amazon Dr, Beechboro WA 6063",,24814913852,https://www.yellowpages.com.au/wa/beechboro/perth-liquid-waste-services-14699875-listing.html
Ipswich Waste Services,(07) 3810 8100,"37 South St, Ipswich QLD 4305",http://www.ipswich.qld.gov.au/about_council/ipswich_waste,61461981077,https://www.yellowpages.com.au/qld/ipswich/ipswich-waste-services-1000001960044-listing.html
Global Waste Services,(07) 3822 3832,,https://www.globalwasteservicesqld.com,74628313048,https://www.yellowpages.com.au/sup/global-waste-services-1000002225426-listing.html
Nielsen Liquid Waste Services Pty Ltd,0421 837 674,"901 Lambden Rd, Karratha Industrial Estate WA 6714",http://www.nlws1.com.au,63606238948,https://www.yellowpages.com.au/wa/karratha-industrial-estate/nielsen-liquid-waste-services-pty-ltd-1000002254742-listing.html
Grelie Waste Services,(02) 6662 2510,"3 Devon Ct, Casino NSW 2470",,60598953164,https://www.yellowpages.com.au/nsw/casino/grelie-waste-services-13627826-listing.html
Action Waste Services,0413 434 948,Keilor VIC 3036,http://www.rubbish-toorak.websyte.com.au,42486566382,https://www.yellowpages.com.au/vic/keilor/action-waste-services-13737179-listing.html
Applied Waste Services,0419 218 551,"23 Ginger St, Paget QLD 4740",http://www.appliedwaste.com.au,33137320391,https://www.yellowpages.com.au/qld/paget/applied-waste-services-15740417-listing.html
Macquarie Waste Services,0490 089 556,,,78921736338,https://www.yellowpages.com.au/sup/macquarie-waste-services-1000002264126-listing.html
Bi-Waste Services,(02) 4889 9775,"188 Wilson Dr, Hill Top NSW 2575",,90119890197,https://www.yellowpages.com.au/nsw/hill-top/bi-waste-services-12653514-listing.html
Connolly's Liquid Waste Services,(02) 6754 2065,"13 Megun St, Moree NSW 2400",https://www.facebook.com/ackland.earthmoving,99210649689,https://www.yellowpages.com.au/nsw/moree/connollys-liquid-waste-services-13071497-listing.html
Childers Waste & Domestic Water Services Pty Ltd t/a The Suck Truck & Rexy's Water,0417 626 822,,http://www.thesucktruck.com.au,95678160186,https://www.yellowpages.com.au/qld/bundaberg/childers-waste-domestic-water-services-pty-ltd-t-a-the-suck-truck-rexys-water-1000002200241-listing.html
Gleeson Waste Water Services,0408 061 050,Warwick QLD 4370,http://www.gleesonwastewaterservices.com,64036069568,https://www.yellowpages.com.au/qld/warwick/gleeson-waste-water-services-1000002079108-listing.html
Total Waste Water Services,(02) 4677 2706,Picton NSW 2571,http://totalwastewater.com,15775910708,https://www.yellowpages.com.au/nsw/picton/total-waste-water-services-13062384-listing.html
Cowra Waste Water Management Services,0434 946 947,Cowra NSW 2794,,39987008949,https://www.yellowpages.com.au/nsw/cowra/cowra-waste-water-management-services-1000002273011-listing.html
Capital City Waste Services Pty Ltd,(02) 9599 9999,"30 Seville St, Fairfield East NSW 2165",,86134659028,https://www.yellowpages.com.au/nsw/fairfield-east/capital-city-waste-services-pty-ltd-15223214-listing.html
Lachlan Waste Services,(02) 6895 2590,"76 Parkes Rd, Condobolin NSW 2877",,37282527737,https://www.yellowpages.com.au/nsw/condobolin/lachlan-waste-services-15259661-listing.html
Complete Metal & Waste Industries,(02) 9531 8961,"38 York Rd, Ingleburn NSW 2565",http://completemetal.com.au,31081814397,https://www.yellowpages.com.au/nsw/ingleburn/complete-metal-waste-industries-14065119-listing.html
WM Waste Management Services,(03) 9721 1900,"10 Macquarie Pl, Boronia VIC 3155",http://www.wmwaste.com.au,69897425789,https://www.yellowpages.com.au/vic/boronia/wm-waste-management-services-12897525-listing.html
Transpacific Cleanaway,13 1339,,http://www.transpacific.com.au,79000164938,https://www.yellowpages.com.au/sup/transpacific-cleanaway-15500578-listing.html
Garwood International,(02) 9756 3754,"3 Hexham Pl, Wetherill Park NSW 2164",http://www.garwoodinternational.com.au,90060740865,https://www.yellowpages.com.au/nsw/wetherill-park/garwood-international-13680076-listing.html
ACT Industrial Pty Ltd,(08) 9439 6888,"1 Yeates Rd, Kwinana Beach WA 6167",http://www.actindustrial.com.au,97123756909,https://www.yellowpages.com.au/wa/kwinana-beach/act-industrial-pty-ltd-13921032-listing.html
Tyre Storage & Recovery WA,(08) 9452 3277,"20 Kelvin Rd, Maddington WA 6109",https://www.westernmaze.com.au/contact-us,90008838506,https://www.yellowpages.com.au/wa/maddington/tyre-storage-recovery-wa-15744184-listing.html
Handybin Waste Services,(02) 6691 8700,,http://www.handybinwaste.com.au,74065744121,https://www.yellowpages.com.au/sup/handybin-waste-services-15263949-listing.html
Mil-tek Waste Solutions QLD Pty Ltd,(07) 3800 5574,"Unit 2 79 Eastern Rd, Browns Plains QLD 4118",http://www.miltek.com.au,11121735519,https://www.yellowpages.com.au/qld/browns-plains/mil-tek-waste-solutions-qld-pty-ltd-1000000762912-listing.html
Bincorp Equipment,(02) 9756 3616,"197 Hassall St, Wetherill Park NSW 2164",http://www.bincorpequip.com.au,19655048061,https://www.yellowpages.com.au/nsw/wetherill-park/bincorp-equipment-12944223-listing.html
Draffin E.P. Manufacturing,(03) 9720 1033,"9 Edelmaier St, Bayswater VIC 3153",http://www.draffin.com.au,23004377913,https://www.yellowpages.com.au/vic/bayswater/draffin-ep-manufacturing-12972992-listing.html
KingVac,(08) 9434 6644,Bibra Lake WA 6163,http://www.kingvac.com.au,57074732684,https://www.yellowpages.com.au/wa/bibra-lake/kingvac-13243030-listing.html
Jaspa Engineering Pty Ltd,(07) 3204 2845,"90 Kabi Cct, Deception Bay QLD 4508",http://www.jaspaengineering.com.au,62121994581,https://www.yellowpages.com.au/qld/deception-bay/jaspa-engineering-pty-ltd-14157251-listing.html
RMD Tankers & The Septic Man,(08) 6461 6331,,http://www.rmdtankers.com,18624480352,https://www.yellowpages.com.au/sup/rmd-tankers-the-septic-man-14711039-listing.html
Ask Equipment Sales (QLD),(07) 3807 6113,,http://www.askequipmentsalesqld.com.au,88680311871,https://www.yellowpages.com.au/sup/ask-equipment-sales-qld-14906116-listing.html
Great Southern Waste Disposal,(08) 9885 9112,"9 Graham Rd, Narrogin WA 6312",https://greatsouthernwastedisposal.com.au/contact-us,30058506341,https://www.yellowpages.com.au/wa/narrogin/great-southern-waste-disposal-1000002286463-listing.html
Rockhampton Region Councillors,0417 663 961,,http://www.rockhamptonregion.qld.gov.au/AboutCouncil/Councillors/CrNeilFisher,59923523766,https://www.yellowpages.com.au/sup/rockhampton-region-councillors-1000001823340-listing.html
Gcm Enviro Pty Ltd,(02) 9457 9399,"34 Beaumont Rd, Mt Kuring Gai NSW 2080",,12109538123,https://www.yellowpages.com.au/nsw/mt-kuring-gai/gcm-enviro-pty-ltd-11975823-listing.html
Bin Lifters Australia,(07) 3269 1514,"190 Queens Parade, Brighton QLD 4017",,24563790940,https://www.yellowpages.com.au/qld/brighton/bin-lifters-australia-12225147-listing.html
Goliath Waste Compaction,(03) 9553 1233,"28 Kilpa Rd, Moorabbin VIC 3189",,73000026326,https://www.yellowpages.com.au/vic/moorabbin/goliath-waste-compaction-12362814-listing.html
CK Bin Hire,0417 579 865,Altona VIC 3018,,41522708507,https://www.yellowpages.com.au/vic/altona/ck-bin-hire-12788624-listing.html
Bayside Carrying Service,(03) 9558 3355,"22- 28 Ross St, Heatherton VIC 3202",,57005232146,https://www.yellowpages.com.au/vic/heatherton/bayside-carrying-service-12816365-listing.html
SMALLMON BROTHERS WASTE,(02) 6925 7008,Bomen NSW 2650,https://www.smallmonbrotherswaste.com.au/commercialwastesolutions,91160179715,https://www.yellowpages.com.au/nsw/bomen/smallmon-brothers-waste-1000002827696-listing.html
Paradise Skips,(07) 5535 3932,Burleigh Waters QLD 4220,,60742417615,https://www.yellowpages.com.au/qld/burleigh-waters/paradise-skips-13346296-listing.html
Fairfield City Council,(02) 9725 0766,"120 Avoca Rd, Wakeley NSW 2176",,83140439239,https://www.yellowpages.com.au/nsw/wakeley/fairfield-city-council-13462739-listing.html
Wrightway Products,(02) 6622 7111,"24 James St, Dunoon NSW 2480",,33071810458,https://www.yellowpages.com.au/nsw/dunoon/wrightway-products-13649308-listing.html
MacDonald Johnston Pty Ltd,(03) 9271 6400,"65- 73 Nantilla Rd, Clayton North VIC 3168",,68004992090,https://www.yellowpages.com.au/vic/clayton-north/macdonald-johnston-pty-ltd-13796338-listing.html
Specialised Cleaning Eco Vehicles,(03) 8376 7960,"390-396 Dynon Rd, West Melbourne VIC 3003",,49156142497,https://www.yellowpages.com.au/vic/west-melbourne/specialised-cleaning-eco-vehicles-14631229-listing.html
Cobral Metals,(03) 9791 8356,"36-38 Bennet St, Dandenong VIC 3175",,87600776454,https://www.yellowpages.com.au/vic/dandenong/cobral-metals-14800947-listing.html
Waste Initiatives Pty Ltd,(02) 6570 3300,"48 Magpie St, Mcdougalls Hill NSW 2330",,70625909846,https://www.yellowpages.com.au/nsw/mcdougalls-hill/waste-initiatives-pty-ltd-14962837-listing.html
Enviromix Pty Ltd,(03) 9551 9337,"Lot 2/ Grange Rd, Dingley Village VIC 3172",,67154151523,https://www.yellowpages.com.au/vic/dingley-village/enviromix-pty-ltd-12704409-listing.html
Bruce Shumack Sales,(02) 6636 4357,"21 Dingo Gully Rd, Grevillia NSW 2474",,64570287157,https://www.yellowpages.com.au/nsw/grevillia/bruce-shumack-sales-15363026-listing.html
JACS Bins Pty Ltd,0419 668 867,"34 Piper St, Caboolture QLD 4510",,33666800862,https://www.yellowpages.com.au/qld/caboolture/jacs-bins-pty-ltd-1000002924777-listing.html
Go Green Waste,0439 273 803,"35 The Summit Rd, Port Macquarie NSW 2444",,59435586052,https://www.yellowpages.com.au/nsw/port-macquarie/go-green-waste-1000002935132-listing.html
Green Panda Demolition & Rubbish Removal,0424 412 300,St Ives NSW 2075,,34841712542,https://www.yellowpages.com.au/nsw/st-ives/green-panda-demolition-rubbish-removal-1000002962313-listing.html
Greensborough Waste,0428 327 433,South Morang VIC 3752,https://www.greensboroughwaste.com.au,70733696028,https://www.yellowpages.com.au/vic/south-morang/greensborough-waste-1000002227832-listing.html
Aussie Green Garden Sacks & Recyclers,(07) 3202 3757,"1 Greenham St, Raceview QLD 4305",,52522978286,https://www.yellowpages.com.au/qld/raceview/aussie-green-garden-sacks-recyclers-12526493-listing.html
Ezi Green Skip Bins,0428 893 721,Berrimah NT 0828,http://www.ezigreenskipbins.com.au,62614465682,https://www.yellowpages.com.au/nt/berrimah/ezi-green-skip-bins-14936548-listing.html
Cairns Green Bags,(07) 4045 1681,"PO Box 419, Edmonton QLD 4869",,72061281346,https://www.yellowpages.com.au/qld/edmonton/cairns-green-bags-13994476-listing.html
Green Skips,(08) 9331 8989,"17 Hadley Gdn, Kardinya WA 6163",,92296329439,https://www.yellowpages.com.au/wa/kardinya/green-skips-14277169-listing.html
Bonnie Bins Greenwaste,1300 093 067,,,81150678381,https://www.yellowpages.com.au/sup/bonnie-bins-greenwaste-14031183-listing.html
Bryan Greene & Sons Pty Ltd,(03) 9822 4393,"8 Graceburn Ave, Carnegie VIC 3163",,31387751187,https://www.yellowpages.com.au/vic/carnegie/bryan-greene-sons-pty-ltd-15580770-listing.html
Greenwheat Freekeh Pty Ltd,(08) 8221 5022,"Level 1 165 Grenfell St, Adelaide SA 5000",http://www.greenwheatfreekeh.com.au,30074224623,https://www.yellowpages.com.au/sa/adelaide/greenwheat-freekeh-pty-ltd-12801947-listing.html
Greentrees Gourmet Preserves,(02) 5316 7040,Molong NSW 2866,,89762400186,https://www.yellowpages.com.au/nsw/molong/greentrees-gourmet-preserves-1000002095270-listing.html
SEQ Recycling Services,0418 741 109,Caloundra QLD 4551,http://seqrecyclingservices.com.au,20825136153,https://www.yellowpages.com.au/qld/caloundra/seq-recycling-services-13527695-listing.html
Australian Petroleum Services Company (APSCO),(08) 8346 3777,"41 Audrey Ave, Blair Athol SA 5084",http://www.apsco.com.au,59008266000,https://www.yellowpages.com.au/sa/blair-athol/australian-petroleum-services-company-apsco-12515782-listing.html
Armidale Recycling Services,(02) 6772 2033,"108 Long Swamp Rd, Armidale NSW 2350",,18117279320,https://www.yellowpages.com.au/nsw/armidale/armidale-recycling-services-13340926-listing.html
Mowtivator Maintenance & Recycling Services The,0409 847 965,"Oratanga Rd, Modbury North SA 5092",,96267691178,https://www.yellowpages.com.au/sa/modbury-north/mowtivator-maintenance-recycling-services-the-14202246-listing.html
I-Shine Services Company,0451 815 005,Cannington WA 6107,,47802994265,https://www.yellowpages.com.au/wa/cannington/i-shine-services-company-1000002162848-listing.html
Exact Services Company,(07) 3481 2984,"25 Sheehan St, Kallangur QLD 4503",http://exactservicesco.com,88906518378,https://www.yellowpages.com.au/qld/kallangur/exact-services-company-1000000758525-listing.html
Local Media Services Company,0403 816 558,Cockburn Central WA 6164,,69118110571,https://www.yellowpages.com.au/wa/cockburn-central/local-media-services-company-15619760-listing.html
On Line The Pipe Services Company,1300 665 384,Girraween NSW 2145,,20472735878,https://www.yellowpages.com.au/nsw/girraween/on-line-the-pipe-services-company-15338617-listing.html
Affordable Dan Tree Service & Recycling,0414 638 360,Ermington NSW 2115,,68255314134,https://www.yellowpages.com.au/nsw/ermington/affordable-dan-tree-service-recycling-12520161-listing.html
Benedict Recycling Belrose,(02) 9986 3500,Belrose NSW 2085,https://www.benedict.com.au/locations/belrose-waste-management-recycling-centre,46001926503,https://www.yellowpages.com.au/nsw/belrose/benedict-recycling-belrose-1000002951830-listing.html
North Queensland Recycling Agents,(07) 2145 7225,"27 Federation St, Bungalow QLD 4870",http://www.nqrecycling.com.au,48463630514,https://www.yellowpages.com.au/qld/bungalow/north-queensland-recycling-agents-12170674-listing.html
Challenge Recycling,(02) 6766 9179,"123B Forest Rd, Tamworth NSW 2340",https://www.challengecommunity.org.au/business-services/recycling,17059209675,https://www.yellowpages.com.au/nsw/tamworth/challenge-recycling-12668896-listing.html
Smallmon Brothers Waste & Recycling,(02) 6925 7008,"32 Bomen Rd, Bomen NSW 2650",https://www.smallmonbrotherswaste.com.au,91160179715,https://www.yellowpages.com.au/nsw/bomen/smallmon-brothers-waste-recycling-1000002828343-listing.html
Busby's Recycling,(07) 4632 1003,"377 Taylor St, Wilsonton QLD 4350",http://scrapmetaltoowoomba.com.au,44913103567,https://www.yellowpages.com.au/qld/wilsonton/busbys-recycling-11938466-listing.html
Wally's Bottleyard & Recycling Centre,(08) 8532 1860,"12 Thelda St, Murray Bridge SA 5253",http://www.wallysbottleyard.com.au,83572351959,https://www.yellowpages.com.au/sa/murray-bridge/wallys-bottleyard-recycling-centre-14779304-listing.html
Allscrap Metal Recycling Centre,(02) 9727 2114,"1 Christina Rd, Villawood NSW 2163",https://www.megatrade.com.au,84105076113,https://www.yellowpages.com.au/nsw/villawood/allscrap-metal-recycling-centre-14731105-listing.html
Eastern Recycling,1300 889 582,"22 Palmerston Road West, Ringwood VIC 3134",http://www.easternrecycling.com.au,61018551950,https://www.yellowpages.com.au/vic/ringwood/eastern-recycling-12332454-listing.html
Waste Converters Recycling Pty Ltd,(03) 9799 1935,"185 Westernport Hwy, Dandenong South VIC 3175",http://www.wasteconverters.com.au,50862683811,https://www.yellowpages.com.au/vic/dandenong-south/waste-converters-recycling-pty-ltd-14917020-listing.html
Fast Skips Recycling Pty Ltd,1800 467 547,"PO Box 552, Moss Vale NSW 2577",http://www.fastskipsrecycling.com.au,14478582470,https://www.yellowpages.com.au/nsw/moss-vale/fast-skips-recycling-pty-ltd-1000002745582-listing.html
